image_name,split,class_id,class_name,bbox_xc,bbox_yc,bbox_w,bbox_h,source
0002.JPEG,val,0,dent,0.226744,0.936224,0.112403,0.117347,enhanced_detection
0002.JPEG,val,6,front_bumper,0.226744,0.936224,0.112403,0.117347,enhanced_detection
0002.JPEG,val,15,low,0.226744,0.936224,0.112403,0.117347,enhanced_detection
0002.JPEG,val,0,dent,0.069767,0.92602,0.131783,0.117347,enhanced_detection
0002.JPEG,val,6,front_bumper,0.069767,0.92602,0.131783,0.117347,enhanced_detection
0002.JPEG,val,15,low,0.069767,0.92602,0.131783,0.117347,enhanced_detection
0003.JPEG,val,2,crack,0.470199,0.667665,0.112583,0.125749,enhanced_detection
0003.JPEG,val,13,side_panel,0.470199,0.667665,0.112583,0.125749,enhanced_detection
0003.JPEG,val,15,low,0.470199,0.667665,0.112583,0.125749,enhanced_detection
0004.JPEG,val,0,dent,0.810345,0.943005,0.08046,0.103627,enhanced_detection
0004.JPEG,val,6,front_bumper,0.810345,0.943005,0.08046,0.103627,enhanced_detection
0004.JPEG,val,15,low,0.810345,0.943005,0.08046,0.103627,enhanced_detection
0004.JPEG,val,0,dent,0.691571,0.919689,0.141762,0.139896,enhanced_detection
0004.JPEG,val,6,front_bumper,0.691571,0.919689,0.141762,0.139896,enhanced_detection
0004.JPEG,val,15,low,0.691571,0.919689,0.141762,0.139896,enhanced_detection
0005.JPEG,val,0,dent,0.84556,0.835052,0.301158,0.319588,enhanced_detection
0005.JPEG,val,6,front_bumper,0.84556,0.835052,0.301158,0.319588,enhanced_detection
0005.JPEG,val,16,medium,0.84556,0.835052,0.301158,0.319588,enhanced_detection
0005.JPEG,val,2,crack,0.953668,0.613402,0.07722,0.103093,enhanced_detection
0005.JPEG,val,11,right_door,0.953668,0.613402,0.07722,0.103093,enhanced_detection
0005.JPEG,val,15,low,0.953668,0.613402,0.07722,0.103093,enhanced_detection
0006.JPEG,val,0,dent,0.167273,0.150273,0.334545,0.300546,enhanced_detection
0006.JPEG,val,12,roof,0.167273,0.150273,0.334545,0.300546,enhanced_detection
0006.JPEG,val,16,medium,0.167273,0.150273,0.334545,0.300546,enhanced_detection
0008.JPEG,val,2,crack,0.097778,0.52,0.195556,0.08,enhanced_detection
0008.JPEG,val,10,left_door,0.097778,0.52,0.195556,0.08,enhanced_detection
0008.JPEG,val,16,medium,0.097778,0.52,0.195556,0.08,enhanced_detection
0008.JPEG,val,4,paint_damage,0.717778,0.071111,0.555556,0.071111,enhanced_detection
0008.JPEG,val,7,rear_bumper,0.717778,0.071111,0.555556,0.071111,enhanced_detection
0008.JPEG,val,16,medium,0.717778,0.071111,0.555556,0.071111,enhanced_detection
0010.JPEG,val,2,crack,0.101818,0.789617,0.203636,0.409836,enhanced_detection
0010.JPEG,val,10,left_door,0.101818,0.789617,0.203636,0.409836,enhanced_detection
0010.JPEG,val,16,medium,0.101818,0.789617,0.203636,0.409836,enhanced_detection
0010.JPEG,val,2,crack,0.823636,0.827869,0.061818,0.092896,enhanced_detection
0010.JPEG,val,6,front_bumper,0.823636,0.827869,0.061818,0.092896,enhanced_detection
0010.JPEG,val,16,medium,0.823636,0.827869,0.061818,0.092896,enhanced_detection
0011.JPEG,val,0,dent,0.451389,0.057143,0.111111,0.114286,enhanced_detection
0011.JPEG,val,7,rear_bumper,0.451389,0.057143,0.111111,0.114286,enhanced_detection
0011.JPEG,val,15,low,0.451389,0.057143,0.111111,0.114286,enhanced_detection
0011.JPEG,val,2,crack,0.147569,0.162857,0.295139,0.12,enhanced_detection
0011.JPEG,val,7,rear_bumper,0.147569,0.162857,0.295139,0.12,enhanced_detection
0011.JPEG,val,16,medium,0.147569,0.162857,0.295139,0.12,enhanced_detection
0014.JPEG,val,0,dent,0.665414,0.111111,0.105263,0.222222,enhanced_detection
0014.JPEG,val,12,roof,0.665414,0.111111,0.105263,0.222222,enhanced_detection
0014.JPEG,val,16,medium,0.665414,0.111111,0.105263,0.222222,enhanced_detection
0015.JPEG,val,3,broken_part,0.15,0.896907,0.3,0.195876,enhanced_detection
0015.JPEG,val,6,front_bumper,0.15,0.896907,0.3,0.195876,enhanced_detection
0015.JPEG,val,16,medium,0.15,0.896907,0.3,0.195876,enhanced_detection
0015.JPEG,val,2,crack,0.165385,0.399485,0.107692,0.170103,enhanced_detection
0015.JPEG,val,10,left_door,0.165385,0.399485,0.107692,0.170103,enhanced_detection
0015.JPEG,val,16,medium,0.165385,0.399485,0.107692,0.170103,enhanced_detection
0015.JPEG,val,0,dent,0.203846,0.829897,0.107692,0.14433,enhanced_detection
0015.JPEG,val,6,front_bumper,0.203846,0.829897,0.107692,0.14433,enhanced_detection
0015.JPEG,val,15,low,0.203846,0.829897,0.107692,0.14433,enhanced_detection
0015.JPEG,val,2,crack,0.090385,0.811856,0.073077,0.07732,enhanced_detection
0015.JPEG,val,10,left_door,0.090385,0.811856,0.073077,0.07732,enhanced_detection
0015.JPEG,val,15,low,0.090385,0.811856,0.073077,0.07732,enhanced_detection
0015.JPEG,val,2,crack,0.046154,0.762887,0.061538,0.082474,enhanced_detection
0015.JPEG,val,10,left_door,0.046154,0.762887,0.061538,0.082474,enhanced_detection
0015.JPEG,val,15,low,0.046154,0.762887,0.061538,0.082474,enhanced_detection
0016.JPEG,val,0,dent,0.085455,0.942623,0.076364,0.103825,enhanced_detection
0016.JPEG,val,6,front_bumper,0.085455,0.942623,0.076364,0.103825,enhanced_detection
0016.JPEG,val,15,low,0.085455,0.942623,0.076364,0.103825,enhanced_detection
0016.JPEG,val,2,crack,0.498182,0.18306,0.996364,0.36612,enhanced_detection
0016.JPEG,val,12,roof,0.498182,0.18306,0.996364,0.36612,enhanced_detection
0016.JPEG,val,17,high,0.498182,0.18306,0.996364,0.36612,enhanced_detection
0017.JPEG,val,3,broken_part,0.498182,0.918033,0.996364,0.153005,enhanced_detection
0017.JPEG,val,6,front_bumper,0.498182,0.918033,0.996364,0.153005,enhanced_detection
0017.JPEG,val,16,medium,0.498182,0.918033,0.996364,0.153005,enhanced_detection
0017.JPEG,val,2,crack,0.969091,0.762295,0.054545,0.15847,enhanced_detection
0017.JPEG,val,11,right_door,0.969091,0.762295,0.054545,0.15847,enhanced_detection
0017.JPEG,val,16,medium,0.969091,0.762295,0.054545,0.15847,enhanced_detection
0017.JPEG,val,1,scratch,0.478182,0.756831,0.614545,0.180328,enhanced_detection
0017.JPEG,val,6,front_bumper,0.478182,0.756831,0.614545,0.180328,enhanced_detection
0017.JPEG,val,17,high,0.478182,0.756831,0.614545,0.180328,enhanced_detection
0017.JPEG,val,0,dent,0.167273,0.920765,0.109091,0.114754,enhanced_detection
0017.JPEG,val,6,front_bumper,0.167273,0.920765,0.109091,0.114754,enhanced_detection
0017.JPEG,val,15,low,0.167273,0.920765,0.109091,0.114754,enhanced_detection
0018.JPEG,val,3,broken_part,0.593066,0.61413,0.551095,0.423913,enhanced_detection
0018.JPEG,val,13,side_panel,0.593066,0.61413,0.551095,0.423913,enhanced_detection
0018.JPEG,val,17,high,0.593066,0.61413,0.551095,0.423913,enhanced_detection
0018.JPEG,val,0,dent,0.879562,0.630435,0.080292,0.108696,enhanced_detection
0018.JPEG,val,11,right_door,0.879562,0.630435,0.080292,0.108696,enhanced_detection
0018.JPEG,val,15,low,0.879562,0.630435,0.080292,0.108696,enhanced_detection
0019.JPEG,val,2,crack,0.720077,0.902062,0.382239,0.185567,enhanced_detection
0019.JPEG,val,6,front_bumper,0.720077,0.902062,0.382239,0.185567,enhanced_detection
0019.JPEG,val,17,high,0.720077,0.902062,0.382239,0.185567,enhanced_detection
0019.JPEG,val,2,crack,0.797297,0.757732,0.397683,0.474227,enhanced_detection
0019.JPEG,val,11,right_door,0.797297,0.757732,0.397683,0.474227,enhanced_detection
0019.JPEG,val,17,high,0.797297,0.757732,0.397683,0.474227,enhanced_detection
0019.JPEG,val,2,crack,0.07529,0.286082,0.150579,0.07732,enhanced_detection
0019.JPEG,val,10,left_door,0.07529,0.286082,0.150579,0.07732,enhanced_detection
0019.JPEG,val,16,medium,0.07529,0.286082,0.150579,0.07732,enhanced_detection
0019.JPEG,val,2,crack,0.888031,0.219072,0.216216,0.108247,enhanced_detection
0019.JPEG,val,11,right_door,0.888031,0.219072,0.216216,0.108247,enhanced_detection
0019.JPEG,val,16,medium,0.888031,0.219072,0.216216,0.108247,enhanced_detection
0019.JPEG,val,0,dent,0.644788,0.585052,0.162162,0.118557,enhanced_detection
0019.JPEG,val,13,side_panel,0.644788,0.585052,0.162162,0.118557,enhanced_detection
0019.JPEG,val,15,low,0.644788,0.585052,0.162162,0.118557,enhanced_detection
0022.JPEG,val,0,dent,0.557915,0.956186,0.505792,0.07732,enhanced_detection
0022.JPEG,val,6,front_bumper,0.557915,0.956186,0.505792,0.07732,enhanced_detection
0022.JPEG,val,15,low,0.557915,0.956186,0.505792,0.07732,enhanced_detection
0022.JPEG,val,0,dent,0.92278,0.884021,0.146718,0.118557,enhanced_detection
0022.JPEG,val,6,front_bumper,0.92278,0.884021,0.146718,0.118557,enhanced_detection
0022.JPEG,val,15,low,0.92278,0.884021,0.146718,0.118557,enhanced_detection
0024.JPEG,val,2,crack,0.78839,0.703704,0.258427,0.148148,enhanced_detection
0024.JPEG,val,11,right_door,0.78839,0.703704,0.258427,0.148148,enhanced_detection
0024.JPEG,val,16,medium,0.78839,0.703704,0.258427,0.148148,enhanced_detection
0025.JPEG,train,2,crack,0.050909,0.092896,0.101818,0.185792,enhanced_detection
0025.JPEG,train,7,rear_bumper,0.050909,0.092896,0.101818,0.185792,enhanced_detection
0025.JPEG,train,16,medium,0.050909,0.092896,0.101818,0.185792,enhanced_detection
0025.JPEG,train,2,crack,0.283636,0.756831,0.450909,0.278689,enhanced_detection
0025.JPEG,train,6,front_bumper,0.283636,0.756831,0.450909,0.278689,enhanced_detection
0025.JPEG,train,16,medium,0.283636,0.756831,0.450909,0.278689,enhanced_detection
0025.JPEG,train,0,dent,0.854545,0.734973,0.283636,0.519126,enhanced_detection
0025.JPEG,train,11,right_door,0.854545,0.734973,0.283636,0.519126,enhanced_detection
0025.JPEG,train,16,medium,0.854545,0.734973,0.283636,0.519126,enhanced_detection
0025.JPEG,train,0,dent,0.818182,0.73224,0.123636,0.131148,enhanced_detection
0025.JPEG,train,11,right_door,0.818182,0.73224,0.123636,0.131148,enhanced_detection
0025.JPEG,train,15,low,0.818182,0.73224,0.123636,0.131148,enhanced_detection
0025.JPEG,train,0,dent,0.72,0.754098,0.087273,0.131148,enhanced_detection
0025.JPEG,train,6,front_bumper,0.72,0.754098,0.087273,0.131148,enhanced_detection
0025.JPEG,train,15,low,0.72,0.754098,0.087273,0.131148,enhanced_detection
0025.JPEG,train,2,crack,0.2,0.584699,0.4,0.10929,enhanced_detection
0025.JPEG,train,10,left_door,0.2,0.584699,0.4,0.10929,enhanced_detection
0025.JPEG,train,16,medium,0.2,0.584699,0.4,0.10929,enhanced_detection
0026.JPEG,val,4,paint_damage,0.574766,0.125,0.149533,0.25,enhanced_detection
0026.JPEG,val,12,roof,0.574766,0.125,0.149533,0.25,enhanced_detection
0026.JPEG,val,16,medium,0.574766,0.125,0.149533,0.25,enhanced_detection
0026.JPEG,val,0,dent,0.264019,0.065678,0.21028,0.131356,enhanced_detection
0026.JPEG,val,7,rear_bumper,0.264019,0.065678,0.21028,0.131356,enhanced_detection
0026.JPEG,val,16,medium,0.264019,0.065678,0.21028,0.131356,enhanced_detection
0027.JPEG,train,3,broken_part,0.494208,0.363402,0.15444,0.21134,enhanced_detection
0027.JPEG,train,8,hood,0.494208,0.363402,0.15444,0.21134,enhanced_detection
0027.JPEG,train,16,medium,0.494208,0.363402,0.15444,0.21134,enhanced_detection
0027.JPEG,train,0,dent,0.557915,0.21134,0.088803,0.164948,enhanced_detection
0027.JPEG,train,9,windshield,0.557915,0.21134,0.088803,0.164948,enhanced_detection
0027.JPEG,train,16,medium,0.557915,0.21134,0.088803,0.164948,enhanced_detection
0028.JPEG,val,2,crack,0.382246,0.114754,0.148551,0.229508,enhanced_detection
0028.JPEG,val,12,roof,0.382246,0.114754,0.148551,0.229508,enhanced_detection
0028.JPEG,val,16,medium,0.382246,0.114754,0.148551,0.229508,enhanced_detection
0029.JPEG,val,0,dent,0.588803,0.943299,0.096525,0.103093,enhanced_detection
0029.JPEG,val,6,front_bumper,0.588803,0.943299,0.096525,0.103093,enhanced_detection
0029.JPEG,val,15,low,0.588803,0.943299,0.096525,0.103093,enhanced_detection
0029.JPEG,val,2,crack,0.102317,0.863402,0.204633,0.262887,enhanced_detection
0029.JPEG,val,6,front_bumper,0.102317,0.863402,0.204633,0.262887,enhanced_detection
0029.JPEG,val,16,medium,0.102317,0.863402,0.204633,0.262887,enhanced_detection
0029.JPEG,val,0,dent,0.940154,0.902062,0.111969,0.185567,enhanced_detection
0029.JPEG,val,6,front_bumper,0.940154,0.902062,0.111969,0.185567,enhanced_detection
0029.JPEG,val,15,low,0.940154,0.902062,0.111969,0.185567,enhanced_detection
0029.JPEG,val,2,crack,0.416988,0.75,0.131274,0.128866,enhanced_detection
0029.JPEG,val,6,front_bumper,0.416988,0.75,0.131274,0.128866,enhanced_detection
0029.JPEG,val,16,medium,0.416988,0.75,0.131274,0.128866,enhanced_detection
0029.JPEG,val,0,dent,0.185328,0.716495,0.177606,0.216495,enhanced_detection
0029.JPEG,val,10,left_door,0.185328,0.716495,0.177606,0.216495,enhanced_detection
0029.JPEG,val,16,medium,0.185328,0.716495,0.177606,0.216495,enhanced_detection
0029.JPEG,val,0,dent,0.554054,0.734536,0.096525,0.108247,enhanced_detection
0029.JPEG,val,6,front_bumper,0.554054,0.734536,0.096525,0.108247,enhanced_detection
0029.JPEG,val,15,low,0.554054,0.734536,0.096525,0.108247,enhanced_detection
0029.JPEG,val,2,crack,0.305019,0.886598,0.092664,0.082474,enhanced_detection
0029.JPEG,val,6,front_bumper,0.305019,0.886598,0.092664,0.082474,enhanced_detection
0029.JPEG,val,15,low,0.305019,0.886598,0.092664,0.082474,enhanced_detection
0031.JPEG,val,0,dent,0.201439,0.906593,0.223022,0.175824,enhanced_detection
0031.JPEG,val,6,front_bumper,0.201439,0.906593,0.223022,0.175824,enhanced_detection
0031.JPEG,val,15,low,0.201439,0.906593,0.223022,0.175824,enhanced_detection
0032.JPEG,val,2,crack,0.793375,0.842767,0.104101,0.113208,enhanced_detection
0032.JPEG,val,6,front_bumper,0.793375,0.842767,0.104101,0.113208,enhanced_detection
0032.JPEG,val,16,medium,0.793375,0.842767,0.104101,0.113208,enhanced_detection
0032.JPEG,val,0,dent,0.542587,0.732704,0.227129,0.446541,enhanced_detection
0032.JPEG,val,6,front_bumper,0.542587,0.732704,0.227129,0.446541,enhanced_detection
0032.JPEG,val,16,medium,0.542587,0.732704,0.227129,0.446541,enhanced_detection
0032.JPEG,val,0,dent,0.555205,0.481132,0.107256,0.169811,enhanced_detection
0032.JPEG,val,13,side_panel,0.555205,0.481132,0.107256,0.169811,enhanced_detection
0032.JPEG,val,15,low,0.555205,0.481132,0.107256,0.169811,enhanced_detection
0033.JPEG,val,0,dent,0.574205,0.837079,0.123675,0.134831,enhanced_detection
0033.JPEG,val,6,front_bumper,0.574205,0.837079,0.123675,0.134831,enhanced_detection
0033.JPEG,val,15,low,0.574205,0.837079,0.123675,0.134831,enhanced_detection
0034.JPEG,val,0,dent,0.198842,0.935897,0.173745,0.117949,enhanced_detection
0034.JPEG,val,6,front_bumper,0.198842,0.935897,0.173745,0.117949,enhanced_detection
0034.JPEG,val,15,low,0.198842,0.935897,0.173745,0.117949,enhanced_detection
0034.JPEG,val,0,dent,0.749035,0.876923,0.262548,0.235897,enhanced_detection
0034.JPEG,val,6,front_bumper,0.749035,0.876923,0.262548,0.235897,enhanced_detection
0034.JPEG,val,16,medium,0.749035,0.876923,0.262548,0.235897,enhanced_detection
0034.JPEG,val,0,dent,0.92471,0.912821,0.104247,0.164103,enhanced_detection
0034.JPEG,val,6,front_bumper,0.92471,0.912821,0.104247,0.164103,enhanced_detection
0034.JPEG,val,15,low,0.92471,0.912821,0.104247,0.164103,enhanced_detection
0034.JPEG,val,0,dent,0.926641,0.730769,0.138996,0.2,enhanced_detection
0034.JPEG,val,11,right_door,0.926641,0.730769,0.138996,0.2,enhanced_detection
0034.JPEG,val,15,low,0.926641,0.730769,0.138996,0.2,enhanced_detection
0035.JPEG,val,2,crack,0.139098,0.224868,0.278195,0.449735,enhanced_detection
0035.JPEG,val,10,left_door,0.139098,0.224868,0.278195,0.449735,enhanced_detection
0035.JPEG,val,17,high,0.139098,0.224868,0.278195,0.449735,enhanced_detection
0035.JPEG,val,2,crack,0.49812,0.793651,0.996241,0.402116,enhanced_detection
0035.JPEG,val,6,front_bumper,0.49812,0.793651,0.996241,0.402116,enhanced_detection
0035.JPEG,val,16,medium,0.49812,0.793651,0.996241,0.402116,enhanced_detection
0036.JPEG,val,0,dent,0.061776,0.938144,0.123552,0.113402,enhanced_detection
0036.JPEG,val,6,front_bumper,0.061776,0.938144,0.123552,0.113402,enhanced_detection
0036.JPEG,val,16,medium,0.061776,0.938144,0.123552,0.113402,enhanced_detection
0036.JPEG,val,2,crack,0.864865,0.917526,0.177606,0.154639,enhanced_detection
0036.JPEG,val,6,front_bumper,0.864865,0.917526,0.177606,0.154639,enhanced_detection
0036.JPEG,val,16,medium,0.864865,0.917526,0.177606,0.154639,enhanced_detection
0036.JPEG,val,4,paint_damage,0.955598,0.703608,0.081081,0.201031,enhanced_detection
0036.JPEG,val,11,right_door,0.955598,0.703608,0.081081,0.201031,enhanced_detection
0036.JPEG,val,16,medium,0.955598,0.703608,0.081081,0.201031,enhanced_detection
0036.JPEG,val,2,crack,0.399614,0.845361,0.081081,0.082474,enhanced_detection
0036.JPEG,val,6,front_bumper,0.399614,0.845361,0.081081,0.082474,enhanced_detection
0036.JPEG,val,15,low,0.399614,0.845361,0.081081,0.082474,enhanced_detection
0036.JPEG,val,2,crack,0.521236,0.912371,0.07722,0.113402,enhanced_detection
0036.JPEG,val,6,front_bumper,0.521236,0.912371,0.07722,0.113402,enhanced_detection
0036.JPEG,val,15,low,0.521236,0.912371,0.07722,0.113402,enhanced_detection
0038.JPEG,val,0,dent,0.641732,0.068182,0.102362,0.085859,enhanced_detection
0038.JPEG,val,7,rear_bumper,0.641732,0.068182,0.102362,0.085859,enhanced_detection
0038.JPEG,val,15,low,0.641732,0.068182,0.102362,0.085859,enhanced_detection
0039.JPEG,val,2,crack,0.071186,0.935673,0.142373,0.116959,enhanced_detection
0039.JPEG,val,6,front_bumper,0.071186,0.935673,0.142373,0.116959,enhanced_detection
0039.JPEG,val,16,medium,0.071186,0.935673,0.142373,0.116959,enhanced_detection
0042.JPEG,val,0,dent,0.181467,0.881443,0.332046,0.226804,enhanced_detection
0042.JPEG,val,6,front_bumper,0.181467,0.881443,0.332046,0.226804,enhanced_detection
0042.JPEG,val,16,medium,0.181467,0.881443,0.332046,0.226804,enhanced_detection
0043.JPEG,train,2,crack,0.198276,0.344828,0.396552,0.689655,enhanced_detection
0043.JPEG,train,10,left_door,0.198276,0.344828,0.396552,0.689655,enhanced_detection
0043.JPEG,train,17,high,0.198276,0.344828,0.396552,0.689655,enhanced_detection
0043.JPEG,train,0,dent,0.455172,0.885057,0.131034,0.114943,enhanced_detection
0043.JPEG,train,6,front_bumper,0.455172,0.885057,0.131034,0.114943,enhanced_detection
0043.JPEG,train,15,low,0.455172,0.885057,0.131034,0.114943,enhanced_detection
0043.JPEG,train,0,dent,0.817241,0.729885,0.158621,0.114943,enhanced_detection
0043.JPEG,train,11,right_door,0.817241,0.729885,0.158621,0.114943,enhanced_detection
0043.JPEG,train,15,low,0.817241,0.729885,0.158621,0.114943,enhanced_detection
0043.JPEG,train,0,dent,0.705172,0.321839,0.051724,0.126437,enhanced_detection
0043.JPEG,train,8,hood,0.705172,0.321839,0.051724,0.126437,enhanced_detection
0043.JPEG,train,15,low,0.705172,0.321839,0.051724,0.126437,enhanced_detection
0043.JPEG,train,0,dent,0.684483,0.787356,0.106897,0.091954,enhanced_detection
0043.JPEG,train,6,front_bumper,0.684483,0.787356,0.106897,0.091954,enhanced_detection
0043.JPEG,train,15,low,0.684483,0.787356,0.106897,0.091954,enhanced_detection
0045.JPEG,val,2,crack,0.914716,0.419643,0.16388,0.10119,enhanced_detection
0045.JPEG,val,11,right_door,0.914716,0.419643,0.16388,0.10119,enhanced_detection
0045.JPEG,val,15,low,0.914716,0.419643,0.16388,0.10119,enhanced_detection
0045.JPEG,val,0,dent,0.714047,0.556548,0.070234,0.125,enhanced_detection
0045.JPEG,val,11,right_door,0.714047,0.556548,0.070234,0.125,enhanced_detection
0045.JPEG,val,15,low,0.714047,0.556548,0.070234,0.125,enhanced_detection
0046.JPEG,train,2,crack,0.265,0.053571,0.123333,0.107143,enhanced_detection
0046.JPEG,train,7,rear_bumper,0.265,0.053571,0.123333,0.107143,enhanced_detection
0046.JPEG,train,16,medium,0.265,0.053571,0.123333,0.107143,enhanced_detection
0046.JPEG,train,0,dent,0.101667,0.907738,0.143333,0.172619,enhanced_detection
0046.JPEG,train,6,front_bumper,0.101667,0.907738,0.143333,0.172619,enhanced_detection
0046.JPEG,train,15,low,0.101667,0.907738,0.143333,0.172619,enhanced_detection
0047.JPEG,val,0,dent,0.366795,0.234536,0.100386,0.252577,enhanced_detection
0047.JPEG,val,9,windshield,0.366795,0.234536,0.100386,0.252577,enhanced_detection
0047.JPEG,val,16,medium,0.366795,0.234536,0.100386,0.252577,enhanced_detection
0047.JPEG,val,0,dent,0.706564,0.659794,0.162162,0.14433,enhanced_detection
0047.JPEG,val,11,right_door,0.706564,0.659794,0.162162,0.14433,enhanced_detection
0047.JPEG,val,15,low,0.706564,0.659794,0.162162,0.14433,enhanced_detection
0049.JPEG,train,1,scratch,0.498077,0.100515,0.996154,0.201031,enhanced_detection
0049.JPEG,train,7,rear_bumper,0.498077,0.100515,0.996154,0.201031,enhanced_detection
0049.JPEG,train,17,high,0.498077,0.100515,0.996154,0.201031,enhanced_detection
0049.JPEG,train,4,paint_damage,0.215385,0.938144,0.123077,0.113402,enhanced_detection
0049.JPEG,train,6,front_bumper,0.215385,0.938144,0.123077,0.113402,enhanced_detection
0049.JPEG,train,15,low,0.215385,0.938144,0.123077,0.113402,enhanced_detection
0049.JPEG,train,2,crack,0.615385,0.935567,0.761538,0.118557,enhanced_detection
0049.JPEG,train,6,front_bumper,0.615385,0.935567,0.761538,0.118557,enhanced_detection
0049.JPEG,train,16,medium,0.615385,0.935567,0.761538,0.118557,enhanced_detection
0049.JPEG,train,2,crack,0.498077,0.81701,0.996154,0.304124,enhanced_detection
0049.JPEG,train,6,front_bumper,0.498077,0.81701,0.996154,0.304124,enhanced_detection
0049.JPEG,train,16,medium,0.498077,0.81701,0.996154,0.304124,enhanced_detection
0049.JPEG,train,2,crack,0.498077,0.402062,0.996154,0.628866,enhanced_detection
0049.JPEG,train,14,other_location,0.498077,0.402062,0.996154,0.628866,enhanced_detection
0049.JPEG,train,16,medium,0.498077,0.402062,0.996154,0.628866,enhanced_detection
0050.JPEG,train,3,broken_part,0.69305,0.206186,0.606178,0.412371,enhanced_detection
0050.JPEG,train,9,windshield,0.69305,0.206186,0.606178,0.412371,enhanced_detection
0050.JPEG,train,16,medium,0.69305,0.206186,0.606178,0.412371,enhanced_detection
0050.JPEG,train,0,dent,0.330116,0.873711,0.281853,0.242268,enhanced_detection
0050.JPEG,train,6,front_bumper,0.330116,0.873711,0.281853,0.242268,enhanced_detection
0050.JPEG,train,16,medium,0.330116,0.873711,0.281853,0.242268,enhanced_detection
0050.JPEG,train,0,dent,0.289575,0.716495,0.061776,0.164948,enhanced_detection
0050.JPEG,train,10,left_door,0.289575,0.716495,0.061776,0.164948,enhanced_detection
0050.JPEG,train,15,low,0.289575,0.716495,0.061776,0.164948,enhanced_detection
0052.JPEG,val,4,paint_damage,0.594203,0.953552,0.130435,0.081967,enhanced_detection
0052.JPEG,val,6,front_bumper,0.594203,0.953552,0.130435,0.081967,enhanced_detection
0052.JPEG,val,15,low,0.594203,0.953552,0.130435,0.081967,enhanced_detection
0054.JPEG,val,0,dent,0.059846,0.78866,0.119691,0.164948,enhanced_detection
0054.JPEG,val,10,left_door,0.059846,0.78866,0.119691,0.164948,enhanced_detection
0054.JPEG,val,15,low,0.059846,0.78866,0.119691,0.164948,enhanced_detection
0055.JPEG,val,3,broken_part,0.18,0.317778,0.36,0.235556,enhanced_detection
0055.JPEG,val,10,left_door,0.18,0.317778,0.36,0.235556,enhanced_detection
0055.JPEG,val,16,medium,0.18,0.317778,0.36,0.235556,enhanced_detection
0055.JPEG,val,2,crack,0.635556,0.922222,0.346667,0.146667,enhanced_detection
0055.JPEG,val,6,front_bumper,0.635556,0.922222,0.346667,0.146667,enhanced_detection
0055.JPEG,val,16,medium,0.635556,0.922222,0.346667,0.146667,enhanced_detection
0055.JPEG,val,0,dent,0.951111,0.922222,0.088889,0.146667,enhanced_detection
0055.JPEG,val,13,side_panel,0.951111,0.922222,0.088889,0.146667,enhanced_detection
0055.JPEG,val,15,low,0.951111,0.922222,0.088889,0.146667,enhanced_detection
0055.JPEG,val,0,dent,0.88,0.935556,0.168889,0.12,enhanced_detection
0055.JPEG,val,6,front_bumper,0.88,0.935556,0.168889,0.12,enhanced_detection
0055.JPEG,val,15,low,0.88,0.935556,0.168889,0.12,enhanced_detection
0055.JPEG,val,0,dent,0.064444,0.497778,0.128889,0.133333,enhanced_detection
0055.JPEG,val,10,left_door,0.064444,0.497778,0.128889,0.133333,enhanced_detection
0055.JPEG,val,15,low,0.064444,0.497778,0.128889,0.133333,enhanced_detection
0055.JPEG,val,0,dent,0.344444,0.92,0.084444,0.106667,enhanced_detection
0055.JPEG,val,6,front_bumper,0.344444,0.92,0.084444,0.106667,enhanced_detection
0055.JPEG,val,15,low,0.344444,0.92,0.084444,0.106667,enhanced_detection
0055.JPEG,val,0,dent,0.451111,0.908889,0.128889,0.137778,enhanced_detection
0055.JPEG,val,6,front_bumper,0.451111,0.908889,0.128889,0.137778,enhanced_detection
0055.JPEG,val,15,low,0.451111,0.908889,0.128889,0.137778,enhanced_detection
0055.JPEG,val,2,crack,0.111111,0.82,0.222222,0.075556,enhanced_detection
0055.JPEG,val,10,left_door,0.111111,0.82,0.222222,0.075556,enhanced_detection
0055.JPEG,val,15,low,0.111111,0.82,0.222222,0.075556,enhanced_detection
0058.JPEG,val,2,crack,0.359073,0.115979,0.262548,0.159794,enhanced_detection
0058.JPEG,val,7,rear_bumper,0.359073,0.115979,0.262548,0.159794,enhanced_detection
0058.JPEG,val,16,medium,0.359073,0.115979,0.262548,0.159794,enhanced_detection
0058.JPEG,val,0,dent,0.911197,0.301546,0.169884,0.262887,enhanced_detection
0058.JPEG,val,11,right_door,0.911197,0.301546,0.169884,0.262887,enhanced_detection
0058.JPEG,val,16,medium,0.911197,0.301546,0.169884,0.262887,enhanced_detection
0059.JPEG,val,0,dent,0.82646,0.904624,0.072165,0.179191,enhanced_detection
0059.JPEG,val,6,front_bumper,0.82646,0.904624,0.072165,0.179191,enhanced_detection
0059.JPEG,val,15,low,0.82646,0.904624,0.072165,0.179191,enhanced_detection
0060.JPEG,val,2,crack,0.459459,0.051546,0.918919,0.103093,enhanced_detection
0060.JPEG,val,7,rear_bumper,0.459459,0.051546,0.918919,0.103093,enhanced_detection
0060.JPEG,val,16,medium,0.459459,0.051546,0.918919,0.103093,enhanced_detection
0061.JPEG,val,2,crack,0.617761,0.917526,0.687259,0.154639,enhanced_detection
0061.JPEG,val,6,front_bumper,0.617761,0.917526,0.687259,0.154639,enhanced_detection
0061.JPEG,val,17,high,0.617761,0.917526,0.687259,0.154639,enhanced_detection
0061.JPEG,val,2,crack,0.893822,0.164948,0.204633,0.329897,enhanced_detection
0061.JPEG,val,11,right_door,0.893822,0.164948,0.204633,0.329897,enhanced_detection
0061.JPEG,val,16,medium,0.893822,0.164948,0.204633,0.329897,enhanced_detection
0061.JPEG,val,2,crack,0.318533,0.21134,0.637066,0.42268,enhanced_detection
0061.JPEG,val,9,windshield,0.318533,0.21134,0.637066,0.42268,enhanced_detection
0061.JPEG,val,17,high,0.318533,0.21134,0.637066,0.42268,enhanced_detection
0061.JPEG,val,0,dent,0.173745,0.85567,0.34749,0.278351,enhanced_detection
0061.JPEG,val,6,front_bumper,0.173745,0.85567,0.34749,0.278351,enhanced_detection
0061.JPEG,val,16,medium,0.173745,0.85567,0.34749,0.278351,enhanced_detection
0061.JPEG,val,2,crack,0.498069,0.721649,0.996139,0.546392,enhanced_detection
0061.JPEG,val,6,front_bumper,0.498069,0.721649,0.996139,0.546392,enhanced_detection
0061.JPEG,val,17,high,0.498069,0.721649,0.996139,0.546392,enhanced_detection
0061.JPEG,val,0,dent,0.660232,0.273196,0.11583,0.103093,enhanced_detection
0061.JPEG,val,9,windshield,0.660232,0.273196,0.11583,0.103093,enhanced_detection
0061.JPEG,val,15,low,0.660232,0.273196,0.11583,0.103093,enhanced_detection
0061.JPEG,val,0,dent,0.494208,0.510309,0.123552,0.14433,enhanced_detection
0061.JPEG,val,13,side_panel,0.494208,0.510309,0.123552,0.14433,enhanced_detection
0061.JPEG,val,15,low,0.494208,0.510309,0.123552,0.14433,enhanced_detection
0061.JPEG,val,0,dent,0.055985,0.675258,0.111969,0.113402,enhanced_detection
0061.JPEG,val,10,left_door,0.055985,0.675258,0.111969,0.113402,enhanced_detection
0061.JPEG,val,15,low,0.055985,0.675258,0.111969,0.113402,enhanced_detection
0063.JPEG,val,0,dent,0.298182,0.931694,0.109091,0.125683,enhanced_detection
0063.JPEG,val,6,front_bumper,0.298182,0.931694,0.109091,0.125683,enhanced_detection
0063.JPEG,val,15,low,0.298182,0.931694,0.109091,0.125683,enhanced_detection
0063.JPEG,val,0,dent,0.076364,0.934426,0.152727,0.120219,enhanced_detection
0063.JPEG,val,6,front_bumper,0.076364,0.934426,0.152727,0.120219,enhanced_detection
0063.JPEG,val,15,low,0.076364,0.934426,0.152727,0.120219,enhanced_detection
0063.JPEG,val,3,broken_part,0.1,0.655738,0.2,0.546448,enhanced_detection
0063.JPEG,val,10,left_door,0.1,0.655738,0.2,0.546448,enhanced_detection
0063.JPEG,val,16,medium,0.1,0.655738,0.2,0.546448,enhanced_detection
0063.JPEG,val,0,dent,0.205455,0.887978,0.083636,0.081967,enhanced_detection
0063.JPEG,val,6,front_bumper,0.205455,0.887978,0.083636,0.081967,enhanced_detection
0063.JPEG,val,15,low,0.205455,0.887978,0.083636,0.081967,enhanced_detection
0064.JPEG,val,2,crack,0.49812,0.886243,0.996241,0.216931,enhanced_detection
0064.JPEG,val,6,front_bumper,0.49812,0.886243,0.996241,0.216931,enhanced_detection
0064.JPEG,val,17,high,0.49812,0.886243,0.996241,0.216931,enhanced_detection
0064.JPEG,val,2,crack,0.543233,0.375661,0.906015,0.751323,enhanced_detection
0064.JPEG,val,14,other_location,0.543233,0.375661,0.906015,0.751323,enhanced_detection
0064.JPEG,val,16,medium,0.543233,0.375661,0.906015,0.751323,enhanced_detection
0064.JPEG,val,0,dent,0.911654,0.269841,0.071429,0.169312,enhanced_detection
0064.JPEG,val,11,right_door,0.911654,0.269841,0.071429,0.169312,enhanced_detection
0064.JPEG,val,15,low,0.911654,0.269841,0.071429,0.169312,enhanced_detection
0064.JPEG,val,0,dent,0.184211,0.616402,0.368421,0.502646,enhanced_detection
0064.JPEG,val,10,left_door,0.184211,0.616402,0.368421,0.502646,enhanced_detection
0064.JPEG,val,16,medium,0.184211,0.616402,0.368421,0.502646,enhanced_detection
0064.JPEG,val,0,dent,0.731203,0.695767,0.191729,0.269841,enhanced_detection
0064.JPEG,val,11,right_door,0.731203,0.695767,0.191729,0.269841,enhanced_detection
0064.JPEG,val,15,low,0.731203,0.695767,0.191729,0.269841,enhanced_detection
0065.JPEG,val,2,crack,0.498069,0.255155,0.996139,0.510309,enhanced_detection
0065.JPEG,val,8,hood,0.498069,0.255155,0.996139,0.510309,enhanced_detection
0065.JPEG,val,17,high,0.498069,0.255155,0.996139,0.510309,enhanced_detection
0065.JPEG,val,2,crack,0.498069,0.847938,0.996139,0.293814,enhanced_detection
0065.JPEG,val,6,front_bumper,0.498069,0.847938,0.996139,0.293814,enhanced_detection
0065.JPEG,val,17,high,0.498069,0.847938,0.996139,0.293814,enhanced_detection
0065.JPEG,val,2,crack,0.710425,0.621134,0.571429,0.551546,enhanced_detection
0065.JPEG,val,11,right_door,0.710425,0.621134,0.571429,0.551546,enhanced_detection
0065.JPEG,val,17,high,0.710425,0.621134,0.571429,0.551546,enhanced_detection
0065.JPEG,val,2,crack,0.851351,0.090206,0.119691,0.108247,enhanced_detection
0065.JPEG,val,7,rear_bumper,0.851351,0.090206,0.119691,0.108247,enhanced_detection
0065.JPEG,val,16,medium,0.851351,0.090206,0.119691,0.108247,enhanced_detection
0065.JPEG,val,2,crack,0.316602,0.762887,0.548263,0.216495,enhanced_detection
0065.JPEG,val,6,front_bumper,0.316602,0.762887,0.548263,0.216495,enhanced_detection
0065.JPEG,val,16,medium,0.316602,0.762887,0.548263,0.216495,enhanced_detection
0068.JPEG,val,2,crack,0.177258,0.860119,0.073579,0.267857,enhanced_detection
0068.JPEG,val,6,front_bumper,0.177258,0.860119,0.073579,0.267857,enhanced_detection
0068.JPEG,val,15,low,0.177258,0.860119,0.073579,0.267857,enhanced_detection
0069.JPEG,val,0,dent,0.878846,0.943299,0.15,0.103093,enhanced_detection
0069.JPEG,val,6,front_bumper,0.878846,0.943299,0.15,0.103093,enhanced_detection
0069.JPEG,val,15,low,0.878846,0.943299,0.15,0.103093,enhanced_detection
0069.JPEG,val,4,paint_damage,0.580769,0.85567,0.084615,0.113402,enhanced_detection
0069.JPEG,val,6,front_bumper,0.580769,0.85567,0.084615,0.113402,enhanced_detection
0069.JPEG,val,16,medium,0.580769,0.85567,0.084615,0.113402,enhanced_detection
0070.JPEG,val,2,crack,0.126482,0.947236,0.252964,0.095477,enhanced_detection
0070.JPEG,val,6,front_bumper,0.126482,0.947236,0.252964,0.095477,enhanced_detection
0070.JPEG,val,16,medium,0.126482,0.947236,0.252964,0.095477,enhanced_detection
0071.JPEG,val,3,broken_part,0.16996,0.51005,0.339921,0.517588,enhanced_detection
0071.JPEG,val,10,left_door,0.16996,0.51005,0.339921,0.517588,enhanced_detection
0071.JPEG,val,17,high,0.16996,0.51005,0.339921,0.517588,enhanced_detection
0072.JPEG,val,3,broken_part,0.614545,0.786885,0.189091,0.295082,enhanced_detection
0072.JPEG,val,6,front_bumper,0.614545,0.786885,0.189091,0.295082,enhanced_detection
0072.JPEG,val,16,medium,0.614545,0.786885,0.189091,0.295082,enhanced_detection
0072.JPEG,val,2,crack,0.243636,0.314208,0.174545,0.092896,enhanced_detection
0072.JPEG,val,10,left_door,0.243636,0.314208,0.174545,0.092896,enhanced_detection
0072.JPEG,val,16,medium,0.243636,0.314208,0.174545,0.092896,enhanced_detection
0072.JPEG,val,3,broken_part,0.338182,0.213115,0.123636,0.142077,enhanced_detection
0072.JPEG,val,9,windshield,0.338182,0.213115,0.123636,0.142077,enhanced_detection
0072.JPEG,val,16,medium,0.338182,0.213115,0.123636,0.142077,enhanced_detection
0073.JPEG,val,0,dent,0.376289,0.801158,0.14433,0.096525,enhanced_detection
0073.JPEG,val,6,front_bumper,0.376289,0.801158,0.14433,0.096525,enhanced_detection
0073.JPEG,val,15,low,0.376289,0.801158,0.14433,0.096525,enhanced_detection
0074.JPEG,val,0,dent,0.548263,0.873711,0.07722,0.242268,enhanced_detection
0074.JPEG,val,6,front_bumper,0.548263,0.873711,0.07722,0.242268,enhanced_detection
0074.JPEG,val,15,low,0.548263,0.873711,0.07722,0.242268,enhanced_detection
0074.JPEG,val,2,crack,0.936293,0.286082,0.119691,0.097938,enhanced_detection
0074.JPEG,val,11,right_door,0.936293,0.286082,0.119691,0.097938,enhanced_detection
0074.JPEG,val,16,medium,0.936293,0.286082,0.119691,0.097938,enhanced_detection
0074.JPEG,val,2,crack,0.642857,0.654639,0.158301,0.680412,enhanced_detection
0074.JPEG,val,13,side_panel,0.642857,0.654639,0.158301,0.680412,enhanced_detection
0074.JPEG,val,16,medium,0.642857,0.654639,0.158301,0.680412,enhanced_detection
0078.JPEG,val,2,crack,0.285714,0.722561,0.571429,0.542683,enhanced_detection
0078.JPEG,val,6,front_bumper,0.285714,0.722561,0.571429,0.542683,enhanced_detection
0078.JPEG,val,17,high,0.285714,0.722561,0.571429,0.542683,enhanced_detection
0078.JPEG,val,0,dent,0.855519,0.902439,0.061688,0.097561,enhanced_detection
0078.JPEG,val,6,front_bumper,0.855519,0.902439,0.061688,0.097561,enhanced_detection
0078.JPEG,val,15,low,0.855519,0.902439,0.061688,0.097561,enhanced_detection
0078.JPEG,val,0,dent,0.790584,0.89939,0.055195,0.115854,enhanced_detection
0078.JPEG,val,6,front_bumper,0.790584,0.89939,0.055195,0.115854,enhanced_detection
0078.JPEG,val,15,low,0.790584,0.89939,0.055195,0.115854,enhanced_detection
0080.JPEG,val,0,dent,0.967742,0.076687,0.058065,0.153374,enhanced_detection
0080.JPEG,val,13,side_panel,0.967742,0.076687,0.058065,0.153374,enhanced_detection
0080.JPEG,val,15,low,0.967742,0.076687,0.058065,0.153374,enhanced_detection
0081.JPEG,val,2,crack,0.036667,0.83631,0.073333,0.315476,enhanced_detection
0081.JPEG,val,10,left_door,0.036667,0.83631,0.073333,0.315476,enhanced_detection
0081.JPEG,val,16,medium,0.036667,0.83631,0.073333,0.315476,enhanced_detection
0081.JPEG,val,3,broken_part,0.905,0.895833,0.183333,0.196429,enhanced_detection
0081.JPEG,val,6,front_bumper,0.905,0.895833,0.183333,0.196429,enhanced_detection
0081.JPEG,val,16,medium,0.905,0.895833,0.183333,0.196429,enhanced_detection
0081.JPEG,val,0,dent,0.903333,0.119048,0.186667,0.190476,enhanced_detection
0081.JPEG,val,7,rear_bumper,0.903333,0.119048,0.186667,0.190476,enhanced_detection
0081.JPEG,val,16,medium,0.903333,0.119048,0.186667,0.190476,enhanced_detection
0081.JPEG,val,2,crack,0.963333,0.321429,0.053333,0.130952,enhanced_detection
0081.JPEG,val,11,right_door,0.963333,0.321429,0.053333,0.130952,enhanced_detection
0081.JPEG,val,16,medium,0.963333,0.321429,0.053333,0.130952,enhanced_detection
0082.JPEG,val,2,crack,0.164179,0.87766,0.328358,0.170213,enhanced_detection
0082.JPEG,val,6,front_bumper,0.164179,0.87766,0.328358,0.170213,enhanced_detection
0082.JPEG,val,16,medium,0.164179,0.87766,0.328358,0.170213,enhanced_detection
0083.JPEG,val,2,crack,0.497642,0.703782,0.995283,0.584034,enhanced_detection
0083.JPEG,val,14,other_location,0.497642,0.703782,0.995283,0.584034,enhanced_detection
0083.JPEG,val,17,high,0.497642,0.703782,0.995283,0.584034,enhanced_detection
0083.JPEG,val,2,crack,0.42217,0.336134,0.089623,0.235294,enhanced_detection
0083.JPEG,val,8,hood,0.42217,0.336134,0.089623,0.235294,enhanced_detection
0083.JPEG,val,16,medium,0.42217,0.336134,0.089623,0.235294,enhanced_detection
0083.JPEG,val,2,crack,0.375,0.102941,0.136792,0.205882,enhanced_detection
0083.JPEG,val,7,rear_bumper,0.375,0.102941,0.136792,0.205882,enhanced_detection
0083.JPEG,val,16,medium,0.375,0.102941,0.136792,0.205882,enhanced_detection
0084.JPEG,val,2,crack,0.915058,0.319588,0.162162,0.247423,enhanced_detection
0084.JPEG,val,11,right_door,0.915058,0.319588,0.162162,0.247423,enhanced_detection
0084.JPEG,val,16,medium,0.915058,0.319588,0.162162,0.247423,enhanced_detection
0084.JPEG,val,0,dent,0.361004,0.757732,0.250965,0.175258,enhanced_detection
0084.JPEG,val,6,front_bumper,0.361004,0.757732,0.250965,0.175258,enhanced_detection
0084.JPEG,val,16,medium,0.361004,0.757732,0.250965,0.175258,enhanced_detection
0085.JPEG,val,2,crack,0.963636,0.172131,0.065455,0.136612,enhanced_detection
0085.JPEG,val,11,right_door,0.963636,0.172131,0.065455,0.136612,enhanced_detection
0085.JPEG,val,16,medium,0.963636,0.172131,0.065455,0.136612,enhanced_detection
0086.JPEG,val,0,dent,0.958182,0.349727,0.076364,0.087432,enhanced_detection
0086.JPEG,val,11,right_door,0.958182,0.349727,0.076364,0.087432,enhanced_detection
0086.JPEG,val,15,low,0.958182,0.349727,0.076364,0.087432,enhanced_detection
0086.JPEG,val,0,dent,0.823636,0.934426,0.061818,0.10929,enhanced_detection
0086.JPEG,val,6,front_bumper,0.823636,0.934426,0.061818,0.10929,enhanced_detection
0086.JPEG,val,15,low,0.823636,0.934426,0.061818,0.10929,enhanced_detection
0088.JPEG,val,4,paint_damage,0.94697,0.39267,0.098485,0.146597,enhanced_detection
0088.JPEG,val,11,right_door,0.94697,0.39267,0.098485,0.146597,enhanced_detection
0088.JPEG,val,16,medium,0.94697,0.39267,0.098485,0.146597,enhanced_detection
0089.JPEG,val,2,crack,0.140152,0.078534,0.189394,0.157068,enhanced_detection
0089.JPEG,val,7,rear_bumper,0.140152,0.078534,0.189394,0.157068,enhanced_detection
0089.JPEG,val,16,medium,0.140152,0.078534,0.189394,0.157068,enhanced_detection
0089.JPEG,val,2,crack,0.11553,0.65445,0.231061,0.188482,enhanced_detection
0089.JPEG,val,10,left_door,0.11553,0.65445,0.231061,0.188482,enhanced_detection
0089.JPEG,val,16,medium,0.11553,0.65445,0.231061,0.188482,enhanced_detection
0091.JPEG,val,4,paint_damage,0.949814,0.781915,0.092937,0.117021,enhanced_detection
0091.JPEG,val,11,right_door,0.949814,0.781915,0.092937,0.117021,enhanced_detection
0091.JPEG,val,16,medium,0.949814,0.781915,0.092937,0.117021,enhanced_detection
0091.JPEG,val,0,dent,0.894052,0.853723,0.092937,0.111702,enhanced_detection
0091.JPEG,val,11,right_door,0.894052,0.853723,0.092937,0.111702,enhanced_detection
0091.JPEG,val,15,low,0.894052,0.853723,0.092937,0.111702,enhanced_detection
0091.JPEG,val,0,dent,0.120818,0.101064,0.085502,0.085106,enhanced_detection
0091.JPEG,val,7,rear_bumper,0.120818,0.101064,0.085502,0.085106,enhanced_detection
0091.JPEG,val,15,low,0.120818,0.101064,0.085502,0.085106,enhanced_detection
0092.JPEG,val,2,crack,0.106667,0.733333,0.213333,0.151111,enhanced_detection
0092.JPEG,val,10,left_door,0.106667,0.733333,0.213333,0.151111,enhanced_detection
0092.JPEG,val,16,medium,0.106667,0.733333,0.213333,0.151111,enhanced_detection
0092.JPEG,val,0,dent,0.333333,0.846667,0.071111,0.12,enhanced_detection
0092.JPEG,val,6,front_bumper,0.333333,0.846667,0.071111,0.12,enhanced_detection
0092.JPEG,val,16,medium,0.333333,0.846667,0.071111,0.12,enhanced_detection
0093.JPEG,val,2,crack,0.276846,0.863905,0.399329,0.260355,enhanced_detection
0093.JPEG,val,6,front_bumper,0.276846,0.863905,0.399329,0.260355,enhanced_detection
0093.JPEG,val,16,medium,0.276846,0.863905,0.399329,0.260355,enhanced_detection
0093.JPEG,val,0,dent,0.743289,0.810651,0.271812,0.260355,enhanced_detection
0093.JPEG,val,6,front_bumper,0.743289,0.810651,0.271812,0.260355,enhanced_detection
0093.JPEG,val,16,medium,0.743289,0.810651,0.271812,0.260355,enhanced_detection
0093.JPEG,val,0,dent,0.077181,0.707101,0.107383,0.100592,enhanced_detection
0093.JPEG,val,10,left_door,0.077181,0.707101,0.107383,0.100592,enhanced_detection
0093.JPEG,val,15,low,0.077181,0.707101,0.107383,0.100592,enhanced_detection
0095.JPEG,val,0,dent,0.672535,0.935028,0.140845,0.118644,enhanced_detection
0095.JPEG,val,6,front_bumper,0.672535,0.935028,0.140845,0.118644,enhanced_detection
0095.JPEG,val,15,low,0.672535,0.935028,0.140845,0.118644,enhanced_detection
0095.JPEG,val,0,dent,0.794014,0.838983,0.18662,0.310734,enhanced_detection
0095.JPEG,val,6,front_bumper,0.794014,0.838983,0.18662,0.310734,enhanced_detection
0095.JPEG,val,16,medium,0.794014,0.838983,0.18662,0.310734,enhanced_detection
0095.JPEG,val,2,crack,0.913732,0.720339,0.165493,0.242938,enhanced_detection
0095.JPEG,val,11,right_door,0.913732,0.720339,0.165493,0.242938,enhanced_detection
0095.JPEG,val,16,medium,0.913732,0.720339,0.165493,0.242938,enhanced_detection
0095.JPEG,val,3,broken_part,0.943662,0.90678,0.105634,0.175141,enhanced_detection
0095.JPEG,val,6,front_bumper,0.943662,0.90678,0.105634,0.175141,enhanced_detection
0095.JPEG,val,16,medium,0.943662,0.90678,0.105634,0.175141,enhanced_detection
0095.JPEG,val,0,dent,0.073944,0.788136,0.147887,0.265537,enhanced_detection
0095.JPEG,val,10,left_door,0.073944,0.788136,0.147887,0.265537,enhanced_detection
0095.JPEG,val,15,low,0.073944,0.788136,0.147887,0.265537,enhanced_detection
0095.JPEG,val,0,dent,0.31162,0.892655,0.623239,0.20339,enhanced_detection
0095.JPEG,val,6,front_bumper,0.31162,0.892655,0.623239,0.20339,enhanced_detection
0095.JPEG,val,16,medium,0.31162,0.892655,0.623239,0.20339,enhanced_detection
0098.JPEG,val,2,crack,0.073359,0.917526,0.138996,0.154639,enhanced_detection
0098.JPEG,val,6,front_bumper,0.073359,0.917526,0.138996,0.154639,enhanced_detection
0098.JPEG,val,16,medium,0.073359,0.917526,0.138996,0.154639,enhanced_detection
0099.JPEG,val,0,dent,0.734615,0.943299,0.092308,0.103093,enhanced_detection
0099.JPEG,val,6,front_bumper,0.734615,0.943299,0.092308,0.103093,enhanced_detection
0099.JPEG,val,15,low,0.734615,0.943299,0.092308,0.103093,enhanced_detection
0100.JPEG,val,0,dent,0.722008,0.085052,0.123552,0.097938,enhanced_detection
0100.JPEG,val,7,rear_bumper,0.722008,0.085052,0.123552,0.097938,enhanced_detection
0100.JPEG,val,15,low,0.722008,0.085052,0.123552,0.097938,enhanced_detection
0101.JPEG,val,3,broken_part,0.3,0.148889,0.466667,0.297778,enhanced_detection
0101.JPEG,val,12,roof,0.3,0.148889,0.466667,0.297778,enhanced_detection
0101.JPEG,val,17,high,0.3,0.148889,0.466667,0.297778,enhanced_detection
0101.JPEG,val,4,paint_damage,0.386667,0.786667,0.773333,0.417778,enhanced_detection
0101.JPEG,val,6,front_bumper,0.386667,0.786667,0.773333,0.417778,enhanced_detection
0101.JPEG,val,17,high,0.386667,0.786667,0.773333,0.417778,enhanced_detection
0101.JPEG,val,2,crack,0.524444,0.035556,0.168889,0.071111,enhanced_detection
0101.JPEG,val,7,rear_bumper,0.524444,0.035556,0.168889,0.071111,enhanced_detection
0101.JPEG,val,16,medium,0.524444,0.035556,0.168889,0.071111,enhanced_detection
0101.JPEG,val,4,paint_damage,0.473333,0.42,0.946667,0.777778,enhanced_detection
0101.JPEG,val,14,other_location,0.473333,0.42,0.946667,0.777778,enhanced_detection
0101.JPEG,val,16,medium,0.473333,0.42,0.946667,0.777778,enhanced_detection
0101.JPEG,val,4,paint_damage,0.062222,0.893333,0.124444,0.16,enhanced_detection
0101.JPEG,val,10,left_door,0.062222,0.893333,0.124444,0.16,enhanced_detection
0101.JPEG,val,15,low,0.062222,0.893333,0.124444,0.16,enhanced_detection
0101.JPEG,val,0,dent,0.935556,0.686667,0.12,0.137778,enhanced_detection
0101.JPEG,val,11,right_door,0.935556,0.686667,0.12,0.137778,enhanced_detection
0101.JPEG,val,15,low,0.935556,0.686667,0.12,0.137778,enhanced_detection
0101.JPEG,val,0,dent,0.951111,0.573333,0.088889,0.071111,enhanced_detection
0101.JPEG,val,11,right_door,0.951111,0.573333,0.088889,0.071111,enhanced_detection
0101.JPEG,val,15,low,0.951111,0.573333,0.088889,0.071111,enhanced_detection
0101.JPEG,val,0,dent,0.057778,0.086667,0.115556,0.173333,enhanced_detection
0101.JPEG,val,7,rear_bumper,0.057778,0.086667,0.115556,0.173333,enhanced_detection
0101.JPEG,val,15,low,0.057778,0.086667,0.115556,0.173333,enhanced_detection
0101.JPEG,val,0,dent,0.906667,0.622222,0.08,0.088889,enhanced_detection
0101.JPEG,val,11,right_door,0.906667,0.622222,0.08,0.088889,enhanced_detection
0101.JPEG,val,15,low,0.906667,0.622222,0.08,0.088889,enhanced_detection
0101.JPEG,val,0,dent,0.553333,0.368889,0.182222,0.151111,enhanced_detection
0101.JPEG,val,8,hood,0.553333,0.368889,0.182222,0.151111,enhanced_detection
0101.JPEG,val,15,low,0.553333,0.368889,0.182222,0.151111,enhanced_detection
0101.JPEG,val,0,dent,0.884444,0.246667,0.222222,0.208889,enhanced_detection
0101.JPEG,val,11,right_door,0.884444,0.246667,0.222222,0.208889,enhanced_detection
0101.JPEG,val,15,low,0.884444,0.246667,0.222222,0.208889,enhanced_detection
0102.JPEG,val,0,dent,0.404639,0.057692,0.118557,0.107692,enhanced_detection
0102.JPEG,val,7,rear_bumper,0.404639,0.057692,0.118557,0.107692,enhanced_detection
0102.JPEG,val,15,low,0.404639,0.057692,0.118557,0.107692,enhanced_detection
0103.JPEG,val,2,crack,0.841699,0.662371,0.30888,0.572165,enhanced_detection
0103.JPEG,val,11,right_door,0.841699,0.662371,0.30888,0.572165,enhanced_detection
0103.JPEG,val,16,medium,0.841699,0.662371,0.30888,0.572165,enhanced_detection
0103.JPEG,val,0,dent,0.521236,0.92268,0.625483,0.14433,enhanced_detection
0103.JPEG,val,6,front_bumper,0.521236,0.92268,0.625483,0.14433,enhanced_detection
0103.JPEG,val,16,medium,0.521236,0.92268,0.625483,0.14433,enhanced_detection
0104.JPEG,val,2,crack,0.03861,0.110825,0.07722,0.159794,enhanced_detection
0104.JPEG,val,10,left_door,0.03861,0.110825,0.07722,0.159794,enhanced_detection
0104.JPEG,val,16,medium,0.03861,0.110825,0.07722,0.159794,enhanced_detection
0104.JPEG,val,4,paint_damage,0.945946,0.134021,0.100386,0.268041,enhanced_detection
0104.JPEG,val,11,right_door,0.945946,0.134021,0.100386,0.268041,enhanced_detection
0104.JPEG,val,16,medium,0.945946,0.134021,0.100386,0.268041,enhanced_detection
0104.JPEG,val,2,crack,0.131274,0.108247,0.262548,0.216495,enhanced_detection
0104.JPEG,val,7,rear_bumper,0.131274,0.108247,0.262548,0.216495,enhanced_detection
0104.JPEG,val,16,medium,0.131274,0.108247,0.262548,0.216495,enhanced_detection
0105.JPEG,val,4,paint_damage,0.486486,0.786082,0.15444,0.118557,enhanced_detection
0105.JPEG,val,6,front_bumper,0.486486,0.786082,0.15444,0.118557,enhanced_detection
0105.JPEG,val,16,medium,0.486486,0.786082,0.15444,0.118557,enhanced_detection
0105.JPEG,val,4,paint_damage,0.359073,0.546392,0.100386,0.123711,enhanced_detection
0105.JPEG,val,13,side_panel,0.359073,0.546392,0.100386,0.123711,enhanced_detection
0105.JPEG,val,15,low,0.359073,0.546392,0.100386,0.123711,enhanced_detection
0105.JPEG,val,4,paint_damage,0.372587,0.780928,0.119691,0.283505,enhanced_detection
0105.JPEG,val,6,front_bumper,0.372587,0.780928,0.119691,0.283505,enhanced_detection
0105.JPEG,val,15,low,0.372587,0.780928,0.119691,0.283505,enhanced_detection
0105.JPEG,val,2,crack,0.235521,0.561856,0.069498,0.092784,enhanced_detection
0105.JPEG,val,10,left_door,0.235521,0.561856,0.069498,0.092784,enhanced_detection
0105.JPEG,val,16,medium,0.235521,0.561856,0.069498,0.092784,enhanced_detection
0106.JPEG,val,2,crack,0.918919,0.902062,0.15444,0.185567,enhanced_detection
0106.JPEG,val,6,front_bumper,0.918919,0.902062,0.15444,0.185567,enhanced_detection
0106.JPEG,val,16,medium,0.918919,0.902062,0.15444,0.185567,enhanced_detection
0106.JPEG,val,0,dent,0.507722,0.814433,0.320463,0.309278,enhanced_detection
0106.JPEG,val,6,front_bumper,0.507722,0.814433,0.320463,0.309278,enhanced_detection
0106.JPEG,val,16,medium,0.507722,0.814433,0.320463,0.309278,enhanced_detection
0106.JPEG,val,4,paint_damage,0.791506,0.729381,0.15444,0.345361,enhanced_detection
0106.JPEG,val,11,right_door,0.791506,0.729381,0.15444,0.345361,enhanced_detection
0106.JPEG,val,16,medium,0.791506,0.729381,0.15444,0.345361,enhanced_detection
0106.JPEG,val,4,paint_damage,0.882239,0.427835,0.227799,0.371134,enhanced_detection
0106.JPEG,val,11,right_door,0.882239,0.427835,0.227799,0.371134,enhanced_detection
0106.JPEG,val,16,medium,0.882239,0.427835,0.227799,0.371134,enhanced_detection
0106.JPEG,val,4,paint_damage,0.669884,0.840206,0.096525,0.154639,enhanced_detection
0106.JPEG,val,6,front_bumper,0.669884,0.840206,0.096525,0.154639,enhanced_detection
0106.JPEG,val,15,low,0.669884,0.840206,0.096525,0.154639,enhanced_detection
0106.JPEG,val,2,crack,0.052124,0.907216,0.104247,0.123711,enhanced_detection
0106.JPEG,val,10,left_door,0.052124,0.907216,0.104247,0.123711,enhanced_detection
0106.JPEG,val,15,low,0.052124,0.907216,0.104247,0.123711,enhanced_detection
0106.JPEG,val,2,crack,0.918919,0.554124,0.15444,0.231959,enhanced_detection
0106.JPEG,val,11,right_door,0.918919,0.554124,0.15444,0.231959,enhanced_detection
0106.JPEG,val,16,medium,0.918919,0.554124,0.15444,0.231959,enhanced_detection
0107.JPEG,val,0,dent,0.431227,0.077128,0.104089,0.090426,enhanced_detection
0107.JPEG,val,7,rear_bumper,0.431227,0.077128,0.104089,0.090426,enhanced_detection
0107.JPEG,val,15,low,0.431227,0.077128,0.104089,0.090426,enhanced_detection
0110.JPEG,val,2,crack,0.850962,0.059671,0.288462,0.119342,enhanced_detection
0110.JPEG,val,7,rear_bumper,0.850962,0.059671,0.288462,0.119342,enhanced_detection
0110.JPEG,val,16,medium,0.850962,0.059671,0.288462,0.119342,enhanced_detection
0110.JPEG,val,2,crack,0.228365,0.063786,0.1875,0.127572,enhanced_detection
0110.JPEG,val,7,rear_bumper,0.228365,0.063786,0.1875,0.127572,enhanced_detection
0110.JPEG,val,16,medium,0.228365,0.063786,0.1875,0.127572,enhanced_detection
0110.JPEG,val,2,crack,0.377404,0.736626,0.341346,0.148148,enhanced_detection
0110.JPEG,val,6,front_bumper,0.377404,0.736626,0.341346,0.148148,enhanced_detection
0110.JPEG,val,16,medium,0.377404,0.736626,0.341346,0.148148,enhanced_detection
0110.JPEG,val,2,crack,0.466346,0.662551,0.336538,0.238683,enhanced_detection
0110.JPEG,val,13,side_panel,0.466346,0.662551,0.336538,0.238683,enhanced_detection
0110.JPEG,val,16,medium,0.466346,0.662551,0.336538,0.238683,enhanced_detection
0110.JPEG,val,2,crack,0.149038,0.337449,0.153846,0.17284,enhanced_detection
0110.JPEG,val,10,left_door,0.149038,0.337449,0.153846,0.17284,enhanced_detection
0110.JPEG,val,15,low,0.149038,0.337449,0.153846,0.17284,enhanced_detection
0114.JPEG,train,2,crack,0.133459,0.047619,0.266917,0.095238,enhanced_detection
0114.JPEG,train,7,rear_bumper,0.133459,0.047619,0.266917,0.095238,enhanced_detection
0114.JPEG,train,16,medium,0.133459,0.047619,0.266917,0.095238,enhanced_detection
0114.JPEG,train,2,crack,0.49812,0.769841,0.996241,0.449735,enhanced_detection
0114.JPEG,train,6,front_bumper,0.49812,0.769841,0.996241,0.449735,enhanced_detection
0114.JPEG,train,16,medium,0.49812,0.769841,0.996241,0.449735,enhanced_detection
0116.JPEG,val,2,crack,0.957249,0.231383,0.078067,0.154255,enhanced_detection
0116.JPEG,val,11,right_door,0.957249,0.231383,0.078067,0.154255,enhanced_detection
0116.JPEG,val,16,medium,0.957249,0.231383,0.078067,0.154255,enhanced_detection
0116.JPEG,val,2,crack,0.20632,0.090426,0.085502,0.085106,enhanced_detection
0116.JPEG,val,7,rear_bumper,0.20632,0.090426,0.085502,0.085106,enhanced_detection
0116.JPEG,val,16,medium,0.20632,0.090426,0.085502,0.085106,enhanced_detection
0116.JPEG,val,0,dent,0.02974,0.401596,0.05948,0.111702,enhanced_detection
0116.JPEG,val,10,left_door,0.02974,0.401596,0.05948,0.111702,enhanced_detection
0116.JPEG,val,15,low,0.02974,0.401596,0.05948,0.111702,enhanced_detection
0116.JPEG,val,0,dent,0.14684,0.183511,0.29368,0.132979,enhanced_detection
0116.JPEG,val,12,roof,0.14684,0.183511,0.29368,0.132979,enhanced_detection
0116.JPEG,val,15,low,0.14684,0.183511,0.29368,0.132979,enhanced_detection
0117.JPEG,val,0,dent,0.098113,0.844737,0.075472,0.089474,enhanced_detection
0117.JPEG,val,10,left_door,0.098113,0.844737,0.075472,0.089474,enhanced_detection
0117.JPEG,val,15,low,0.098113,0.844737,0.075472,0.089474,enhanced_detection
0118.JPEG,train,2,crack,0.132692,0.371134,0.265385,0.14433,enhanced_detection
0118.JPEG,train,10,left_door,0.132692,0.371134,0.265385,0.14433,enhanced_detection
0118.JPEG,train,15,low,0.132692,0.371134,0.265385,0.14433,enhanced_detection
0119.JPEG,val,0,dent,0.874517,0.881443,0.104247,0.175258,enhanced_detection
0119.JPEG,val,6,front_bumper,0.874517,0.881443,0.104247,0.175258,enhanced_detection
0119.JPEG,val,15,low,0.874517,0.881443,0.104247,0.175258,enhanced_detection
0120.JPEG,val,2,crack,0.924528,0.065789,0.143396,0.131579,enhanced_detection
0120.JPEG,val,7,rear_bumper,0.924528,0.065789,0.143396,0.131579,enhanced_detection
0120.JPEG,val,16,medium,0.924528,0.065789,0.143396,0.131579,enhanced_detection
0120.JPEG,val,0,dent,0.826415,0.147368,0.090566,0.094737,enhanced_detection
0120.JPEG,val,7,rear_bumper,0.826415,0.147368,0.090566,0.094737,enhanced_detection
0120.JPEG,val,15,low,0.826415,0.147368,0.090566,0.094737,enhanced_detection
0121.JPEG,val,2,crack,0.359073,0.943299,0.162162,0.103093,enhanced_detection
0121.JPEG,val,6,front_bumper,0.359073,0.943299,0.162162,0.103093,enhanced_detection
0121.JPEG,val,15,low,0.359073,0.943299,0.162162,0.103093,enhanced_detection
0121.JPEG,val,4,paint_damage,0.048263,0.938144,0.096525,0.113402,enhanced_detection
0121.JPEG,val,13,side_panel,0.048263,0.938144,0.096525,0.113402,enhanced_detection
0121.JPEG,val,16,medium,0.048263,0.938144,0.096525,0.113402,enhanced_detection
0121.JPEG,val,0,dent,0.57722,0.945876,0.073359,0.097938,enhanced_detection
0121.JPEG,val,6,front_bumper,0.57722,0.945876,0.073359,0.097938,enhanced_detection
0121.JPEG,val,15,low,0.57722,0.945876,0.073359,0.097938,enhanced_detection
0121.JPEG,val,2,crack,0.032819,0.804124,0.065637,0.175258,enhanced_detection
0121.JPEG,val,10,left_door,0.032819,0.804124,0.065637,0.175258,enhanced_detection
0121.JPEG,val,16,medium,0.032819,0.804124,0.065637,0.175258,enhanced_detection
0121.JPEG,val,3,broken_part,0.586873,0.829897,0.370656,0.329897,enhanced_detection
0121.JPEG,val,6,front_bumper,0.586873,0.829897,0.370656,0.329897,enhanced_detection
0121.JPEG,val,17,high,0.586873,0.829897,0.370656,0.329897,enhanced_detection
0123.JPEG,val,0,dent,0.177258,0.914201,0.140468,0.159763,enhanced_detection
0123.JPEG,val,6,front_bumper,0.177258,0.914201,0.140468,0.159763,enhanced_detection
0123.JPEG,val,15,low,0.177258,0.914201,0.140468,0.159763,enhanced_detection
0123.JPEG,val,0,dent,0.269231,0.689349,0.076923,0.100592,enhanced_detection
0123.JPEG,val,10,left_door,0.269231,0.689349,0.076923,0.100592,enhanced_detection
0123.JPEG,val,15,low,0.269231,0.689349,0.076923,0.100592,enhanced_detection
0123.JPEG,val,0,dent,0.140468,0.739645,0.107023,0.142012,enhanced_detection
0123.JPEG,val,10,left_door,0.140468,0.739645,0.107023,0.142012,enhanced_detection
0123.JPEG,val,15,low,0.140468,0.739645,0.107023,0.142012,enhanced_detection
0126.JPEG,val,2,crack,0.957529,0.128866,0.07722,0.257732,enhanced_detection
0126.JPEG,val,11,right_door,0.957529,0.128866,0.07722,0.257732,enhanced_detection
0126.JPEG,val,16,medium,0.957529,0.128866,0.07722,0.257732,enhanced_detection
0126.JPEG,val,0,dent,0.310811,0.930412,0.127413,0.128866,enhanced_detection
0126.JPEG,val,6,front_bumper,0.310811,0.930412,0.127413,0.128866,enhanced_detection
0126.JPEG,val,15,low,0.310811,0.930412,0.127413,0.128866,enhanced_detection
0126.JPEG,val,0,dent,0.055985,0.956186,0.111969,0.07732,enhanced_detection
0126.JPEG,val,13,side_panel,0.055985,0.956186,0.111969,0.07732,enhanced_detection
0126.JPEG,val,15,low,0.055985,0.956186,0.111969,0.07732,enhanced_detection
0126.JPEG,val,0,dent,0.057915,0.863402,0.11583,0.097938,enhanced_detection
0126.JPEG,val,10,left_door,0.057915,0.863402,0.11583,0.097938,enhanced_detection
0126.JPEG,val,15,low,0.057915,0.863402,0.11583,0.097938,enhanced_detection
0126.JPEG,val,0,dent,0.46332,0.904639,0.169884,0.159794,enhanced_detection
0126.JPEG,val,6,front_bumper,0.46332,0.904639,0.169884,0.159794,enhanced_detection
0126.JPEG,val,15,low,0.46332,0.904639,0.169884,0.159794,enhanced_detection
0128.jpeg,train,0,dent,0.042308,0.311856,0.084615,0.139175,enhanced_detection
0128.jpeg,train,10,left_door,0.042308,0.311856,0.084615,0.139175,enhanced_detection
0128.jpeg,train,15,low,0.042308,0.311856,0.084615,0.139175,enhanced_detection
0129.jpeg,val,2,crack,0.895753,0.914948,0.200772,0.159794,enhanced_detection
0129.jpeg,val,6,front_bumper,0.895753,0.914948,0.200772,0.159794,enhanced_detection
0129.jpeg,val,16,medium,0.895753,0.914948,0.200772,0.159794,enhanced_detection
0130.JPEG,val,2,crack,0.718147,0.858247,0.555985,0.273196,enhanced_detection
0130.JPEG,val,6,front_bumper,0.718147,0.858247,0.555985,0.273196,enhanced_detection
0130.JPEG,val,16,medium,0.718147,0.858247,0.555985,0.273196,enhanced_detection
0130.JPEG,val,0,dent,0.779923,0.170103,0.432432,0.340206,enhanced_detection
0130.JPEG,val,12,roof,0.779923,0.170103,0.432432,0.340206,enhanced_detection
0130.JPEG,val,16,medium,0.779923,0.170103,0.432432,0.340206,enhanced_detection
0130.JPEG,val,3,broken_part,0.420849,0.945876,0.123552,0.097938,enhanced_detection
0130.JPEG,val,6,front_bumper,0.420849,0.945876,0.123552,0.097938,enhanced_detection
0130.JPEG,val,16,medium,0.420849,0.945876,0.123552,0.097938,enhanced_detection
0130.JPEG,val,0,dent,0.407336,0.664948,0.243243,0.329897,enhanced_detection
0130.JPEG,val,13,side_panel,0.407336,0.664948,0.243243,0.329897,enhanced_detection
0130.JPEG,val,16,medium,0.407336,0.664948,0.243243,0.329897,enhanced_detection
0130.JPEG,val,0,dent,0.837838,0.402062,0.19305,0.154639,enhanced_detection
0130.JPEG,val,11,right_door,0.837838,0.402062,0.19305,0.154639,enhanced_detection
0130.JPEG,val,15,low,0.837838,0.402062,0.19305,0.154639,enhanced_detection
0130.JPEG,val,0,dent,0.287645,0.206186,0.258687,0.175258,enhanced_detection
0130.JPEG,val,9,windshield,0.287645,0.206186,0.258687,0.175258,enhanced_detection
0130.JPEG,val,16,medium,0.287645,0.206186,0.258687,0.175258,enhanced_detection
0130.JPEG,val,0,dent,0.73166,0.332474,0.088803,0.118557,enhanced_detection
0130.JPEG,val,11,right_door,0.73166,0.332474,0.088803,0.118557,enhanced_detection
0130.JPEG,val,15,low,0.73166,0.332474,0.088803,0.118557,enhanced_detection
0131.JPEG,val,2,crack,0.602317,0.056701,0.301158,0.092784,enhanced_detection
0131.JPEG,val,7,rear_bumper,0.602317,0.056701,0.301158,0.092784,enhanced_detection
0131.JPEG,val,16,medium,0.602317,0.056701,0.301158,0.092784,enhanced_detection
0132.JPEG,val,2,crack,0.192737,0.129893,0.385475,0.11032,enhanced_detection
0132.JPEG,val,7,rear_bumper,0.192737,0.129893,0.385475,0.11032,enhanced_detection
0132.JPEG,val,16,medium,0.192737,0.129893,0.385475,0.11032,enhanced_detection
0134.JPEG,val,2,crack,0.372587,0.82732,0.745174,0.335052,enhanced_detection
0134.JPEG,val,6,front_bumper,0.372587,0.82732,0.745174,0.335052,enhanced_detection
0134.JPEG,val,17,high,0.372587,0.82732,0.745174,0.335052,enhanced_detection
0134.JPEG,val,0,dent,0.820463,0.945876,0.127413,0.097938,enhanced_detection
0134.JPEG,val,6,front_bumper,0.820463,0.945876,0.127413,0.097938,enhanced_detection
0134.JPEG,val,15,low,0.820463,0.945876,0.127413,0.097938,enhanced_detection
0134.JPEG,val,4,paint_damage,0.824324,0.497423,0.343629,0.314433,enhanced_detection
0134.JPEG,val,11,right_door,0.824324,0.497423,0.343629,0.314433,enhanced_detection
0134.JPEG,val,16,medium,0.824324,0.497423,0.343629,0.314433,enhanced_detection
0134.JPEG,val,2,crack,0.714286,0.842784,0.208494,0.170103,enhanced_detection
0134.JPEG,val,6,front_bumper,0.714286,0.842784,0.208494,0.170103,enhanced_detection
0134.JPEG,val,16,medium,0.714286,0.842784,0.208494,0.170103,enhanced_detection
0134.JPEG,val,0,dent,0.194981,0.698454,0.081081,0.108247,enhanced_detection
0134.JPEG,val,10,left_door,0.194981,0.698454,0.081081,0.108247,enhanced_detection
0134.JPEG,val,15,low,0.194981,0.698454,0.081081,0.108247,enhanced_detection
0134.JPEG,val,0,dent,0.030888,0.634021,0.061776,0.082474,enhanced_detection
0134.JPEG,val,10,left_door,0.030888,0.634021,0.061776,0.082474,enhanced_detection
0134.JPEG,val,15,low,0.030888,0.634021,0.061776,0.082474,enhanced_detection
0134.JPEG,val,0,dent,0.274131,0.739691,0.146718,0.108247,enhanced_detection
0134.JPEG,val,10,left_door,0.274131,0.739691,0.146718,0.108247,enhanced_detection
0134.JPEG,val,15,low,0.274131,0.739691,0.146718,0.108247,enhanced_detection
0135.JPEG,val,0,dent,0.947876,0.778351,0.096525,0.082474,enhanced_detection
0135.JPEG,val,11,right_door,0.947876,0.778351,0.096525,0.082474,enhanced_detection
0135.JPEG,val,15,low,0.947876,0.778351,0.096525,0.082474,enhanced_detection
0135.JPEG,val,0,dent,0.822394,0.533505,0.061776,0.118557,enhanced_detection
0135.JPEG,val,11,right_door,0.822394,0.533505,0.061776,0.118557,enhanced_detection
0135.JPEG,val,15,low,0.822394,0.533505,0.061776,0.118557,enhanced_detection
0136.JPEG,val,2,crack,0.497423,0.359615,0.994845,0.719231,enhanced_detection
0136.JPEG,val,14,other_location,0.497423,0.359615,0.994845,0.719231,enhanced_detection
0136.JPEG,val,17,high,0.497423,0.359615,0.994845,0.719231,enhanced_detection
0136.JPEG,val,2,crack,0.42268,0.617308,0.360825,0.226923,enhanced_detection
0136.JPEG,val,13,side_panel,0.42268,0.617308,0.360825,0.226923,enhanced_detection
0136.JPEG,val,16,medium,0.42268,0.617308,0.360825,0.226923,enhanced_detection
0136.JPEG,val,2,crack,0.858247,0.721154,0.273196,0.319231,enhanced_detection
0136.JPEG,val,11,right_door,0.858247,0.721154,0.273196,0.319231,enhanced_detection
0136.JPEG,val,16,medium,0.858247,0.721154,0.273196,0.319231,enhanced_detection
0137.JPEG,val,3,broken_part,0.837209,0.938462,0.155039,0.112821,enhanced_detection
0137.JPEG,val,6,front_bumper,0.837209,0.938462,0.155039,0.112821,enhanced_detection
0137.JPEG,val,16,medium,0.837209,0.938462,0.155039,0.112821,enhanced_detection
0137.JPEG,val,4,paint_damage,0.343023,0.707692,0.096899,0.082051,enhanced_detection
0137.JPEG,val,13,side_panel,0.343023,0.707692,0.096899,0.082051,enhanced_detection
0137.JPEG,val,15,low,0.343023,0.707692,0.096899,0.082051,enhanced_detection
0137.JPEG,val,2,crack,0.827519,0.835897,0.337209,0.184615,enhanced_detection
0137.JPEG,val,6,front_bumper,0.827519,0.835897,0.337209,0.184615,enhanced_detection
0137.JPEG,val,16,medium,0.827519,0.835897,0.337209,0.184615,enhanced_detection
0137.JPEG,val,4,paint_damage,0.616279,0.446154,0.100775,0.123077,enhanced_detection
0137.JPEG,val,13,side_panel,0.616279,0.446154,0.100775,0.123077,enhanced_detection
0137.JPEG,val,15,low,0.616279,0.446154,0.100775,0.123077,enhanced_detection
0137.JPEG,val,0,dent,0.265504,0.810256,0.096899,0.174359,enhanced_detection
0137.JPEG,val,6,front_bumper,0.265504,0.810256,0.096899,0.174359,enhanced_detection
0137.JPEG,val,15,low,0.265504,0.810256,0.096899,0.174359,enhanced_detection
0137.JPEG,val,3,broken_part,0.383721,0.876923,0.139535,0.082051,enhanced_detection
0137.JPEG,val,6,front_bumper,0.383721,0.876923,0.139535,0.082051,enhanced_detection
0137.JPEG,val,15,low,0.383721,0.876923,0.139535,0.082051,enhanced_detection
0139.JPEG,val,4,paint_damage,0.111969,0.332474,0.108108,0.139175,enhanced_detection
0139.JPEG,val,10,left_door,0.111969,0.332474,0.108108,0.139175,enhanced_detection
0139.JPEG,val,15,low,0.111969,0.332474,0.108108,0.139175,enhanced_detection
0139.JPEG,val,0,dent,0.945946,0.505155,0.100386,0.082474,enhanced_detection
0139.JPEG,val,11,right_door,0.945946,0.505155,0.100386,0.082474,enhanced_detection
0139.JPEG,val,15,low,0.945946,0.505155,0.100386,0.082474,enhanced_detection
0140.JPEG,val,0,dent,0.959459,0.819588,0.073359,0.134021,enhanced_detection
0140.JPEG,val,11,right_door,0.959459,0.819588,0.073359,0.134021,enhanced_detection
0140.JPEG,val,16,medium,0.959459,0.819588,0.073359,0.134021,enhanced_detection
0142.JPEG,val,2,crack,0.695652,0.882514,0.224638,0.224044,enhanced_detection
0142.JPEG,val,6,front_bumper,0.695652,0.882514,0.224638,0.224044,enhanced_detection
0142.JPEG,val,16,medium,0.695652,0.882514,0.224638,0.224044,enhanced_detection
0142.JPEG,val,0,dent,0.561594,0.939891,0.072464,0.10929,enhanced_detection
0142.JPEG,val,6,front_bumper,0.561594,0.939891,0.072464,0.10929,enhanced_detection
0142.JPEG,val,16,medium,0.561594,0.939891,0.072464,0.10929,enhanced_detection
0143.jpeg,train,0,dent,0.92278,0.430412,0.146718,0.118557,enhanced_detection
0143.jpeg,train,11,right_door,0.92278,0.430412,0.146718,0.118557,enhanced_detection
0143.jpeg,train,15,low,0.92278,0.430412,0.146718,0.118557,enhanced_detection
0146.JPEG,val,0,dent,0.277992,0.780928,0.100386,0.097938,enhanced_detection
0146.JPEG,val,6,front_bumper,0.277992,0.780928,0.100386,0.097938,enhanced_detection
0146.JPEG,val,15,low,0.277992,0.780928,0.100386,0.097938,enhanced_detection
0146.JPEG,val,0,dent,0.584942,0.123711,0.088803,0.092784,enhanced_detection
0146.JPEG,val,7,rear_bumper,0.584942,0.123711,0.088803,0.092784,enhanced_detection
0146.JPEG,val,15,low,0.584942,0.123711,0.088803,0.092784,enhanced_detection
0148.jpeg,train,0,dent,0.77027,0.822165,0.297297,0.293814,enhanced_detection
0148.jpeg,train,6,front_bumper,0.77027,0.822165,0.297297,0.293814,enhanced_detection
0148.jpeg,train,16,medium,0.77027,0.822165,0.297297,0.293814,enhanced_detection
0148.jpeg,train,2,crack,0.918919,0.778351,0.15444,0.092784,enhanced_detection
0148.jpeg,train,11,right_door,0.918919,0.778351,0.15444,0.092784,enhanced_detection
0148.jpeg,train,16,medium,0.918919,0.778351,0.15444,0.092784,enhanced_detection
0148.jpeg,train,0,dent,0.951737,0.85567,0.088803,0.14433,enhanced_detection
0148.jpeg,train,11,right_door,0.951737,0.85567,0.088803,0.14433,enhanced_detection
0148.jpeg,train,15,low,0.951737,0.85567,0.088803,0.14433,enhanced_detection
0148.jpeg,train,2,crack,0.507722,0.778351,0.389961,0.113402,enhanced_detection
0148.jpeg,train,6,front_bumper,0.507722,0.778351,0.389961,0.113402,enhanced_detection
0148.jpeg,train,16,medium,0.507722,0.778351,0.389961,0.113402,enhanced_detection
0149.JPEG,val,4,paint_damage,0.878327,0.879581,0.235741,0.157068,enhanced_detection
0149.JPEG,val,6,front_bumper,0.878327,0.879581,0.235741,0.157068,enhanced_detection
0149.JPEG,val,16,medium,0.878327,0.879581,0.235741,0.157068,enhanced_detection
0149.JPEG,val,4,paint_damage,0.515209,0.887435,0.148289,0.204188,enhanced_detection
0149.JPEG,val,6,front_bumper,0.515209,0.887435,0.148289,0.204188,enhanced_detection
0149.JPEG,val,15,low,0.515209,0.887435,0.148289,0.204188,enhanced_detection
0149.JPEG,val,4,paint_damage,0.893536,0.790576,0.205323,0.094241,enhanced_detection
0149.JPEG,val,11,right_door,0.893536,0.790576,0.205323,0.094241,enhanced_detection
0149.JPEG,val,15,low,0.893536,0.790576,0.205323,0.094241,enhanced_detection
0150.JPEG,val,2,crack,0.498201,0.356354,0.996403,0.712707,enhanced_detection
0150.JPEG,val,14,other_location,0.498201,0.356354,0.996403,0.712707,enhanced_detection
0150.JPEG,val,17,high,0.498201,0.356354,0.996403,0.712707,enhanced_detection
0150.JPEG,val,4,paint_damage,0.645683,0.232044,0.104317,0.187845,enhanced_detection
0150.JPEG,val,9,windshield,0.645683,0.232044,0.104317,0.187845,enhanced_detection
0150.JPEG,val,15,low,0.645683,0.232044,0.104317,0.187845,enhanced_detection
0150.JPEG,val,0,dent,0.607914,0.776243,0.338129,0.436464,enhanced_detection
0150.JPEG,val,6,front_bumper,0.607914,0.776243,0.338129,0.436464,enhanced_detection
0150.JPEG,val,16,medium,0.607914,0.776243,0.338129,0.436464,enhanced_detection
0150.JPEG,val,0,dent,0.906475,0.740331,0.179856,0.198895,enhanced_detection
0150.JPEG,val,11,right_door,0.906475,0.740331,0.179856,0.198895,enhanced_detection
0150.JPEG,val,15,low,0.906475,0.740331,0.179856,0.198895,enhanced_detection
0150.JPEG,val,4,paint_damage,0.803957,0.61326,0.125899,0.099448,enhanced_detection
0150.JPEG,val,11,right_door,0.803957,0.61326,0.125899,0.099448,enhanced_detection
0150.JPEG,val,15,low,0.803957,0.61326,0.125899,0.099448,enhanced_detection
0150.JPEG,val,4,paint_damage,0.392086,0.839779,0.122302,0.110497,enhanced_detection
0150.JPEG,val,6,front_bumper,0.392086,0.839779,0.122302,0.110497,enhanced_detection
0150.JPEG,val,15,low,0.392086,0.839779,0.122302,0.110497,enhanced_detection
0150.JPEG,val,0,dent,0.113309,0.726519,0.226619,0.436464,enhanced_detection
0150.JPEG,val,10,left_door,0.113309,0.726519,0.226619,0.436464,enhanced_detection
0150.JPEG,val,15,low,0.113309,0.726519,0.226619,0.436464,enhanced_detection
0152.jpeg,train,2,crack,0.099237,0.898438,0.198473,0.098958,enhanced_detection
0152.jpeg,train,6,front_bumper,0.099237,0.898438,0.198473,0.098958,enhanced_detection
0152.jpeg,train,16,medium,0.099237,0.898438,0.198473,0.098958,enhanced_detection
0152.jpeg,train,3,broken_part,0.927481,0.864583,0.137405,0.208333,enhanced_detection
0152.jpeg,train,11,right_door,0.927481,0.864583,0.137405,0.208333,enhanced_detection
0152.jpeg,train,16,medium,0.927481,0.864583,0.137405,0.208333,enhanced_detection
0153.JPEG,val,2,crack,0.743243,0.798969,0.505792,0.391753,enhanced_detection
0153.JPEG,val,6,front_bumper,0.743243,0.798969,0.505792,0.391753,enhanced_detection
0153.JPEG,val,16,medium,0.743243,0.798969,0.505792,0.391753,enhanced_detection
0153.JPEG,val,2,crack,0.403475,0.886598,0.127413,0.082474,enhanced_detection
0153.JPEG,val,6,front_bumper,0.403475,0.886598,0.127413,0.082474,enhanced_detection
0153.JPEG,val,16,medium,0.403475,0.886598,0.127413,0.082474,enhanced_detection
0153.JPEG,val,2,crack,0.951737,0.610825,0.088803,0.139175,enhanced_detection
0153.JPEG,val,11,right_door,0.951737,0.610825,0.088803,0.139175,enhanced_detection
0153.JPEG,val,16,medium,0.951737,0.610825,0.088803,0.139175,enhanced_detection
0153.JPEG,val,0,dent,0.040541,0.840206,0.081081,0.14433,enhanced_detection
0153.JPEG,val,10,left_door,0.040541,0.840206,0.081081,0.14433,enhanced_detection
0153.JPEG,val,15,low,0.040541,0.840206,0.081081,0.14433,enhanced_detection
0153.JPEG,val,0,dent,0.947876,0.729381,0.096525,0.087629,enhanced_detection
0153.JPEG,val,11,right_door,0.947876,0.729381,0.096525,0.087629,enhanced_detection
0153.JPEG,val,15,low,0.947876,0.729381,0.096525,0.087629,enhanced_detection
0154.JPEG,train,2,crack,0.029528,0.424242,0.059055,0.131313,enhanced_detection
0154.JPEG,train,10,left_door,0.029528,0.424242,0.059055,0.131313,enhanced_detection
0154.JPEG,train,15,low,0.029528,0.424242,0.059055,0.131313,enhanced_detection
0155.jpeg,train,2,crack,0.963636,0.759563,0.065455,0.185792,enhanced_detection
0155.jpeg,train,11,right_door,0.963636,0.759563,0.065455,0.185792,enhanced_detection
0155.jpeg,train,15,low,0.963636,0.759563,0.065455,0.185792,enhanced_detection
0156.JPEG,val,2,crack,0.872587,0.188144,0.247104,0.376289,enhanced_detection
0156.JPEG,val,11,right_door,0.872587,0.188144,0.247104,0.376289,enhanced_detection
0156.JPEG,val,17,high,0.872587,0.188144,0.247104,0.376289,enhanced_detection
0156.JPEG,val,0,dent,0.942085,0.626289,0.108108,0.252577,enhanced_detection
0156.JPEG,val,11,right_door,0.942085,0.626289,0.108108,0.252577,enhanced_detection
0156.JPEG,val,16,medium,0.942085,0.626289,0.108108,0.252577,enhanced_detection
0156.JPEG,val,0,dent,0.679537,0.744845,0.393822,0.5,enhanced_detection
0156.JPEG,val,6,front_bumper,0.679537,0.744845,0.393822,0.5,enhanced_detection
0156.JPEG,val,16,medium,0.679537,0.744845,0.393822,0.5,enhanced_detection
0156.JPEG,val,0,dent,0.592664,0.899485,0.104247,0.170103,enhanced_detection
0156.JPEG,val,6,front_bumper,0.592664,0.899485,0.104247,0.170103,enhanced_detection
0156.JPEG,val,15,low,0.592664,0.899485,0.104247,0.170103,enhanced_detection
0156.JPEG,val,0,dent,0.793436,0.396907,0.212355,0.340206,enhanced_detection
0156.JPEG,val,11,right_door,0.793436,0.396907,0.212355,0.340206,enhanced_detection
0156.JPEG,val,16,medium,0.793436,0.396907,0.212355,0.340206,enhanced_detection
0157.jpeg,train,2,crack,0.888031,0.396907,0.216216,0.247423,enhanced_detection
0157.jpeg,train,11,right_door,0.888031,0.396907,0.216216,0.247423,enhanced_detection
0157.jpeg,train,16,medium,0.888031,0.396907,0.216216,0.247423,enhanced_detection
0157.jpeg,train,0,dent,0.965251,0.907216,0.061776,0.175258,enhanced_detection
0157.jpeg,train,11,right_door,0.965251,0.907216,0.061776,0.175258,enhanced_detection
0157.jpeg,train,15,low,0.965251,0.907216,0.061776,0.175258,enhanced_detection
0157.jpeg,train,0,dent,0.343629,0.592784,0.11583,0.185567,enhanced_detection
0157.jpeg,train,13,side_panel,0.343629,0.592784,0.11583,0.185567,enhanced_detection
0157.jpeg,train,15,low,0.343629,0.592784,0.11583,0.185567,enhanced_detection
0157.jpeg,train,0,dent,0.044402,0.203608,0.081081,0.108247,enhanced_detection
0157.jpeg,train,10,left_door,0.044402,0.203608,0.081081,0.108247,enhanced_detection
0157.jpeg,train,15,low,0.044402,0.203608,0.081081,0.108247,enhanced_detection
0157.jpeg,train,2,crack,0.249035,0.798969,0.498069,0.103093,enhanced_detection
0157.jpeg,train,6,front_bumper,0.249035,0.798969,0.498069,0.103093,enhanced_detection
0157.jpeg,train,16,medium,0.249035,0.798969,0.498069,0.103093,enhanced_detection
0159.JPEG,train,4,paint_damage,0.069588,0.965251,0.139175,0.061776,enhanced_detection
0159.JPEG,train,6,front_bumper,0.069588,0.965251,0.139175,0.061776,enhanced_detection
0159.JPEG,train,16,medium,0.069588,0.965251,0.139175,0.061776,enhanced_detection
0159.JPEG,train,2,crack,0.21134,0.517375,0.42268,0.069498,enhanced_detection
0159.JPEG,train,10,left_door,0.21134,0.517375,0.42268,0.069498,enhanced_detection
0159.JPEG,train,16,medium,0.21134,0.517375,0.42268,0.069498,enhanced_detection
0159.JPEG,train,2,crack,0.435567,0.129344,0.871134,0.258687,enhanced_detection
0159.JPEG,train,12,roof,0.435567,0.129344,0.871134,0.258687,enhanced_detection
0159.JPEG,train,16,medium,0.435567,0.129344,0.871134,0.258687,enhanced_detection
0159.JPEG,train,2,crack,0.731959,0.102317,0.340206,0.158301,enhanced_detection
0159.JPEG,train,7,rear_bumper,0.731959,0.102317,0.340206,0.158301,enhanced_detection
0159.JPEG,train,16,medium,0.731959,0.102317,0.340206,0.158301,enhanced_detection
0159.JPEG,train,2,crack,0.497423,0.702703,0.994845,0.277992,enhanced_detection
0159.JPEG,train,6,front_bumper,0.497423,0.702703,0.994845,0.277992,enhanced_detection
0159.JPEG,train,16,medium,0.497423,0.702703,0.994845,0.277992,enhanced_detection
0160.JPEG,val,2,crack,0.932692,0.115979,0.126923,0.231959,enhanced_detection
0160.JPEG,val,7,rear_bumper,0.932692,0.115979,0.126923,0.231959,enhanced_detection
0160.JPEG,val,16,medium,0.932692,0.115979,0.126923,0.231959,enhanced_detection
0160.JPEG,val,2,crack,0.588462,0.048969,0.315385,0.097938,enhanced_detection
0160.JPEG,val,7,rear_bumper,0.588462,0.048969,0.315385,0.097938,enhanced_detection
0160.JPEG,val,16,medium,0.588462,0.048969,0.315385,0.097938,enhanced_detection
0160.JPEG,val,0,dent,0.798077,0.100515,0.080769,0.201031,enhanced_detection
0160.JPEG,val,7,rear_bumper,0.798077,0.100515,0.080769,0.201031,enhanced_detection
0160.JPEG,val,15,low,0.798077,0.100515,0.080769,0.201031,enhanced_detection
0161.jpeg,train,0,dent,0.896648,0.402482,0.150838,0.060284,enhanced_detection
0161.jpeg,train,11,right_door,0.896648,0.402482,0.150838,0.060284,enhanced_detection
0161.jpeg,train,15,low,0.896648,0.402482,0.150838,0.060284,enhanced_detection
0166.JPEG,val,0,dent,0.936538,0.943299,0.119231,0.103093,enhanced_detection
0166.JPEG,val,6,front_bumper,0.936538,0.943299,0.119231,0.103093,enhanced_detection
0166.JPEG,val,15,low,0.936538,0.943299,0.119231,0.103093,enhanced_detection
0166.JPEG,val,0,dent,0.942308,0.809278,0.092308,0.103093,enhanced_detection
0166.JPEG,val,11,right_door,0.942308,0.809278,0.092308,0.103093,enhanced_detection
0166.JPEG,val,15,low,0.942308,0.809278,0.092308,0.103093,enhanced_detection
0167.JPEG,val,2,crack,0.223938,0.059278,0.092664,0.118557,enhanced_detection
0167.JPEG,val,7,rear_bumper,0.223938,0.059278,0.092664,0.118557,enhanced_detection
0167.JPEG,val,16,medium,0.223938,0.059278,0.092664,0.118557,enhanced_detection
0169.jpeg,train,0,dent,0.046332,0.689744,0.069498,0.097436,enhanced_detection
0169.jpeg,train,10,left_door,0.046332,0.689744,0.069498,0.097436,enhanced_detection
0169.jpeg,train,15,low,0.046332,0.689744,0.069498,0.097436,enhanced_detection
0170.JPEG,val,0,dent,0.078671,0.116477,0.157343,0.210227,enhanced_detection
0170.JPEG,val,7,rear_bumper,0.078671,0.116477,0.157343,0.210227,enhanced_detection
0170.JPEG,val,15,low,0.078671,0.116477,0.157343,0.210227,enhanced_detection
0170.JPEG,val,0,dent,0.743007,0.849432,0.059441,0.119318,enhanced_detection
0170.JPEG,val,6,front_bumper,0.743007,0.849432,0.059441,0.119318,enhanced_detection
0170.JPEG,val,15,low,0.743007,0.849432,0.059441,0.119318,enhanced_detection
0171.JPEG,val,2,crack,0.694981,0.798969,0.602317,0.391753,enhanced_detection
0171.JPEG,val,6,front_bumper,0.694981,0.798969,0.602317,0.391753,enhanced_detection
0171.JPEG,val,17,high,0.694981,0.798969,0.602317,0.391753,enhanced_detection
0171.JPEG,val,4,paint_damage,0.03668,0.283505,0.073359,0.123711,enhanced_detection
0171.JPEG,val,10,left_door,0.03668,0.283505,0.073359,0.123711,enhanced_detection
0171.JPEG,val,16,medium,0.03668,0.283505,0.073359,0.123711,enhanced_detection
0171.JPEG,val,0,dent,0.949807,0.920103,0.084942,0.118557,enhanced_detection
0171.JPEG,val,11,right_door,0.949807,0.920103,0.084942,0.118557,enhanced_detection
0171.JPEG,val,15,low,0.949807,0.920103,0.084942,0.118557,enhanced_detection
0171.JPEG,val,0,dent,0.335907,0.845361,0.185328,0.298969,enhanced_detection
0171.JPEG,val,6,front_bumper,0.335907,0.845361,0.185328,0.298969,enhanced_detection
0171.JPEG,val,16,medium,0.335907,0.845361,0.185328,0.298969,enhanced_detection
0171.JPEG,val,4,paint_damage,0.6139,0.456186,0.131274,0.108247,enhanced_detection
0171.JPEG,val,13,side_panel,0.6139,0.456186,0.131274,0.108247,enhanced_detection
0171.JPEG,val,16,medium,0.6139,0.456186,0.131274,0.108247,enhanced_detection
0171.JPEG,val,4,paint_damage,0.766409,0.404639,0.235521,0.293814,enhanced_detection
0171.JPEG,val,11,right_door,0.766409,0.404639,0.235521,0.293814,enhanced_detection
0171.JPEG,val,16,medium,0.766409,0.404639,0.235521,0.293814,enhanced_detection
0171.JPEG,val,2,crack,0.27027,0.92268,0.123552,0.14433,enhanced_detection
0171.JPEG,val,6,front_bumper,0.27027,0.92268,0.123552,0.14433,enhanced_detection
0171.JPEG,val,16,medium,0.27027,0.92268,0.123552,0.14433,enhanced_detection
0172.jpeg,train,2,crack,0.799228,0.953608,0.138996,0.082474,enhanced_detection
0172.jpeg,train,6,front_bumper,0.799228,0.953608,0.138996,0.082474,enhanced_detection
0172.jpeg,train,15,low,0.799228,0.953608,0.138996,0.082474,enhanced_detection
0173.JPEG,val,4,paint_damage,0.152542,0.926901,0.305085,0.134503,enhanced_detection
0173.JPEG,val,6,front_bumper,0.152542,0.926901,0.305085,0.134503,enhanced_detection
0173.JPEG,val,15,low,0.152542,0.926901,0.305085,0.134503,enhanced_detection
0173.JPEG,val,0,dent,0.054237,0.076023,0.108475,0.116959,enhanced_detection
0173.JPEG,val,7,rear_bumper,0.054237,0.076023,0.108475,0.116959,enhanced_detection
0173.JPEG,val,15,low,0.054237,0.076023,0.108475,0.116959,enhanced_detection
0174.JPEG,val,4,paint_damage,0.92278,0.242268,0.146718,0.164948,enhanced_detection
0174.JPEG,val,11,right_door,0.92278,0.242268,0.146718,0.164948,enhanced_detection
0174.JPEG,val,16,medium,0.92278,0.242268,0.146718,0.164948,enhanced_detection
0174.JPEG,val,2,crack,0.602317,0.868557,0.185328,0.118557,enhanced_detection
0174.JPEG,val,6,front_bumper,0.602317,0.868557,0.185328,0.118557,enhanced_detection
0174.JPEG,val,16,medium,0.602317,0.868557,0.185328,0.118557,enhanced_detection
0174.JPEG,val,0,dent,0.747104,0.881443,0.111969,0.103093,enhanced_detection
0174.JPEG,val,6,front_bumper,0.747104,0.881443,0.111969,0.103093,enhanced_detection
0174.JPEG,val,15,low,0.747104,0.881443,0.111969,0.103093,enhanced_detection
0175.JPEG,val,2,crack,0.15251,0.649485,0.274131,0.175258,enhanced_detection
0175.JPEG,val,10,left_door,0.15251,0.649485,0.274131,0.175258,enhanced_detection
0175.JPEG,val,16,medium,0.15251,0.649485,0.274131,0.175258,enhanced_detection
0177.JPEG,val,0,dent,0.15669,0.847458,0.102113,0.146893,enhanced_detection
0177.JPEG,val,6,front_bumper,0.15669,0.847458,0.102113,0.146893,enhanced_detection
0177.JPEG,val,15,low,0.15669,0.847458,0.102113,0.146893,enhanced_detection
0178.JPEG,val,0,dent,0.901544,0.927835,0.142857,0.134021,enhanced_detection
0178.JPEG,val,6,front_bumper,0.901544,0.927835,0.142857,0.134021,enhanced_detection
0178.JPEG,val,15,low,0.901544,0.927835,0.142857,0.134021,enhanced_detection
0178.JPEG,val,0,dent,0.644788,0.909794,0.11583,0.170103,enhanced_detection
0178.JPEG,val,6,front_bumper,0.644788,0.909794,0.11583,0.170103,enhanced_detection
0178.JPEG,val,15,low,0.644788,0.909794,0.11583,0.170103,enhanced_detection
0179.JPEG,val,2,crack,0.061856,0.760618,0.123711,0.254826,enhanced_detection
0179.JPEG,val,10,left_door,0.061856,0.760618,0.123711,0.254826,enhanced_detection
0179.JPEG,val,16,medium,0.061856,0.760618,0.123711,0.254826,enhanced_detection
0179.JPEG,val,0,dent,0.631443,0.07529,0.108247,0.088803,enhanced_detection
0179.JPEG,val,7,rear_bumper,0.631443,0.07529,0.108247,0.088803,enhanced_detection
0179.JPEG,val,15,low,0.631443,0.07529,0.108247,0.088803,enhanced_detection
0181.JPEG,val,2,crack,0.172101,0.868852,0.344203,0.229508,enhanced_detection
0181.JPEG,val,6,front_bumper,0.172101,0.868852,0.344203,0.229508,enhanced_detection
0181.JPEG,val,16,medium,0.172101,0.868852,0.344203,0.229508,enhanced_detection
0181.JPEG,val,4,paint_damage,0.38587,0.713115,0.097826,0.081967,enhanced_detection
0181.JPEG,val,6,front_bumper,0.38587,0.713115,0.097826,0.081967,enhanced_detection
0181.JPEG,val,15,low,0.38587,0.713115,0.097826,0.081967,enhanced_detection
0182.JPEG,val,0,dent,0.445946,0.927835,0.127413,0.134021,enhanced_detection
0182.JPEG,val,6,front_bumper,0.445946,0.927835,0.127413,0.134021,enhanced_detection
0182.JPEG,val,15,low,0.445946,0.927835,0.127413,0.134021,enhanced_detection
0185.JPEG,val,2,crack,0.918919,0.881443,0.15444,0.226804,enhanced_detection
0185.JPEG,val,6,front_bumper,0.918919,0.881443,0.15444,0.226804,enhanced_detection
0185.JPEG,val,16,medium,0.918919,0.881443,0.15444,0.226804,enhanced_detection
0186.JPEG,train,2,crack,0.048263,0.445876,0.096525,0.201031,enhanced_detection
0186.JPEG,train,10,left_door,0.048263,0.445876,0.096525,0.201031,enhanced_detection
0186.JPEG,train,16,medium,0.048263,0.445876,0.096525,0.201031,enhanced_detection
0186.JPEG,train,0,dent,0.73166,0.770619,0.359073,0.283505,enhanced_detection
0186.JPEG,train,6,front_bumper,0.73166,0.770619,0.359073,0.283505,enhanced_detection
0186.JPEG,train,16,medium,0.73166,0.770619,0.359073,0.283505,enhanced_detection
0186.JPEG,train,2,crack,0.069498,0.670103,0.138996,0.134021,enhanced_detection
0186.JPEG,train,10,left_door,0.069498,0.670103,0.138996,0.134021,enhanced_detection
0186.JPEG,train,16,medium,0.069498,0.670103,0.138996,0.134021,enhanced_detection
0187.JPEG,val,0,dent,0.211268,0.621469,0.056338,0.112994,enhanced_detection
0187.JPEG,val,10,left_door,0.211268,0.621469,0.056338,0.112994,enhanced_detection
0187.JPEG,val,15,low,0.211268,0.621469,0.056338,0.112994,enhanced_detection
0188.jpeg,train,2,crack,0.108696,0.275956,0.217391,0.245902,enhanced_detection
0188.jpeg,train,10,left_door,0.108696,0.275956,0.217391,0.245902,enhanced_detection
0188.jpeg,train,16,medium,0.108696,0.275956,0.217391,0.245902,enhanced_detection
0189.JPEG,val,2,crack,0.614545,0.068306,0.763636,0.136612,enhanced_detection
0189.JPEG,val,7,rear_bumper,0.614545,0.068306,0.763636,0.136612,enhanced_detection
0189.JPEG,val,17,high,0.614545,0.068306,0.763636,0.136612,enhanced_detection
0189.JPEG,val,4,paint_damage,0.198182,0.103825,0.141818,0.20765,enhanced_detection
0189.JPEG,val,7,rear_bumper,0.198182,0.103825,0.141818,0.20765,enhanced_detection
0189.JPEG,val,16,medium,0.198182,0.103825,0.141818,0.20765,enhanced_detection
0191.JPEG,val,0,dent,0.590301,0.907738,0.110368,0.172619,enhanced_detection
0191.JPEG,val,6,front_bumper,0.590301,0.907738,0.110368,0.172619,enhanced_detection
0191.JPEG,val,15,low,0.590301,0.907738,0.110368,0.172619,enhanced_detection
0192.JPEG,val,2,crack,0.903475,0.185567,0.185328,0.371134,enhanced_detection
0192.JPEG,val,11,right_door,0.903475,0.185567,0.185328,0.371134,enhanced_detection
0192.JPEG,val,16,medium,0.903475,0.185567,0.185328,0.371134,enhanced_detection
0192.JPEG,val,2,crack,0.222008,0.389175,0.289575,0.520619,enhanced_detection
0192.JPEG,val,10,left_door,0.222008,0.389175,0.289575,0.520619,enhanced_detection
0192.JPEG,val,17,high,0.222008,0.389175,0.289575,0.520619,enhanced_detection
0192.JPEG,val,0,dent,0.907336,0.713918,0.177606,0.324742,enhanced_detection
0192.JPEG,val,11,right_door,0.907336,0.713918,0.177606,0.324742,enhanced_detection
0192.JPEG,val,16,medium,0.907336,0.713918,0.177606,0.324742,enhanced_detection
0192.JPEG,val,0,dent,0.432432,0.724227,0.208494,0.293814,enhanced_detection
0192.JPEG,val,6,front_bumper,0.432432,0.724227,0.208494,0.293814,enhanced_detection
0192.JPEG,val,16,medium,0.432432,0.724227,0.208494,0.293814,enhanced_detection
0192.JPEG,val,0,dent,0.287645,0.667526,0.065637,0.07732,enhanced_detection
0192.JPEG,val,10,left_door,0.287645,0.667526,0.065637,0.07732,enhanced_detection
0192.JPEG,val,15,low,0.287645,0.667526,0.065637,0.07732,enhanced_detection
0193.JPEG,val,2,crack,0.814672,0.497423,0.362934,0.994845,enhanced_detection
0193.JPEG,val,11,right_door,0.814672,0.497423,0.362934,0.994845,enhanced_detection
0193.JPEG,val,17,high,0.814672,0.497423,0.362934,0.994845,enhanced_detection
0193.JPEG,val,2,crack,0.368726,0.476804,0.737452,0.953608,enhanced_detection
0193.JPEG,val,14,other_location,0.368726,0.476804,0.737452,0.953608,enhanced_detection
0193.JPEG,val,17,high,0.368726,0.476804,0.737452,0.953608,enhanced_detection
0193.JPEG,val,2,crack,0.140927,0.626289,0.104247,0.149485,enhanced_detection
0193.JPEG,val,10,left_door,0.140927,0.626289,0.104247,0.149485,enhanced_detection
0193.JPEG,val,15,low,0.140927,0.626289,0.104247,0.149485,enhanced_detection
0193.JPEG,val,4,paint_damage,0.411197,0.835052,0.088803,0.113402,enhanced_detection
0193.JPEG,val,6,front_bumper,0.411197,0.835052,0.088803,0.113402,enhanced_detection
0193.JPEG,val,15,low,0.411197,0.835052,0.088803,0.113402,enhanced_detection
0193.JPEG,val,0,dent,0.189189,0.75,0.084942,0.128866,enhanced_detection
0193.JPEG,val,10,left_door,0.189189,0.75,0.084942,0.128866,enhanced_detection
0193.JPEG,val,15,low,0.189189,0.75,0.084942,0.128866,enhanced_detection
0193.JPEG,val,2,crack,0.754826,0.28866,0.111969,0.185567,enhanced_detection
0193.JPEG,val,11,right_door,0.754826,0.28866,0.111969,0.185567,enhanced_detection
0193.JPEG,val,16,medium,0.754826,0.28866,0.111969,0.185567,enhanced_detection
0194.JPEG,val,0,dent,0.936293,0.095361,0.119691,0.190722,enhanced_detection
0194.JPEG,val,7,rear_bumper,0.936293,0.095361,0.119691,0.190722,enhanced_detection
0194.JPEG,val,15,low,0.936293,0.095361,0.119691,0.190722,enhanced_detection
0195.JPEG,val,0,dent,0.083012,0.190722,0.166023,0.278351,enhanced_detection
0195.JPEG,val,10,left_door,0.083012,0.190722,0.166023,0.278351,enhanced_detection
0195.JPEG,val,16,medium,0.083012,0.190722,0.166023,0.278351,enhanced_detection
0196.JPEG,val,2,crack,0.0301,0.943452,0.060201,0.10119,enhanced_detection
0196.JPEG,val,13,side_panel,0.0301,0.943452,0.060201,0.10119,enhanced_detection
0196.JPEG,val,16,medium,0.0301,0.943452,0.060201,0.10119,enhanced_detection
0197.JPEG,val,0,dent,0.149485,0.92278,0.298969,0.146718,enhanced_detection
0197.JPEG,val,6,front_bumper,0.149485,0.92278,0.298969,0.146718,enhanced_detection
0197.JPEG,val,15,low,0.149485,0.92278,0.298969,0.146718,enhanced_detection
0197.JPEG,val,2,crack,0.497423,0.34556,0.994845,0.69112,enhanced_detection
0197.JPEG,val,14,other_location,0.497423,0.34556,0.994845,0.69112,enhanced_detection
0197.JPEG,val,17,high,0.497423,0.34556,0.994845,0.69112,enhanced_detection
0197.JPEG,val,0,dent,0.791237,0.915058,0.407216,0.162162,enhanced_detection
0197.JPEG,val,6,front_bumper,0.791237,0.915058,0.407216,0.162162,enhanced_detection
0197.JPEG,val,16,medium,0.791237,0.915058,0.407216,0.162162,enhanced_detection
0197.JPEG,val,2,crack,0.458763,0.940154,0.350515,0.111969,enhanced_detection
0197.JPEG,val,6,front_bumper,0.458763,0.940154,0.350515,0.111969,enhanced_detection
0197.JPEG,val,15,low,0.458763,0.940154,0.350515,0.111969,enhanced_detection
0197.JPEG,val,0,dent,0.252577,0.959459,0.103093,0.073359,enhanced_detection
0197.JPEG,val,6,front_bumper,0.252577,0.959459,0.103093,0.073359,enhanced_detection
0197.JPEG,val,15,low,0.252577,0.959459,0.103093,0.073359,enhanced_detection
0197.JPEG,val,0,dent,0.162371,0.868726,0.128866,0.061776,enhanced_detection
0197.JPEG,val,6,front_bumper,0.162371,0.868726,0.128866,0.061776,enhanced_detection
0197.JPEG,val,15,low,0.162371,0.868726,0.128866,0.061776,enhanced_detection
0199.jpeg,train,2,crack,0.907336,0.941026,0.177606,0.097436,enhanced_detection
0199.jpeg,train,6,front_bumper,0.907336,0.941026,0.177606,0.097436,enhanced_detection
0199.jpeg,train,16,medium,0.907336,0.941026,0.177606,0.097436,enhanced_detection
0201.JPEG,train,0,dent,0.078333,0.514881,0.063333,0.113095,enhanced_detection
0201.JPEG,train,10,left_door,0.078333,0.514881,0.063333,0.113095,enhanced_detection
0201.JPEG,train,15,low,0.078333,0.514881,0.063333,0.113095,enhanced_detection
0204.JPEG,val,0,dent,0.169091,0.912568,0.141818,0.163934,enhanced_detection
0204.JPEG,val,6,front_bumper,0.169091,0.912568,0.141818,0.163934,enhanced_detection
0204.JPEG,val,15,low,0.169091,0.912568,0.141818,0.163934,enhanced_detection
0204.JPEG,val,0,dent,0.058182,0.901639,0.116364,0.185792,enhanced_detection
0204.JPEG,val,6,front_bumper,0.058182,0.901639,0.116364,0.185792,enhanced_detection
0204.JPEG,val,15,low,0.058182,0.901639,0.116364,0.185792,enhanced_detection
0204.JPEG,val,0,dent,0.069091,0.07377,0.08,0.081967,enhanced_detection
0204.JPEG,val,7,rear_bumper,0.069091,0.07377,0.08,0.081967,enhanced_detection
0204.JPEG,val,15,low,0.069091,0.07377,0.08,0.081967,enhanced_detection
0204.JPEG,val,4,paint_damage,0.569091,0.202186,0.105455,0.087432,enhanced_detection
0204.JPEG,val,12,roof,0.569091,0.202186,0.105455,0.087432,enhanced_detection
0204.JPEG,val,15,low,0.569091,0.202186,0.105455,0.087432,enhanced_detection
0204.JPEG,val,0,dent,0.958182,0.89071,0.076364,0.153005,enhanced_detection
0204.JPEG,val,11,right_door,0.958182,0.89071,0.076364,0.153005,enhanced_detection
0204.JPEG,val,15,low,0.958182,0.89071,0.076364,0.153005,enhanced_detection
0204.JPEG,val,0,dent,0.492727,0.909836,0.098182,0.15847,enhanced_detection
0204.JPEG,val,6,front_bumper,0.492727,0.909836,0.098182,0.15847,enhanced_detection
0204.JPEG,val,15,low,0.492727,0.909836,0.098182,0.15847,enhanced_detection
0204.JPEG,val,0,dent,0.792727,0.912568,0.116364,0.163934,enhanced_detection
0204.JPEG,val,6,front_bumper,0.792727,0.912568,0.116364,0.163934,enhanced_detection
0204.JPEG,val,15,low,0.792727,0.912568,0.116364,0.163934,enhanced_detection
0204.JPEG,val,0,dent,0.441818,0.893443,0.061818,0.103825,enhanced_detection
0204.JPEG,val,6,front_bumper,0.441818,0.893443,0.061818,0.103825,enhanced_detection
0204.JPEG,val,15,low,0.441818,0.893443,0.061818,0.103825,enhanced_detection
0205.JPEG,val,0,dent,0.464758,0.77027,0.22467,0.333333,enhanced_detection
0205.JPEG,val,6,front_bumper,0.464758,0.77027,0.22467,0.333333,enhanced_detection
0205.JPEG,val,16,medium,0.464758,0.77027,0.22467,0.333333,enhanced_detection
0205.JPEG,val,2,crack,0.118943,0.936937,0.237885,0.117117,enhanced_detection
0205.JPEG,val,6,front_bumper,0.118943,0.936937,0.237885,0.117117,enhanced_detection
0205.JPEG,val,16,medium,0.118943,0.936937,0.237885,0.117117,enhanced_detection
0207.JPEG,val,3,broken_part,0.172727,0.896175,0.178182,0.196721,enhanced_detection
0207.JPEG,val,6,front_bumper,0.172727,0.896175,0.178182,0.196721,enhanced_detection
0207.JPEG,val,16,medium,0.172727,0.896175,0.178182,0.196721,enhanced_detection
0207.JPEG,val,0,dent,0.058182,0.92623,0.072727,0.136612,enhanced_detection
0207.JPEG,val,6,front_bumper,0.058182,0.92623,0.072727,0.136612,enhanced_detection
0207.JPEG,val,15,low,0.058182,0.92623,0.072727,0.136612,enhanced_detection
0207.JPEG,val,2,crack,0.049091,0.155738,0.098182,0.114754,enhanced_detection
0207.JPEG,val,10,left_door,0.049091,0.155738,0.098182,0.114754,enhanced_detection
0207.JPEG,val,16,medium,0.049091,0.155738,0.098182,0.114754,enhanced_detection
0210.JPEG,val,2,crack,0.049213,0.459596,0.098425,0.141414,enhanced_detection
0210.JPEG,val,10,left_door,0.049213,0.459596,0.098425,0.141414,enhanced_detection
0210.JPEG,val,15,low,0.049213,0.459596,0.098425,0.141414,enhanced_detection
0213.JPEG,val,2,crack,0.914716,0.889881,0.16388,0.089286,enhanced_detection
0213.JPEG,val,6,front_bumper,0.914716,0.889881,0.16388,0.089286,enhanced_detection
0213.JPEG,val,15,low,0.914716,0.889881,0.16388,0.089286,enhanced_detection
0214.JPEG,val,2,crack,0.452797,0.897727,0.905594,0.193182,enhanced_detection
0214.JPEG,val,6,front_bumper,0.452797,0.897727,0.905594,0.193182,enhanced_detection
0214.JPEG,val,17,high,0.452797,0.897727,0.905594,0.193182,enhanced_detection
0214.JPEG,val,0,dent,0.164336,0.045455,0.06993,0.090909,enhanced_detection
0214.JPEG,val,7,rear_bumper,0.164336,0.045455,0.06993,0.090909,enhanced_detection
0214.JPEG,val,15,low,0.164336,0.045455,0.06993,0.090909,enhanced_detection
0214.JPEG,val,0,dent,0.064685,0.803977,0.129371,0.130682,enhanced_detection
0214.JPEG,val,10,left_door,0.064685,0.803977,0.129371,0.130682,enhanced_detection
0214.JPEG,val,15,low,0.064685,0.803977,0.129371,0.130682,enhanced_detection
0215.JPEG,val,2,crack,0.96139,0.180412,0.069498,0.319588,enhanced_detection
0215.JPEG,val,11,right_door,0.96139,0.180412,0.069498,0.319588,enhanced_detection
0215.JPEG,val,16,medium,0.96139,0.180412,0.069498,0.319588,enhanced_detection
0215.JPEG,val,2,crack,0.249035,0.68299,0.081081,0.07732,enhanced_detection
0215.JPEG,val,10,left_door,0.249035,0.68299,0.081081,0.07732,enhanced_detection
0215.JPEG,val,16,medium,0.249035,0.68299,0.081081,0.07732,enhanced_detection
0216.JPEG,val,2,crack,0.776062,0.899485,0.440154,0.190722,enhanced_detection
0216.JPEG,val,6,front_bumper,0.776062,0.899485,0.440154,0.190722,enhanced_detection
0216.JPEG,val,16,medium,0.776062,0.899485,0.440154,0.190722,enhanced_detection
0216.JPEG,val,2,crack,0.210425,0.868557,0.420849,0.252577,enhanced_detection
0216.JPEG,val,6,front_bumper,0.210425,0.868557,0.420849,0.252577,enhanced_detection
0216.JPEG,val,16,medium,0.210425,0.868557,0.420849,0.252577,enhanced_detection
0216.JPEG,val,0,dent,0.048263,0.701031,0.096525,0.103093,enhanced_detection
0216.JPEG,val,10,left_door,0.048263,0.701031,0.096525,0.103093,enhanced_detection
0216.JPEG,val,15,low,0.048263,0.701031,0.096525,0.103093,enhanced_detection
0216.JPEG,val,0,dent,0.5,0.907216,0.088803,0.113402,enhanced_detection
0216.JPEG,val,6,front_bumper,0.5,0.907216,0.088803,0.113402,enhanced_detection
0216.JPEG,val,15,low,0.5,0.907216,0.088803,0.113402,enhanced_detection
0217.JPEG,val,2,crack,0.12,0.107143,0.24,0.196429,enhanced_detection
0217.JPEG,val,7,rear_bumper,0.12,0.107143,0.24,0.196429,enhanced_detection
0217.JPEG,val,16,medium,0.12,0.107143,0.24,0.196429,enhanced_detection
0217.JPEG,val,4,paint_damage,0.926667,0.736607,0.137778,0.080357,enhanced_detection
0217.JPEG,val,11,right_door,0.926667,0.736607,0.137778,0.080357,enhanced_detection
0217.JPEG,val,15,low,0.926667,0.736607,0.137778,0.080357,enhanced_detection
0217.JPEG,val,4,paint_damage,0.582222,0.875,0.115556,0.089286,enhanced_detection
0217.JPEG,val,6,front_bumper,0.582222,0.875,0.115556,0.089286,enhanced_detection
0217.JPEG,val,16,medium,0.582222,0.875,0.115556,0.089286,enhanced_detection
0218.JPEG,val,0,dent,0.426641,0.737113,0.073359,0.082474,enhanced_detection
0218.JPEG,val,6,front_bumper,0.426641,0.737113,0.073359,0.082474,enhanced_detection
0218.JPEG,val,15,low,0.426641,0.737113,0.073359,0.082474,enhanced_detection
0222.JPEG,val,2,crack,0.678333,0.190476,0.563333,0.380952,enhanced_detection
0222.JPEG,val,12,roof,0.678333,0.190476,0.563333,0.380952,enhanced_detection
0222.JPEG,val,17,high,0.678333,0.190476,0.563333,0.380952,enhanced_detection
0222.JPEG,val,2,crack,0.076667,0.050595,0.153333,0.10119,enhanced_detection
0222.JPEG,val,7,rear_bumper,0.076667,0.050595,0.153333,0.10119,enhanced_detection
0222.JPEG,val,16,medium,0.076667,0.050595,0.153333,0.10119,enhanced_detection
0222.JPEG,val,0,dent,0.076667,0.64881,0.153333,0.690476,enhanced_detection
0222.JPEG,val,10,left_door,0.076667,0.64881,0.153333,0.690476,enhanced_detection
0222.JPEG,val,16,medium,0.076667,0.64881,0.153333,0.690476,enhanced_detection
0222.JPEG,val,0,dent,0.125,0.705357,0.063333,0.160714,enhanced_detection
0222.JPEG,val,10,left_door,0.125,0.705357,0.063333,0.160714,enhanced_detection
0222.JPEG,val,15,low,0.125,0.705357,0.063333,0.160714,enhanced_detection
0223.JPEG,val,0,dent,0.619691,0.948454,0.119691,0.092784,enhanced_detection
0223.JPEG,val,6,front_bumper,0.619691,0.948454,0.119691,0.092784,enhanced_detection
0223.JPEG,val,15,low,0.619691,0.948454,0.119691,0.092784,enhanced_detection
0223.JPEG,val,2,crack,0.276062,0.927835,0.212355,0.134021,enhanced_detection
0223.JPEG,val,6,front_bumper,0.276062,0.927835,0.212355,0.134021,enhanced_detection
0223.JPEG,val,15,low,0.276062,0.927835,0.212355,0.134021,enhanced_detection
0226.JPEG,val,2,crack,0.938182,0.833333,0.116364,0.180328,enhanced_detection
0226.JPEG,val,11,right_door,0.938182,0.833333,0.116364,0.180328,enhanced_detection
0226.JPEG,val,16,medium,0.938182,0.833333,0.116364,0.180328,enhanced_detection
0226.JPEG,val,4,paint_damage,0.027273,0.226776,0.054545,0.224044,enhanced_detection
0226.JPEG,val,10,left_door,0.027273,0.226776,0.054545,0.224044,enhanced_detection
0226.JPEG,val,15,low,0.027273,0.226776,0.054545,0.224044,enhanced_detection
0226.JPEG,val,0,dent,0.918182,0.655738,0.156364,0.163934,enhanced_detection
0226.JPEG,val,11,right_door,0.918182,0.655738,0.156364,0.163934,enhanced_detection
0226.JPEG,val,15,low,0.918182,0.655738,0.156364,0.163934,enhanced_detection
0227.JPEG,val,2,crack,0.189189,0.636598,0.138996,0.180412,enhanced_detection
0227.JPEG,val,10,left_door,0.189189,0.636598,0.138996,0.180412,enhanced_detection
0227.JPEG,val,16,medium,0.189189,0.636598,0.138996,0.180412,enhanced_detection
0228.JPEG,val,3,broken_part,0.623552,0.847938,0.467181,0.293814,enhanced_detection
0228.JPEG,val,6,front_bumper,0.623552,0.847938,0.467181,0.293814,enhanced_detection
0228.JPEG,val,17,high,0.623552,0.847938,0.467181,0.293814,enhanced_detection
0228.JPEG,val,0,dent,0.262548,0.886598,0.11583,0.082474,enhanced_detection
0228.JPEG,val,6,front_bumper,0.262548,0.886598,0.11583,0.082474,enhanced_detection
0228.JPEG,val,15,low,0.262548,0.886598,0.11583,0.082474,enhanced_detection
0229.JPEG,val,0,dent,0.337838,0.056701,0.088803,0.113402,enhanced_detection
0229.JPEG,val,7,rear_bumper,0.337838,0.056701,0.088803,0.113402,enhanced_detection
0229.JPEG,val,15,low,0.337838,0.056701,0.088803,0.113402,enhanced_detection
0229.JPEG,val,0,dent,0.832046,0.621134,0.104247,0.118557,enhanced_detection
0229.JPEG,val,11,right_door,0.832046,0.621134,0.104247,0.118557,enhanced_detection
0229.JPEG,val,15,low,0.832046,0.621134,0.104247,0.118557,enhanced_detection
0229.JPEG,val,2,crack,0.859073,0.335052,0.220077,0.123711,enhanced_detection
0229.JPEG,val,11,right_door,0.859073,0.335052,0.220077,0.123711,enhanced_detection
0229.JPEG,val,16,medium,0.859073,0.335052,0.220077,0.123711,enhanced_detection
0229.JPEG,val,0,dent,0.03861,0.399485,0.07722,0.097938,enhanced_detection
0229.JPEG,val,10,left_door,0.03861,0.399485,0.07722,0.097938,enhanced_detection
0229.JPEG,val,15,low,0.03861,0.399485,0.07722,0.097938,enhanced_detection
0230.JPEG,val,2,crack,0.368726,0.878866,0.297297,0.231959,enhanced_detection
0230.JPEG,val,6,front_bumper,0.368726,0.878866,0.297297,0.231959,enhanced_detection
0230.JPEG,val,16,medium,0.368726,0.878866,0.297297,0.231959,enhanced_detection
0236.JPEG,train,2,crack,0.03866,0.872587,0.07732,0.138996,enhanced_detection
0236.JPEG,train,10,left_door,0.03866,0.872587,0.07732,0.138996,enhanced_detection
0236.JPEG,train,15,low,0.03866,0.872587,0.07732,0.138996,enhanced_detection
0236.JPEG,train,0,dent,0.93299,0.19305,0.123711,0.069498,enhanced_detection
0236.JPEG,train,11,right_door,0.93299,0.19305,0.123711,0.069498,enhanced_detection
0236.JPEG,train,15,low,0.93299,0.19305,0.123711,0.069498,enhanced_detection
0236.JPEG,train,2,crack,0.497423,0.34556,0.994845,0.69112,enhanced_detection
0236.JPEG,train,14,other_location,0.497423,0.34556,0.994845,0.69112,enhanced_detection
0236.JPEG,train,17,high,0.497423,0.34556,0.994845,0.69112,enhanced_detection
0236.JPEG,train,3,broken_part,0.664948,0.216216,0.659794,0.370656,enhanced_detection
0236.JPEG,train,9,windshield,0.664948,0.216216,0.659794,0.370656,enhanced_detection
0236.JPEG,train,16,medium,0.664948,0.216216,0.659794,0.370656,enhanced_detection
0236.JPEG,train,3,broken_part,0.786082,0.548263,0.417526,0.285714,enhanced_detection
0236.JPEG,train,11,right_door,0.786082,0.548263,0.417526,0.285714,enhanced_detection
0236.JPEG,train,17,high,0.786082,0.548263,0.417526,0.285714,enhanced_detection
0236.JPEG,train,2,crack,0.634021,0.776062,0.721649,0.440154,enhanced_detection
0236.JPEG,train,6,front_bumper,0.634021,0.776062,0.721649,0.440154,enhanced_detection
0236.JPEG,train,17,high,0.634021,0.776062,0.721649,0.440154,enhanced_detection
0236.JPEG,train,0,dent,0.899485,0.362934,0.139175,0.07722,enhanced_detection
0236.JPEG,train,11,right_door,0.899485,0.362934,0.139175,0.07722,enhanced_detection
0236.JPEG,train,15,low,0.899485,0.362934,0.139175,0.07722,enhanced_detection
0236.JPEG,train,0,dent,0.945876,0.698842,0.097938,0.092664,enhanced_detection
0236.JPEG,train,11,right_door,0.945876,0.698842,0.097938,0.092664,enhanced_detection
0236.JPEG,train,15,low,0.945876,0.698842,0.097938,0.092664,enhanced_detection
0236.JPEG,train,0,dent,0.396907,0.681467,0.123711,0.104247,enhanced_detection
0236.JPEG,train,13,side_panel,0.396907,0.681467,0.123711,0.104247,enhanced_detection
0236.JPEG,train,15,low,0.396907,0.681467,0.123711,0.104247,enhanced_detection
0236.JPEG,train,0,dent,0.18299,0.96332,0.097938,0.065637,enhanced_detection
0236.JPEG,train,6,front_bumper,0.18299,0.96332,0.097938,0.065637,enhanced_detection
0236.JPEG,train,15,low,0.18299,0.96332,0.097938,0.065637,enhanced_detection
0236.JPEG,train,2,crack,0.085052,0.957529,0.118557,0.07722,enhanced_detection
0236.JPEG,train,6,front_bumper,0.085052,0.957529,0.118557,0.07722,enhanced_detection
0236.JPEG,train,16,medium,0.085052,0.957529,0.118557,0.07722,enhanced_detection
0236.JPEG,train,0,dent,0.131443,0.857143,0.128866,0.108108,enhanced_detection
0236.JPEG,train,6,front_bumper,0.131443,0.857143,0.128866,0.108108,enhanced_detection
0236.JPEG,train,15,low,0.131443,0.857143,0.128866,0.108108,enhanced_detection
0236.JPEG,train,0,dent,0.257732,0.949807,0.103093,0.084942,enhanced_detection
0236.JPEG,train,6,front_bumper,0.257732,0.949807,0.103093,0.084942,enhanced_detection
0236.JPEG,train,15,low,0.257732,0.949807,0.103093,0.084942,enhanced_detection
0236.JPEG,train,0,dent,0.31701,0.839768,0.149485,0.150579,enhanced_detection
0236.JPEG,train,6,front_bumper,0.31701,0.839768,0.149485,0.150579,enhanced_detection
0236.JPEG,train,15,low,0.31701,0.839768,0.149485,0.150579,enhanced_detection
0236.JPEG,train,0,dent,0.814433,0.150579,0.123711,0.061776,enhanced_detection
0236.JPEG,train,7,rear_bumper,0.814433,0.150579,0.123711,0.061776,enhanced_detection
0236.JPEG,train,15,low,0.814433,0.150579,0.123711,0.061776,enhanced_detection
0236.JPEG,train,0,dent,0.786082,0.22973,0.128866,0.073359,enhanced_detection
0236.JPEG,train,11,right_door,0.786082,0.22973,0.128866,0.073359,enhanced_detection
0236.JPEG,train,15,low,0.786082,0.22973,0.128866,0.073359,enhanced_detection
0237.JPEG,train,0,dent,0.951673,0.28877,0.089219,0.203209,enhanced_detection
0237.JPEG,train,11,right_door,0.951673,0.28877,0.089219,0.203209,enhanced_detection
0237.JPEG,train,15,low,0.951673,0.28877,0.089219,0.203209,enhanced_detection
0239.JPEG,train,2,crack,0.718147,0.876289,0.555985,0.237113,enhanced_detection
0239.JPEG,train,6,front_bumper,0.718147,0.876289,0.555985,0.237113,enhanced_detection
0239.JPEG,train,17,high,0.718147,0.876289,0.555985,0.237113,enhanced_detection
0239.JPEG,train,0,dent,0.507722,0.765464,0.081081,0.118557,enhanced_detection
0239.JPEG,train,6,front_bumper,0.507722,0.765464,0.081081,0.118557,enhanced_detection
0239.JPEG,train,15,low,0.507722,0.765464,0.081081,0.118557,enhanced_detection
0239.JPEG,train,0,dent,0.167954,0.791237,0.088803,0.170103,enhanced_detection
0239.JPEG,train,10,left_door,0.167954,0.791237,0.088803,0.170103,enhanced_detection
0239.JPEG,train,15,low,0.167954,0.791237,0.088803,0.170103,enhanced_detection
0239.JPEG,train,0,dent,0.069498,0.706186,0.138996,0.103093,enhanced_detection
0239.JPEG,train,10,left_door,0.069498,0.706186,0.138996,0.103093,enhanced_detection
0239.JPEG,train,15,low,0.069498,0.706186,0.138996,0.103093,enhanced_detection
0239.JPEG,train,0,dent,0.067568,0.819588,0.111969,0.154639,enhanced_detection
0239.JPEG,train,10,left_door,0.067568,0.819588,0.111969,0.154639,enhanced_detection
0239.JPEG,train,15,low,0.067568,0.819588,0.111969,0.154639,enhanced_detection
0241.JPEG,train,2,crack,0.265,0.842262,0.316667,0.303571,enhanced_detection
0241.JPEG,train,6,front_bumper,0.265,0.842262,0.316667,0.303571,enhanced_detection
0241.JPEG,train,17,high,0.265,0.842262,0.316667,0.303571,enhanced_detection
0241.JPEG,train,0,dent,0.9,0.764881,0.193333,0.458333,enhanced_detection
0241.JPEG,train,11,right_door,0.9,0.764881,0.193333,0.458333,enhanced_detection
0241.JPEG,train,16,medium,0.9,0.764881,0.193333,0.458333,enhanced_detection
0241.JPEG,train,0,dent,0.048333,0.839286,0.096667,0.095238,enhanced_detection
0241.JPEG,train,10,left_door,0.048333,0.839286,0.096667,0.095238,enhanced_detection
0241.JPEG,train,15,low,0.048333,0.839286,0.096667,0.095238,enhanced_detection
0242.JPEG,train,2,crack,0.397959,0.949029,0.142857,0.092233,enhanced_detection
0242.JPEG,train,6,front_bumper,0.397959,0.949029,0.142857,0.092233,enhanced_detection
0242.JPEG,train,16,medium,0.397959,0.949029,0.142857,0.092233,enhanced_detection
0242.JPEG,train,2,crack,0.371429,0.337379,0.065306,0.092233,enhanced_detection
0242.JPEG,train,8,hood,0.371429,0.337379,0.065306,0.092233,enhanced_detection
0242.JPEG,train,16,medium,0.371429,0.337379,0.065306,0.092233,enhanced_detection
0243.JPEG,train,2,crack,0.729091,0.95082,0.534545,0.087432,enhanced_detection
0243.JPEG,train,6,front_bumper,0.729091,0.95082,0.534545,0.087432,enhanced_detection
0243.JPEG,train,16,medium,0.729091,0.95082,0.534545,0.087432,enhanced_detection
0243.JPEG,train,2,crack,0.043636,0.948087,0.087273,0.092896,enhanced_detection
0243.JPEG,train,13,side_panel,0.043636,0.948087,0.087273,0.092896,enhanced_detection
0243.JPEG,train,16,medium,0.043636,0.948087,0.087273,0.092896,enhanced_detection
0243.JPEG,train,2,crack,0.176364,0.778689,0.352727,0.431694,enhanced_detection
0243.JPEG,train,10,left_door,0.176364,0.778689,0.352727,0.431694,enhanced_detection
0243.JPEG,train,17,high,0.176364,0.778689,0.352727,0.431694,enhanced_detection
0243.JPEG,train,0,dent,0.587273,0.472678,0.112727,0.136612,enhanced_detection
0243.JPEG,train,13,side_panel,0.587273,0.472678,0.112727,0.136612,enhanced_detection
0243.JPEG,train,15,low,0.587273,0.472678,0.112727,0.136612,enhanced_detection
0246.JPEG,train,2,crack,0.897683,0.92268,0.196911,0.14433,enhanced_detection
0246.JPEG,train,6,front_bumper,0.897683,0.92268,0.196911,0.14433,enhanced_detection
0246.JPEG,train,16,medium,0.897683,0.92268,0.196911,0.14433,enhanced_detection
0246.JPEG,train,2,crack,0.754826,0.072165,0.312741,0.14433,enhanced_detection
0246.JPEG,train,7,rear_bumper,0.754826,0.072165,0.312741,0.14433,enhanced_detection
0246.JPEG,train,16,medium,0.754826,0.072165,0.312741,0.14433,enhanced_detection
0247.JPEG,train,2,crack,0.183398,0.729381,0.366795,0.530928,enhanced_detection
0247.JPEG,train,10,left_door,0.183398,0.729381,0.366795,0.530928,enhanced_detection
0247.JPEG,train,16,medium,0.183398,0.729381,0.366795,0.530928,enhanced_detection
0247.JPEG,train,3,broken_part,0.637066,0.755155,0.262548,0.35567,enhanced_detection
0247.JPEG,train,6,front_bumper,0.637066,0.755155,0.262548,0.35567,enhanced_detection
0247.JPEG,train,16,medium,0.637066,0.755155,0.262548,0.35567,enhanced_detection
0247.JPEG,train,0,dent,0.61583,0.940722,0.150579,0.097938,enhanced_detection
0247.JPEG,train,6,front_bumper,0.61583,0.940722,0.150579,0.097938,enhanced_detection
0247.JPEG,train,15,low,0.61583,0.940722,0.150579,0.097938,enhanced_detection
0247.JPEG,train,0,dent,0.03861,0.435567,0.07722,0.139175,enhanced_detection
0247.JPEG,train,10,left_door,0.03861,0.435567,0.07722,0.139175,enhanced_detection
0247.JPEG,train,15,low,0.03861,0.435567,0.07722,0.139175,enhanced_detection
0247.JPEG,train,0,dent,0.888031,0.698454,0.216216,0.190722,enhanced_detection
0247.JPEG,train,11,right_door,0.888031,0.698454,0.216216,0.190722,enhanced_detection
0247.JPEG,train,16,medium,0.888031,0.698454,0.216216,0.190722,enhanced_detection
0248.JPEG,train,3,broken_part,0.773946,0.948187,0.444444,0.093264,enhanced_detection
0248.JPEG,train,6,front_bumper,0.773946,0.948187,0.444444,0.093264,enhanced_detection
0248.JPEG,train,16,medium,0.773946,0.948187,0.444444,0.093264,enhanced_detection
0248.JPEG,train,4,paint_damage,0.618774,0.761658,0.088123,0.186528,enhanced_detection
0248.JPEG,train,6,front_bumper,0.618774,0.761658,0.088123,0.186528,enhanced_detection
0248.JPEG,train,15,low,0.618774,0.761658,0.088123,0.186528,enhanced_detection
0248.JPEG,train,0,dent,0.957854,0.937824,0.061303,0.093264,enhanced_detection
0248.JPEG,train,13,side_panel,0.957854,0.937824,0.061303,0.093264,enhanced_detection
0248.JPEG,train,15,low,0.957854,0.937824,0.061303,0.093264,enhanced_detection
0250.JPEG,train,0,dent,0.735521,0.600515,0.320463,0.252577,enhanced_detection
0250.JPEG,train,11,right_door,0.735521,0.600515,0.320463,0.252577,enhanced_detection
0250.JPEG,train,16,medium,0.735521,0.600515,0.320463,0.252577,enhanced_detection
0251.JPEG,train,0,dent,0.220077,0.935567,0.11583,0.118557,enhanced_detection
0251.JPEG,train,6,front_bumper,0.220077,0.935567,0.11583,0.118557,enhanced_detection
0251.JPEG,train,15,low,0.220077,0.935567,0.11583,0.118557,enhanced_detection
0251.JPEG,train,0,dent,0.092664,0.791237,0.185328,0.252577,enhanced_detection
0251.JPEG,train,10,left_door,0.092664,0.791237,0.185328,0.252577,enhanced_detection
0251.JPEG,train,15,low,0.092664,0.791237,0.185328,0.252577,enhanced_detection
0252.JPEG,train,2,crack,0.764479,0.794872,0.46332,0.4,enhanced_detection
0252.JPEG,train,6,front_bumper,0.764479,0.794872,0.46332,0.4,enhanced_detection
0252.JPEG,train,16,medium,0.764479,0.794872,0.46332,0.4,enhanced_detection
0252.JPEG,train,2,crack,0.048263,0.874359,0.096525,0.241026,enhanced_detection
0252.JPEG,train,10,left_door,0.048263,0.874359,0.096525,0.241026,enhanced_detection
0252.JPEG,train,16,medium,0.048263,0.874359,0.096525,0.241026,enhanced_detection
0253.JPEG,train,0,dent,0.063707,0.796392,0.088803,0.128866,enhanced_detection
0253.JPEG,train,10,left_door,0.063707,0.796392,0.088803,0.128866,enhanced_detection
0253.JPEG,train,15,low,0.063707,0.796392,0.088803,0.128866,enhanced_detection
0254.JPEG,train,2,crack,0.534749,0.219072,0.227799,0.149485,enhanced_detection
0254.JPEG,train,9,windshield,0.534749,0.219072,0.227799,0.149485,enhanced_detection
0254.JPEG,train,16,medium,0.534749,0.219072,0.227799,0.149485,enhanced_detection
0254.JPEG,train,0,dent,0.26834,0.809278,0.088803,0.082474,enhanced_detection
0254.JPEG,train,6,front_bumper,0.26834,0.809278,0.088803,0.082474,enhanced_detection
0254.JPEG,train,15,low,0.26834,0.809278,0.088803,0.082474,enhanced_detection
0256.JPEG,train,0,dent,0.222008,0.940722,0.119691,0.108247,enhanced_detection
0256.JPEG,train,6,front_bumper,0.222008,0.940722,0.119691,0.108247,enhanced_detection
0256.JPEG,train,15,low,0.222008,0.940722,0.119691,0.108247,enhanced_detection
0256.JPEG,train,2,crack,0.80888,0.17268,0.374517,0.221649,enhanced_detection
0256.JPEG,train,12,roof,0.80888,0.17268,0.374517,0.221649,enhanced_detection
0256.JPEG,train,16,medium,0.80888,0.17268,0.374517,0.221649,enhanced_detection
0257.JPEG,train,0,dent,0.086538,0.85567,0.173077,0.237113,enhanced_detection
0257.JPEG,train,6,front_bumper,0.086538,0.85567,0.173077,0.237113,enhanced_detection
0257.JPEG,train,15,low,0.086538,0.85567,0.173077,0.237113,enhanced_detection
0258.JPEG,train,2,crack,0.497423,0.370656,0.994845,0.694981,enhanced_detection
0258.JPEG,train,14,other_location,0.497423,0.370656,0.994845,0.694981,enhanced_detection
0258.JPEG,train,17,high,0.497423,0.370656,0.994845,0.694981,enhanced_detection
0258.JPEG,train,2,crack,0.322165,0.673745,0.324742,0.111969,enhanced_detection
0258.JPEG,train,13,side_panel,0.322165,0.673745,0.324742,0.111969,enhanced_detection
0258.JPEG,train,16,medium,0.322165,0.673745,0.324742,0.111969,enhanced_detection
0261.JPEG,train,0,dent,0.154545,0.040984,0.112727,0.081967,enhanced_detection
0261.JPEG,train,7,rear_bumper,0.154545,0.040984,0.112727,0.081967,enhanced_detection
0261.JPEG,train,15,low,0.154545,0.040984,0.112727,0.081967,enhanced_detection
0261.JPEG,train,0,dent,0.076364,0.090164,0.152727,0.180328,enhanced_detection
0261.JPEG,train,7,rear_bumper,0.076364,0.090164,0.152727,0.180328,enhanced_detection
0261.JPEG,train,16,medium,0.076364,0.090164,0.152727,0.180328,enhanced_detection
0262.JPEG,train,0,dent,0.630597,0.954787,0.059701,0.079787,enhanced_detection
0262.JPEG,train,6,front_bumper,0.630597,0.954787,0.059701,0.079787,enhanced_detection
0262.JPEG,train,15,low,0.630597,0.954787,0.059701,0.079787,enhanced_detection
0262.JPEG,train,4,paint_damage,0.255597,0.75266,0.063433,0.079787,enhanced_detection
0262.JPEG,train,6,front_bumper,0.255597,0.75266,0.063433,0.079787,enhanced_detection
0262.JPEG,train,15,low,0.255597,0.75266,0.063433,0.079787,enhanced_detection
0263.JPEG,train,2,crack,0.166023,0.927835,0.332046,0.134021,enhanced_detection
0263.JPEG,train,6,front_bumper,0.166023,0.927835,0.332046,0.134021,enhanced_detection
0263.JPEG,train,16,medium,0.166023,0.927835,0.332046,0.134021,enhanced_detection
0263.JPEG,train,0,dent,0.754826,0.863402,0.096525,0.149485,enhanced_detection
0263.JPEG,train,6,front_bumper,0.754826,0.863402,0.096525,0.149485,enhanced_detection
0263.JPEG,train,15,low,0.754826,0.863402,0.096525,0.149485,enhanced_detection
0263.JPEG,train,0,dent,0.907336,0.835052,0.061776,0.082474,enhanced_detection
0263.JPEG,train,11,right_door,0.907336,0.835052,0.061776,0.082474,enhanced_detection
0263.JPEG,train,15,low,0.907336,0.835052,0.061776,0.082474,enhanced_detection
0264.JPEG,train,3,broken_part,0.942085,0.902062,0.108108,0.185567,enhanced_detection
0264.JPEG,train,6,front_bumper,0.942085,0.902062,0.108108,0.185567,enhanced_detection
0264.JPEG,train,16,medium,0.942085,0.902062,0.108108,0.185567,enhanced_detection
0264.JPEG,train,0,dent,0.874517,0.716495,0.243243,0.195876,enhanced_detection
0264.JPEG,train,11,right_door,0.874517,0.716495,0.243243,0.195876,enhanced_detection
0264.JPEG,train,16,medium,0.874517,0.716495,0.243243,0.195876,enhanced_detection
0264.JPEG,train,0,dent,0.880309,0.46134,0.108108,0.097938,enhanced_detection
0264.JPEG,train,11,right_door,0.880309,0.46134,0.108108,0.097938,enhanced_detection
0264.JPEG,train,15,low,0.880309,0.46134,0.108108,0.097938,enhanced_detection
0264.JPEG,train,3,broken_part,0.349421,0.043814,0.258687,0.07732,enhanced_detection
0264.JPEG,train,7,rear_bumper,0.349421,0.043814,0.258687,0.07732,enhanced_detection
0264.JPEG,train,16,medium,0.349421,0.043814,0.258687,0.07732,enhanced_detection
0264.JPEG,train,0,dent,0.861004,0.556701,0.15444,0.216495,enhanced_detection
0264.JPEG,train,11,right_door,0.861004,0.556701,0.15444,0.216495,enhanced_detection
0264.JPEG,train,15,low,0.861004,0.556701,0.15444,0.216495,enhanced_detection
0265.JPEG,train,2,crack,0.768333,0.08631,0.076667,0.172619,enhanced_detection
0265.JPEG,train,7,rear_bumper,0.768333,0.08631,0.076667,0.172619,enhanced_detection
0265.JPEG,train,16,medium,0.768333,0.08631,0.076667,0.172619,enhanced_detection
0265.JPEG,train,0,dent,0.971667,0.053571,0.05,0.107143,enhanced_detection
0265.JPEG,train,13,side_panel,0.971667,0.053571,0.05,0.107143,enhanced_detection
0265.JPEG,train,15,low,0.971667,0.053571,0.05,0.107143,enhanced_detection
0265.JPEG,train,0,dent,0.126667,0.940476,0.253333,0.107143,enhanced_detection
0265.JPEG,train,6,front_bumper,0.126667,0.940476,0.253333,0.107143,enhanced_detection
0265.JPEG,train,15,low,0.126667,0.940476,0.253333,0.107143,enhanced_detection
0268.JPEG,train,0,dent,0.068966,0.416185,0.137931,0.17341,enhanced_detection
0268.JPEG,train,10,left_door,0.068966,0.416185,0.137931,0.17341,enhanced_detection
0268.JPEG,train,15,low,0.068966,0.416185,0.137931,0.17341,enhanced_detection
0269.JPEG,train,0,dent,0.14,0.795082,0.236364,0.398907,enhanced_detection
0269.JPEG,train,10,left_door,0.14,0.795082,0.236364,0.398907,enhanced_detection
0269.JPEG,train,16,medium,0.14,0.795082,0.236364,0.398907,enhanced_detection
0269.JPEG,train,0,dent,0.143636,0.215847,0.287273,0.431694,enhanced_detection
0269.JPEG,train,10,left_door,0.143636,0.215847,0.287273,0.431694,enhanced_detection
0269.JPEG,train,16,medium,0.143636,0.215847,0.287273,0.431694,enhanced_detection
0269.JPEG,train,0,dent,0.930909,0.849727,0.065455,0.15847,enhanced_detection
0269.JPEG,train,11,right_door,0.930909,0.849727,0.065455,0.15847,enhanced_detection
0269.JPEG,train,15,low,0.930909,0.849727,0.065455,0.15847,enhanced_detection
0270.JPEG,train,2,crack,0.830116,0.069588,0.07722,0.139175,enhanced_detection
0270.JPEG,train,7,rear_bumper,0.830116,0.069588,0.07722,0.139175,enhanced_detection
0270.JPEG,train,16,medium,0.830116,0.069588,0.07722,0.139175,enhanced_detection
0270.JPEG,train,0,dent,0.399614,0.868557,0.119691,0.231959,enhanced_detection
0270.JPEG,train,6,front_bumper,0.399614,0.868557,0.119691,0.231959,enhanced_detection
0270.JPEG,train,15,low,0.399614,0.868557,0.119691,0.231959,enhanced_detection
0270.JPEG,train,0,dent,0.496139,0.71134,0.111969,0.082474,enhanced_detection
0270.JPEG,train,6,front_bumper,0.496139,0.71134,0.111969,0.082474,enhanced_detection
0270.JPEG,train,15,low,0.496139,0.71134,0.111969,0.082474,enhanced_detection
0271.JPEG,train,0,dent,0.76834,0.752577,0.19305,0.164948,enhanced_detection
0271.JPEG,train,11,right_door,0.76834,0.752577,0.19305,0.164948,enhanced_detection
0271.JPEG,train,15,low,0.76834,0.752577,0.19305,0.164948,enhanced_detection
0272.JPEG,train,2,crack,0.055985,0.064433,0.111969,0.128866,enhanced_detection
0272.JPEG,train,7,rear_bumper,0.055985,0.064433,0.111969,0.128866,enhanced_detection
0272.JPEG,train,16,medium,0.055985,0.064433,0.111969,0.128866,enhanced_detection
0272.JPEG,train,2,crack,0.104247,0.78866,0.07722,0.113402,enhanced_detection
0272.JPEG,train,10,left_door,0.104247,0.78866,0.07722,0.113402,enhanced_detection
0272.JPEG,train,15,low,0.104247,0.78866,0.07722,0.113402,enhanced_detection
0273.JPEG,train,0,dent,0.154545,0.551913,0.112727,0.163934,enhanced_detection
0273.JPEG,train,10,left_door,0.154545,0.551913,0.112727,0.163934,enhanced_detection
0273.JPEG,train,15,low,0.154545,0.551913,0.112727,0.163934,enhanced_detection
0273.JPEG,train,0,dent,0.049091,0.827869,0.098182,0.147541,enhanced_detection
0273.JPEG,train,10,left_door,0.049091,0.827869,0.098182,0.147541,enhanced_detection
0273.JPEG,train,15,low,0.049091,0.827869,0.098182,0.147541,enhanced_detection
0274.JPEG,train,2,crack,0.029304,0.124324,0.058608,0.194595,enhanced_detection
0274.JPEG,train,10,left_door,0.029304,0.124324,0.058608,0.194595,enhanced_detection
0274.JPEG,train,15,low,0.029304,0.124324,0.058608,0.194595,enhanced_detection
0275.JPEG,train,4,paint_damage,0.399614,0.659794,0.088803,0.082474,enhanced_detection
0275.JPEG,train,13,side_panel,0.399614,0.659794,0.088803,0.082474,enhanced_detection
0275.JPEG,train,16,medium,0.399614,0.659794,0.088803,0.082474,enhanced_detection
0275.JPEG,train,0,dent,0.523166,0.53866,0.096525,0.128866,enhanced_detection
0275.JPEG,train,13,side_panel,0.523166,0.53866,0.096525,0.128866,enhanced_detection
0275.JPEG,train,15,low,0.523166,0.53866,0.096525,0.128866,enhanced_detection
0275.JPEG,train,0,dent,0.621622,0.559278,0.061776,0.07732,enhanced_detection
0275.JPEG,train,13,side_panel,0.621622,0.559278,0.061776,0.07732,enhanced_detection
0275.JPEG,train,15,low,0.621622,0.559278,0.061776,0.07732,enhanced_detection
0280.JPEG,train,2,crack,0.749035,0.180412,0.494208,0.340206,enhanced_detection
0280.JPEG,train,12,roof,0.749035,0.180412,0.494208,0.340206,enhanced_detection
0280.JPEG,train,16,medium,0.749035,0.180412,0.494208,0.340206,enhanced_detection
0280.JPEG,train,2,crack,0.042471,0.193299,0.084942,0.159794,enhanced_detection
0280.JPEG,train,10,left_door,0.042471,0.193299,0.084942,0.159794,enhanced_detection
0280.JPEG,train,16,medium,0.042471,0.193299,0.084942,0.159794,enhanced_detection
0280.JPEG,train,2,crack,0.899614,0.698454,0.19305,0.087629,enhanced_detection
0280.JPEG,train,11,right_door,0.899614,0.698454,0.19305,0.087629,enhanced_detection
0280.JPEG,train,16,medium,0.899614,0.698454,0.19305,0.087629,enhanced_detection
0280.JPEG,train,0,dent,0.490347,0.592784,0.146718,0.14433,enhanced_detection
0280.JPEG,train,13,side_panel,0.490347,0.592784,0.146718,0.14433,enhanced_detection
0280.JPEG,train,15,low,0.490347,0.592784,0.146718,0.14433,enhanced_detection
0280.JPEG,train,0,dent,0.26834,0.134021,0.096525,0.123711,enhanced_detection
0280.JPEG,train,7,rear_bumper,0.26834,0.134021,0.096525,0.123711,enhanced_detection
0280.JPEG,train,15,low,0.26834,0.134021,0.096525,0.123711,enhanced_detection
0280.JPEG,train,0,dent,0.700772,0.582474,0.227799,0.113402,enhanced_detection
0280.JPEG,train,11,right_door,0.700772,0.582474,0.227799,0.113402,enhanced_detection
0280.JPEG,train,15,low,0.700772,0.582474,0.227799,0.113402,enhanced_detection
0281.JPEG,train,0,dent,0.605455,0.166667,0.12,0.125683,enhanced_detection
0281.JPEG,train,12,roof,0.605455,0.166667,0.12,0.125683,enhanced_detection
0281.JPEG,train,15,low,0.605455,0.166667,0.12,0.125683,enhanced_detection
0283.JPEG,train,3,broken_part,0.527027,0.927835,0.119691,0.134021,enhanced_detection
0283.JPEG,train,6,front_bumper,0.527027,0.927835,0.119691,0.134021,enhanced_detection
0283.JPEG,train,16,medium,0.527027,0.927835,0.119691,0.134021,enhanced_detection
0283.JPEG,train,0,dent,0.637066,0.945876,0.15444,0.097938,enhanced_detection
0283.JPEG,train,6,front_bumper,0.637066,0.945876,0.15444,0.097938,enhanced_detection
0283.JPEG,train,15,low,0.637066,0.945876,0.15444,0.097938,enhanced_detection
0283.JPEG,train,2,crack,0.243243,0.768041,0.486486,0.453608,enhanced_detection
0283.JPEG,train,6,front_bumper,0.243243,0.768041,0.486486,0.453608,enhanced_detection
0283.JPEG,train,17,high,0.243243,0.768041,0.486486,0.453608,enhanced_detection
0286.JPEG,train,2,crack,0.753623,0.907104,0.485507,0.174863,enhanced_detection
0286.JPEG,train,6,front_bumper,0.753623,0.907104,0.485507,0.174863,enhanced_detection
0286.JPEG,train,16,medium,0.753623,0.907104,0.485507,0.174863,enhanced_detection
0287.JPEG,train,2,crack,0.465779,0.893229,0.703422,0.203125,enhanced_detection
0287.JPEG,train,6,front_bumper,0.465779,0.893229,0.703422,0.203125,enhanced_detection
0287.JPEG,train,17,high,0.465779,0.893229,0.703422,0.203125,enhanced_detection
0287.JPEG,train,2,crack,0.110266,0.947917,0.220532,0.09375,enhanced_detection
0287.JPEG,train,6,front_bumper,0.110266,0.947917,0.220532,0.09375,enhanced_detection
0287.JPEG,train,16,medium,0.110266,0.947917,0.220532,0.09375,enhanced_detection
0287.JPEG,train,0,dent,0.528517,0.838542,0.091255,0.083333,enhanced_detection
0287.JPEG,train,6,front_bumper,0.528517,0.838542,0.091255,0.083333,enhanced_detection
0287.JPEG,train,15,low,0.528517,0.838542,0.091255,0.083333,enhanced_detection
0291.JPEG,train,2,crack,0.791506,0.074742,0.262548,0.149485,enhanced_detection
0291.JPEG,train,7,rear_bumper,0.791506,0.074742,0.262548,0.149485,enhanced_detection
0291.JPEG,train,16,medium,0.791506,0.074742,0.262548,0.149485,enhanced_detection
0291.JPEG,train,0,dent,0.739382,0.953608,0.057915,0.082474,enhanced_detection
0291.JPEG,train,6,front_bumper,0.739382,0.953608,0.057915,0.082474,enhanced_detection
0291.JPEG,train,15,low,0.739382,0.953608,0.057915,0.082474,enhanced_detection
0291.JPEG,train,2,crack,0.876448,0.134021,0.108108,0.123711,enhanced_detection
0291.JPEG,train,7,rear_bumper,0.876448,0.134021,0.108108,0.123711,enhanced_detection
0291.JPEG,train,16,medium,0.876448,0.134021,0.108108,0.123711,enhanced_detection
0291.JPEG,train,2,crack,0.03668,0.239691,0.073359,0.097938,enhanced_detection
0291.JPEG,train,10,left_door,0.03668,0.239691,0.073359,0.097938,enhanced_detection
0291.JPEG,train,16,medium,0.03668,0.239691,0.073359,0.097938,enhanced_detection
0295.JPEG,train,2,crack,0.372587,0.574742,0.745174,0.458763,enhanced_detection
0295.JPEG,train,13,side_panel,0.372587,0.574742,0.745174,0.458763,enhanced_detection
0295.JPEG,train,16,medium,0.372587,0.574742,0.745174,0.458763,enhanced_detection
0295.JPEG,train,0,dent,0.181467,0.742268,0.293436,0.268041,enhanced_detection
0295.JPEG,train,10,left_door,0.181467,0.742268,0.293436,0.268041,enhanced_detection
0295.JPEG,train,16,medium,0.181467,0.742268,0.293436,0.268041,enhanced_detection
0296.JPEG,train,4,paint_damage,0.629464,0.772321,0.196429,0.223214,enhanced_detection
0296.JPEG,train,6,front_bumper,0.629464,0.772321,0.196429,0.223214,enhanced_detection
0296.JPEG,train,16,medium,0.629464,0.772321,0.196429,0.223214,enhanced_detection
0296.JPEG,train,4,paint_damage,0.720982,0.667411,0.120536,0.075893,enhanced_detection
0296.JPEG,train,11,right_door,0.720982,0.667411,0.120536,0.075893,enhanced_detection
0296.JPEG,train,15,low,0.720982,0.667411,0.120536,0.075893,enhanced_detection
0296.JPEG,train,3,broken_part,0.198661,0.790179,0.397321,0.410714,enhanced_detection
0296.JPEG,train,6,front_bumper,0.198661,0.790179,0.397321,0.410714,enhanced_detection
0296.JPEG,train,17,high,0.198661,0.790179,0.397321,0.410714,enhanced_detection
0296.JPEG,train,2,crack,0.138393,0.388393,0.276786,0.178571,enhanced_detection
0296.JPEG,train,10,left_door,0.138393,0.388393,0.276786,0.178571,enhanced_detection
0296.JPEG,train,16,medium,0.138393,0.388393,0.276786,0.178571,enhanced_detection
0296.JPEG,train,4,paint_damage,0.3125,0.448661,0.125,0.111607,enhanced_detection
0296.JPEG,train,13,side_panel,0.3125,0.448661,0.125,0.111607,enhanced_detection
0296.JPEG,train,16,medium,0.3125,0.448661,0.125,0.111607,enhanced_detection
0297.JPEG,train,2,crack,0.428846,0.835052,0.188462,0.092784,enhanced_detection
0297.JPEG,train,6,front_bumper,0.428846,0.835052,0.188462,0.092784,enhanced_detection
0297.JPEG,train,16,medium,0.428846,0.835052,0.188462,0.092784,enhanced_detection
0301.JPEG,train,0,dent,0.027273,0.650273,0.054545,0.087432,enhanced_detection
0301.JPEG,train,10,left_door,0.027273,0.650273,0.054545,0.087432,enhanced_detection
0301.JPEG,train,15,low,0.027273,0.650273,0.054545,0.087432,enhanced_detection
0303.JPEG,train,3,broken_part,0.038851,0.044118,0.077703,0.088235,enhanced_detection
0303.JPEG,train,13,side_panel,0.038851,0.044118,0.077703,0.088235,enhanced_detection
0303.JPEG,train,16,medium,0.038851,0.044118,0.077703,0.088235,enhanced_detection
0303.JPEG,train,3,broken_part,0.057432,0.95,0.060811,0.088235,enhanced_detection
0303.JPEG,train,13,side_panel,0.057432,0.95,0.060811,0.088235,enhanced_detection
0303.JPEG,train,15,low,0.057432,0.95,0.060811,0.088235,enhanced_detection
0303.JPEG,train,0,dent,0.839527,0.773529,0.287162,0.394118,enhanced_detection
0303.JPEG,train,11,right_door,0.839527,0.773529,0.287162,0.394118,enhanced_detection
0303.JPEG,train,16,medium,0.839527,0.773529,0.287162,0.394118,enhanced_detection
0307.JPEG,train,2,crack,0.903846,0.206186,0.184615,0.164948,enhanced_detection
0307.JPEG,train,11,right_door,0.903846,0.206186,0.184615,0.164948,enhanced_detection
0307.JPEG,train,16,medium,0.903846,0.206186,0.184615,0.164948,enhanced_detection
0309.JPEG,train,4,paint_damage,0.179537,0.092784,0.166023,0.185567,enhanced_detection
0309.JPEG,train,7,rear_bumper,0.179537,0.092784,0.166023,0.185567,enhanced_detection
0309.JPEG,train,16,medium,0.179537,0.092784,0.166023,0.185567,enhanced_detection
0309.JPEG,train,0,dent,0.594595,0.904639,0.138996,0.180412,enhanced_detection
0309.JPEG,train,6,front_bumper,0.594595,0.904639,0.138996,0.180412,enhanced_detection
0309.JPEG,train,16,medium,0.594595,0.904639,0.138996,0.180412,enhanced_detection
0309.JPEG,train,2,crack,0.243243,0.329897,0.23166,0.103093,enhanced_detection
0309.JPEG,train,10,left_door,0.243243,0.329897,0.23166,0.103093,enhanced_detection
0309.JPEG,train,16,medium,0.243243,0.329897,0.23166,0.103093,enhanced_detection
0309.JPEG,train,4,paint_damage,0.214286,0.134021,0.088803,0.103093,enhanced_detection
0309.JPEG,train,7,rear_bumper,0.214286,0.134021,0.088803,0.103093,enhanced_detection
0309.JPEG,train,16,medium,0.214286,0.134021,0.088803,0.103093,enhanced_detection
0309.JPEG,train,4,paint_damage,0.03861,0.113402,0.07722,0.154639,enhanced_detection
0309.JPEG,train,10,left_door,0.03861,0.113402,0.07722,0.154639,enhanced_detection
0309.JPEG,train,16,medium,0.03861,0.113402,0.07722,0.154639,enhanced_detection
0309.JPEG,train,0,dent,0.936293,0.623711,0.119691,0.113402,enhanced_detection
0309.JPEG,train,11,right_door,0.936293,0.623711,0.119691,0.113402,enhanced_detection
0309.JPEG,train,15,low,0.936293,0.623711,0.119691,0.113402,enhanced_detection
0309.JPEG,train,4,paint_damage,0.955598,0.054124,0.081081,0.108247,enhanced_detection
0309.JPEG,train,13,side_panel,0.955598,0.054124,0.081081,0.108247,enhanced_detection
0309.JPEG,train,15,low,0.955598,0.054124,0.081081,0.108247,enhanced_detection
0312.JPEG,train,2,crack,0.960526,0.058201,0.071429,0.116402,enhanced_detection
0312.JPEG,train,13,side_panel,0.960526,0.058201,0.071429,0.116402,enhanced_detection
0312.JPEG,train,16,medium,0.960526,0.058201,0.071429,0.116402,enhanced_detection
0312.JPEG,train,0,dent,0.593985,0.664021,0.082707,0.132275,enhanced_detection
0312.JPEG,train,13,side_panel,0.593985,0.664021,0.082707,0.132275,enhanced_detection
0312.JPEG,train,15,low,0.593985,0.664021,0.082707,0.132275,enhanced_detection
0312.JPEG,train,2,crack,0.783835,0.756614,0.424812,0.296296,enhanced_detection
0312.JPEG,train,11,right_door,0.783835,0.756614,0.424812,0.296296,enhanced_detection
0312.JPEG,train,16,medium,0.783835,0.756614,0.424812,0.296296,enhanced_detection
0313.JPEG,train,2,crack,0.907336,0.685567,0.177606,0.206186,enhanced_detection
0313.JPEG,train,11,right_door,0.907336,0.685567,0.177606,0.206186,enhanced_detection
0313.JPEG,train,16,medium,0.907336,0.685567,0.177606,0.206186,enhanced_detection
0313.JPEG,train,0,dent,0.090734,0.659794,0.073359,0.082474,enhanced_detection
0313.JPEG,train,10,left_door,0.090734,0.659794,0.073359,0.082474,enhanced_detection
0313.JPEG,train,15,low,0.090734,0.659794,0.073359,0.082474,enhanced_detection
0314.JPEG,train,0,dent,0.368726,0.103093,0.181467,0.206186,enhanced_detection
0314.JPEG,train,7,rear_bumper,0.368726,0.103093,0.181467,0.206186,enhanced_detection
0314.JPEG,train,15,low,0.368726,0.103093,0.181467,0.206186,enhanced_detection
0314.JPEG,train,2,crack,0.067568,0.474227,0.135135,0.154639,enhanced_detection
0314.JPEG,train,10,left_door,0.067568,0.474227,0.135135,0.154639,enhanced_detection
0314.JPEG,train,16,medium,0.067568,0.474227,0.135135,0.154639,enhanced_detection
0314.JPEG,train,0,dent,0.364865,0.899485,0.096525,0.108247,enhanced_detection
0314.JPEG,train,6,front_bumper,0.364865,0.899485,0.096525,0.108247,enhanced_detection
0314.JPEG,train,15,low,0.364865,0.899485,0.096525,0.108247,enhanced_detection
0314.JPEG,train,0,dent,0.333977,0.435567,0.127413,0.170103,enhanced_detection
0314.JPEG,train,13,side_panel,0.333977,0.435567,0.127413,0.170103,enhanced_detection
0314.JPEG,train,15,low,0.333977,0.435567,0.127413,0.170103,enhanced_detection
0314.JPEG,train,0,dent,0.106178,0.146907,0.212355,0.170103,enhanced_detection
0314.JPEG,train,7,rear_bumper,0.106178,0.146907,0.212355,0.170103,enhanced_detection
0314.JPEG,train,15,low,0.106178,0.146907,0.212355,0.170103,enhanced_detection
0316.JPEG,train,0,dent,0.187259,0.938144,0.119691,0.113402,enhanced_detection
0316.JPEG,train,6,front_bumper,0.187259,0.938144,0.119691,0.113402,enhanced_detection
0316.JPEG,train,15,low,0.187259,0.938144,0.119691,0.113402,enhanced_detection
0316.JPEG,train,0,dent,0.316602,0.907216,0.185328,0.175258,enhanced_detection
0316.JPEG,train,6,front_bumper,0.316602,0.907216,0.185328,0.175258,enhanced_detection
0316.JPEG,train,15,low,0.316602,0.907216,0.185328,0.175258,enhanced_detection
0316.JPEG,train,2,crack,0.067568,0.927835,0.135135,0.134021,enhanced_detection
0316.JPEG,train,6,front_bumper,0.067568,0.927835,0.135135,0.134021,enhanced_detection
0316.JPEG,train,16,medium,0.067568,0.927835,0.135135,0.134021,enhanced_detection
0316.JPEG,train,2,crack,0.694981,0.912371,0.594595,0.164948,enhanced_detection
0316.JPEG,train,6,front_bumper,0.694981,0.912371,0.594595,0.164948,enhanced_detection
0316.JPEG,train,16,medium,0.694981,0.912371,0.594595,0.164948,enhanced_detection
0316.JPEG,train,4,paint_damage,0.901544,0.677835,0.189189,0.242268,enhanced_detection
0316.JPEG,train,11,right_door,0.901544,0.677835,0.189189,0.242268,enhanced_detection
0316.JPEG,train,16,medium,0.901544,0.677835,0.189189,0.242268,enhanced_detection
0317.JPEG,train,2,crack,0.949807,0.878866,0.092664,0.231959,enhanced_detection
0317.JPEG,train,11,right_door,0.949807,0.878866,0.092664,0.231959,enhanced_detection
0317.JPEG,train,16,medium,0.949807,0.878866,0.092664,0.231959,enhanced_detection
0317.JPEG,train,2,crack,0.80888,0.793814,0.127413,0.175258,enhanced_detection
0317.JPEG,train,6,front_bumper,0.80888,0.793814,0.127413,0.175258,enhanced_detection
0317.JPEG,train,16,medium,0.80888,0.793814,0.127413,0.175258,enhanced_detection
0318.JPEG,train,3,broken_part,0.769406,0.163043,0.452055,0.326087,enhanced_detection
0318.JPEG,train,12,roof,0.769406,0.163043,0.452055,0.326087,enhanced_detection
0318.JPEG,train,17,high,0.769406,0.163043,0.452055,0.326087,enhanced_detection
0318.JPEG,train,0,dent,0.901826,0.932609,0.187215,0.126087,enhanced_detection
0318.JPEG,train,6,front_bumper,0.901826,0.932609,0.187215,0.126087,enhanced_detection
0318.JPEG,train,15,low,0.901826,0.932609,0.187215,0.126087,enhanced_detection
0318.JPEG,train,0,dent,0.732877,0.773913,0.515982,0.443478,enhanced_detection
0318.JPEG,train,6,front_bumper,0.732877,0.773913,0.515982,0.443478,enhanced_detection
0318.JPEG,train,16,medium,0.732877,0.773913,0.515982,0.443478,enhanced_detection
0318.JPEG,train,0,dent,0.100457,0.063043,0.136986,0.126087,enhanced_detection
0318.JPEG,train,7,rear_bumper,0.100457,0.063043,0.136986,0.126087,enhanced_detection
0318.JPEG,train,15,low,0.100457,0.063043,0.136986,0.126087,enhanced_detection
0318.JPEG,train,2,crack,0.840183,0.493478,0.191781,0.143478,enhanced_detection
0318.JPEG,train,11,right_door,0.840183,0.493478,0.191781,0.143478,enhanced_detection
0318.JPEG,train,15,low,0.840183,0.493478,0.191781,0.143478,enhanced_detection
0318.JPEG,train,0,dent,0.465753,0.717391,0.118721,0.078261,enhanced_detection
0318.JPEG,train,6,front_bumper,0.465753,0.717391,0.118721,0.078261,enhanced_detection
0318.JPEG,train,15,low,0.465753,0.717391,0.118721,0.078261,enhanced_detection
0319.JPEG,train,0,dent,0.643333,0.949405,0.08,0.089286,enhanced_detection
0319.JPEG,train,6,front_bumper,0.643333,0.949405,0.08,0.089286,enhanced_detection
0319.JPEG,train,15,low,0.643333,0.949405,0.08,0.089286,enhanced_detection
0321.JPEG,train,0,dent,0.289575,0.840206,0.108108,0.092784,enhanced_detection
0321.JPEG,train,6,front_bumper,0.289575,0.840206,0.108108,0.092784,enhanced_detection
0321.JPEG,train,15,low,0.289575,0.840206,0.108108,0.092784,enhanced_detection
0324.JPEG,train,2,crack,0.411417,0.265152,0.822835,0.530303,enhanced_detection
0324.JPEG,train,9,windshield,0.411417,0.265152,0.822835,0.530303,enhanced_detection
0324.JPEG,train,17,high,0.411417,0.265152,0.822835,0.530303,enhanced_detection
0328.JPEG,train,2,crack,0.322742,0.895833,0.143813,0.196429,enhanced_detection
0328.JPEG,train,6,front_bumper,0.322742,0.895833,0.143813,0.196429,enhanced_detection
0328.JPEG,train,16,medium,0.322742,0.895833,0.143813,0.196429,enhanced_detection
0328.JPEG,train,0,dent,0.874582,0.821429,0.244147,0.345238,enhanced_detection
0328.JPEG,train,11,right_door,0.874582,0.821429,0.244147,0.345238,enhanced_detection
0328.JPEG,train,16,medium,0.874582,0.821429,0.244147,0.345238,enhanced_detection
0328.JPEG,train,0,dent,0.744147,0.824405,0.070234,0.172619,enhanced_detection
0328.JPEG,train,6,front_bumper,0.744147,0.824405,0.070234,0.172619,enhanced_detection
0328.JPEG,train,15,low,0.744147,0.824405,0.070234,0.172619,enhanced_detection
0329.JPEG,train,2,crack,0.919118,0.902703,0.154412,0.183784,enhanced_detection
0329.JPEG,train,6,front_bumper,0.919118,0.902703,0.154412,0.183784,enhanced_detection
0329.JPEG,train,16,medium,0.919118,0.902703,0.154412,0.183784,enhanced_detection
0330.JPEG,train,4,paint_damage,0.875,0.789474,0.240196,0.242915,enhanced_detection
0330.JPEG,train,11,right_door,0.875,0.789474,0.240196,0.242915,enhanced_detection
0330.JPEG,train,16,medium,0.875,0.789474,0.240196,0.242915,enhanced_detection
0330.JPEG,train,0,dent,0.708333,0.04251,0.171569,0.08502,enhanced_detection
0330.JPEG,train,7,rear_bumper,0.708333,0.04251,0.171569,0.08502,enhanced_detection
0330.JPEG,train,16,medium,0.708333,0.04251,0.171569,0.08502,enhanced_detection
0330.JPEG,train,4,paint_damage,0.936275,0.51417,0.117647,0.105263,enhanced_detection
0330.JPEG,train,11,right_door,0.936275,0.51417,0.117647,0.105263,enhanced_detection
0330.JPEG,train,16,medium,0.936275,0.51417,0.117647,0.105263,enhanced_detection
0331.JPEG,train,0,dent,0.111667,0.839286,0.223333,0.309524,enhanced_detection
0331.JPEG,train,6,front_bumper,0.111667,0.839286,0.223333,0.309524,enhanced_detection
0331.JPEG,train,16,medium,0.111667,0.839286,0.223333,0.309524,enhanced_detection
0332.JPEG,train,0,dent,0.191667,0.767857,0.116667,0.154762,enhanced_detection
0332.JPEG,train,10,left_door,0.191667,0.767857,0.116667,0.154762,enhanced_detection
0332.JPEG,train,15,low,0.191667,0.767857,0.116667,0.154762,enhanced_detection
0335.JPEG,train,2,crack,0.07722,0.293814,0.15444,0.154639,enhanced_detection
0335.JPEG,train,10,left_door,0.07722,0.293814,0.15444,0.154639,enhanced_detection
0335.JPEG,train,16,medium,0.07722,0.293814,0.15444,0.154639,enhanced_detection
0335.JPEG,train,2,crack,0.698842,0.706186,0.07722,0.257732,enhanced_detection
0335.JPEG,train,11,right_door,0.698842,0.706186,0.07722,0.257732,enhanced_detection
0335.JPEG,train,16,medium,0.698842,0.706186,0.07722,0.257732,enhanced_detection
0335.JPEG,train,2,crack,0.951737,0.445876,0.088803,0.469072,enhanced_detection
0335.JPEG,train,11,right_door,0.951737,0.445876,0.088803,0.469072,enhanced_detection
0335.JPEG,train,16,medium,0.951737,0.445876,0.088803,0.469072,enhanced_detection
0335.JPEG,train,2,crack,0.53861,0.739691,0.096525,0.139175,enhanced_detection
0335.JPEG,train,6,front_bumper,0.53861,0.739691,0.096525,0.139175,enhanced_detection
0335.JPEG,train,15,low,0.53861,0.739691,0.096525,0.139175,enhanced_detection
0335.JPEG,train,4,paint_damage,0.743243,0.92268,0.505792,0.14433,enhanced_detection
0335.JPEG,train,6,front_bumper,0.743243,0.92268,0.505792,0.14433,enhanced_detection
0335.JPEG,train,15,low,0.743243,0.92268,0.505792,0.14433,enhanced_detection
0336.JPEG,train,0,dent,0.878378,0.051546,0.104247,0.103093,enhanced_detection
0336.JPEG,train,7,rear_bumper,0.878378,0.051546,0.104247,0.103093,enhanced_detection
0336.JPEG,train,15,low,0.878378,0.051546,0.104247,0.103093,enhanced_detection
0336.JPEG,train,4,paint_damage,0.783784,0.847938,0.084942,0.170103,enhanced_detection
0336.JPEG,train,6,front_bumper,0.783784,0.847938,0.084942,0.170103,enhanced_detection
0336.JPEG,train,15,low,0.783784,0.847938,0.084942,0.170103,enhanced_detection
0336.JPEG,train,0,dent,0.393822,0.39433,0.138996,0.128866,enhanced_detection
0336.JPEG,train,13,side_panel,0.393822,0.39433,0.138996,0.128866,enhanced_detection
0336.JPEG,train,15,low,0.393822,0.39433,0.138996,0.128866,enhanced_detection
0336.JPEG,train,0,dent,0.129344,0.474227,0.166023,0.298969,enhanced_detection
0336.JPEG,train,10,left_door,0.129344,0.474227,0.166023,0.298969,enhanced_detection
0336.JPEG,train,15,low,0.129344,0.474227,0.166023,0.298969,enhanced_detection
0337.JPEG,train,4,paint_damage,0.048889,0.873333,0.097778,0.244444,enhanced_detection
0337.JPEG,train,10,left_door,0.048889,0.873333,0.097778,0.244444,enhanced_detection
0337.JPEG,train,16,medium,0.048889,0.873333,0.097778,0.244444,enhanced_detection
0337.JPEG,train,4,paint_damage,0.882222,0.826667,0.093333,0.088889,enhanced_detection
0337.JPEG,train,11,right_door,0.882222,0.826667,0.093333,0.088889,enhanced_detection
0337.JPEG,train,16,medium,0.882222,0.826667,0.093333,0.088889,enhanced_detection
0337.JPEG,train,4,paint_damage,0.957778,0.737778,0.075556,0.088889,enhanced_detection
0337.JPEG,train,11,right_door,0.957778,0.737778,0.075556,0.088889,enhanced_detection
0337.JPEG,train,16,medium,0.957778,0.737778,0.075556,0.088889,enhanced_detection
0337.JPEG,train,0,dent,0.911111,0.951111,0.168889,0.088889,enhanced_detection
0337.JPEG,train,6,front_bumper,0.911111,0.951111,0.168889,0.088889,enhanced_detection
0337.JPEG,train,15,low,0.911111,0.951111,0.168889,0.088889,enhanced_detection
0340.JPEG,train,3,broken_part,0.828185,0.798969,0.335907,0.391753,enhanced_detection
0340.JPEG,train,11,right_door,0.828185,0.798969,0.335907,0.391753,enhanced_detection
0340.JPEG,train,17,high,0.828185,0.798969,0.335907,0.391753,enhanced_detection
0340.JPEG,train,0,dent,0.160232,0.904639,0.073359,0.087629,enhanced_detection
0340.JPEG,train,6,front_bumper,0.160232,0.904639,0.073359,0.087629,enhanced_detection
0340.JPEG,train,15,low,0.160232,0.904639,0.073359,0.087629,enhanced_detection
0343.JPEG,train,0,dent,0.9,0.890805,0.193103,0.206897,enhanced_detection
0343.JPEG,train,6,front_bumper,0.9,0.890805,0.193103,0.206897,enhanced_detection
0343.JPEG,train,15,low,0.9,0.890805,0.193103,0.206897,enhanced_detection
0344.JPEG,train,0,dent,0.078947,0.165663,0.098684,0.331325,enhanced_detection
0344.JPEG,train,10,left_door,0.078947,0.165663,0.098684,0.331325,enhanced_detection
0344.JPEG,train,15,low,0.078947,0.165663,0.098684,0.331325,enhanced_detection
0345.JPEG,train,0,dent,0.091379,0.942197,0.182759,0.104046,enhanced_detection
0345.JPEG,train,6,front_bumper,0.091379,0.942197,0.182759,0.104046,enhanced_detection
0345.JPEG,train,15,low,0.091379,0.942197,0.182759,0.104046,enhanced_detection
0346.JPEG,train,0,dent,0.586957,0.934524,0.123746,0.119048,enhanced_detection
0346.JPEG,train,6,front_bumper,0.586957,0.934524,0.123746,0.119048,enhanced_detection
0346.JPEG,train,15,low,0.586957,0.934524,0.123746,0.119048,enhanced_detection
0346.JPEG,train,0,dent,0.961538,0.91369,0.070234,0.160714,enhanced_detection
0346.JPEG,train,11,right_door,0.961538,0.91369,0.070234,0.160714,enhanced_detection
0346.JPEG,train,15,low,0.961538,0.91369,0.070234,0.160714,enhanced_detection
0346.JPEG,train,3,broken_part,0.255853,0.889881,0.511706,0.208333,enhanced_detection
0346.JPEG,train,6,front_bumper,0.255853,0.889881,0.511706,0.208333,enhanced_detection
0346.JPEG,train,16,medium,0.255853,0.889881,0.511706,0.208333,enhanced_detection
0346.JPEG,train,0,dent,0.474916,0.934524,0.053512,0.119048,enhanced_detection
0346.JPEG,train,6,front_bumper,0.474916,0.934524,0.053512,0.119048,enhanced_detection
0346.JPEG,train,15,low,0.474916,0.934524,0.053512,0.119048,enhanced_detection
0346.JPEG,train,2,crack,0.132107,0.0625,0.177258,0.125,enhanced_detection
0346.JPEG,train,7,rear_bumper,0.132107,0.0625,0.177258,0.125,enhanced_detection
0346.JPEG,train,16,medium,0.132107,0.0625,0.177258,0.125,enhanced_detection
0346.JPEG,train,2,crack,0.110368,0.776786,0.220736,0.196429,enhanced_detection
0346.JPEG,train,10,left_door,0.110368,0.776786,0.220736,0.196429,enhanced_detection
0346.JPEG,train,16,medium,0.110368,0.776786,0.220736,0.196429,enhanced_detection
0349.jpeg,train,2,crack,0.862934,0.956186,0.266409,0.07732,enhanced_detection
0349.jpeg,train,6,front_bumper,0.862934,0.956186,0.266409,0.07732,enhanced_detection
0349.jpeg,train,15,low,0.862934,0.956186,0.266409,0.07732,enhanced_detection
0349.jpeg,train,2,crack,0.083012,0.762887,0.166023,0.463918,enhanced_detection
0349.jpeg,train,10,left_door,0.083012,0.762887,0.166023,0.463918,enhanced_detection
0349.jpeg,train,16,medium,0.083012,0.762887,0.166023,0.463918,enhanced_detection
0349.jpeg,train,0,dent,0.803089,0.703608,0.169884,0.242268,enhanced_detection
0349.jpeg,train,11,right_door,0.803089,0.703608,0.169884,0.242268,enhanced_detection
0349.jpeg,train,15,low,0.803089,0.703608,0.169884,0.242268,enhanced_detection
0349.jpeg,train,4,paint_damage,0.878378,0.706186,0.088803,0.134021,enhanced_detection
0349.jpeg,train,11,right_door,0.878378,0.706186,0.088803,0.134021,enhanced_detection
0349.jpeg,train,15,low,0.878378,0.706186,0.088803,0.134021,enhanced_detection
0349.jpeg,train,0,dent,0.69112,0.822165,0.27027,0.170103,enhanced_detection
0349.jpeg,train,6,front_bumper,0.69112,0.822165,0.27027,0.170103,enhanced_detection
0349.jpeg,train,15,low,0.69112,0.822165,0.27027,0.170103,enhanced_detection
0350.JPEG,train,2,crack,0.946154,0.953608,0.1,0.082474,enhanced_detection
0350.JPEG,train,13,side_panel,0.946154,0.953608,0.1,0.082474,enhanced_detection
0350.JPEG,train,15,low,0.946154,0.953608,0.1,0.082474,enhanced_detection
0350.JPEG,train,2,crack,0.140385,0.069588,0.25,0.139175,enhanced_detection
0350.JPEG,train,7,rear_bumper,0.140385,0.069588,0.25,0.139175,enhanced_detection
0350.JPEG,train,16,medium,0.140385,0.069588,0.25,0.139175,enhanced_detection
0350.JPEG,train,2,crack,0.434615,0.097938,0.392308,0.195876,enhanced_detection
0350.JPEG,train,7,rear_bumper,0.434615,0.097938,0.392308,0.195876,enhanced_detection
0350.JPEG,train,16,medium,0.434615,0.097938,0.392308,0.195876,enhanced_detection
0350.JPEG,train,2,crack,0.746154,0.389175,0.5,0.293814,enhanced_detection
0350.JPEG,train,11,right_door,0.746154,0.389175,0.5,0.293814,enhanced_detection
0350.JPEG,train,16,medium,0.746154,0.389175,0.5,0.293814,enhanced_detection
0350.JPEG,train,0,dent,0.892308,0.863402,0.092308,0.139175,enhanced_detection
0350.JPEG,train,6,front_bumper,0.892308,0.863402,0.092308,0.139175,enhanced_detection
0350.JPEG,train,15,low,0.892308,0.863402,0.092308,0.139175,enhanced_detection
0350.JPEG,train,0,dent,0.069231,0.309278,0.138462,0.216495,enhanced_detection
0350.JPEG,train,10,left_door,0.069231,0.309278,0.138462,0.216495,enhanced_detection
0350.JPEG,train,15,low,0.069231,0.309278,0.138462,0.216495,enhanced_detection
0350.JPEG,train,0,dent,0.623077,0.208763,0.069231,0.07732,enhanced_detection
0350.JPEG,train,9,windshield,0.623077,0.208763,0.069231,0.07732,enhanced_detection
0350.JPEG,train,15,low,0.623077,0.208763,0.069231,0.07732,enhanced_detection
0351.JPEG,train,3,broken_part,0.045,0.074405,0.09,0.14881,enhanced_detection
0351.JPEG,train,7,rear_bumper,0.045,0.074405,0.09,0.14881,enhanced_detection
0351.JPEG,train,16,medium,0.045,0.074405,0.09,0.14881,enhanced_detection
0351.JPEG,train,0,dent,0.705,0.0625,0.11,0.125,enhanced_detection
0351.JPEG,train,7,rear_bumper,0.705,0.0625,0.11,0.125,enhanced_detection
0351.JPEG,train,15,low,0.705,0.0625,0.11,0.125,enhanced_detection
0351.JPEG,train,0,dent,0.946667,0.842262,0.1,0.14881,enhanced_detection
0351.JPEG,train,11,right_door,0.946667,0.842262,0.1,0.14881,enhanced_detection
0351.JPEG,train,15,low,0.946667,0.842262,0.1,0.14881,enhanced_detection
0352.JPEG,train,2,crack,0.496364,0.688525,0.083636,0.218579,enhanced_detection
0352.JPEG,train,13,side_panel,0.496364,0.688525,0.083636,0.218579,enhanced_detection
0352.JPEG,train,16,medium,0.496364,0.688525,0.083636,0.218579,enhanced_detection
0352.JPEG,train,2,crack,0.732727,0.418033,0.527273,0.377049,enhanced_detection
0352.JPEG,train,11,right_door,0.732727,0.418033,0.527273,0.377049,enhanced_detection
0352.JPEG,train,17,high,0.732727,0.418033,0.527273,0.377049,enhanced_detection
0352.JPEG,train,2,crack,0.743636,0.743169,0.505455,0.273224,enhanced_detection
0352.JPEG,train,6,front_bumper,0.743636,0.743169,0.505455,0.273224,enhanced_detection
0352.JPEG,train,17,high,0.743636,0.743169,0.505455,0.273224,enhanced_detection
0354.JPEG,train,0,dent,0.29386,0.943439,0.070175,0.104072,enhanced_detection
0354.JPEG,train,6,front_bumper,0.29386,0.943439,0.070175,0.104072,enhanced_detection
0354.JPEG,train,15,low,0.29386,0.943439,0.070175,0.104072,enhanced_detection
0354.JPEG,train,0,dent,0.135965,0.920814,0.27193,0.149321,enhanced_detection
0354.JPEG,train,6,front_bumper,0.135965,0.920814,0.27193,0.149321,enhanced_detection
0354.JPEG,train,16,medium,0.135965,0.920814,0.27193,0.149321,enhanced_detection
0354.JPEG,train,0,dent,0.054825,0.809955,0.109649,0.135747,enhanced_detection
0354.JPEG,train,10,left_door,0.054825,0.809955,0.109649,0.135747,enhanced_detection
0354.JPEG,train,15,low,0.054825,0.809955,0.109649,0.135747,enhanced_detection
0354.JPEG,train,0,dent,0.157895,0.737557,0.105263,0.099548,enhanced_detection
0354.JPEG,train,10,left_door,0.157895,0.737557,0.105263,0.099548,enhanced_detection
0354.JPEG,train,15,low,0.157895,0.737557,0.105263,0.099548,enhanced_detection
0355.JPEG,train,2,crack,0.198276,0.344828,0.396552,0.689655,enhanced_detection
0355.JPEG,train,10,left_door,0.198276,0.344828,0.396552,0.689655,enhanced_detection
0355.JPEG,train,17,high,0.198276,0.344828,0.396552,0.689655,enhanced_detection
0355.JPEG,train,0,dent,0.455172,0.885057,0.131034,0.114943,enhanced_detection
0355.JPEG,train,6,front_bumper,0.455172,0.885057,0.131034,0.114943,enhanced_detection
0355.JPEG,train,15,low,0.455172,0.885057,0.131034,0.114943,enhanced_detection
0355.JPEG,train,0,dent,0.817241,0.729885,0.158621,0.114943,enhanced_detection
0355.JPEG,train,11,right_door,0.817241,0.729885,0.158621,0.114943,enhanced_detection
0355.JPEG,train,15,low,0.817241,0.729885,0.158621,0.114943,enhanced_detection
0355.JPEG,train,0,dent,0.705172,0.321839,0.051724,0.126437,enhanced_detection
0355.JPEG,train,8,hood,0.705172,0.321839,0.051724,0.126437,enhanced_detection
0355.JPEG,train,15,low,0.705172,0.321839,0.051724,0.126437,enhanced_detection
0355.JPEG,train,0,dent,0.684483,0.787356,0.106897,0.091954,enhanced_detection
0355.JPEG,train,6,front_bumper,0.684483,0.787356,0.106897,0.091954,enhanced_detection
0355.JPEG,train,15,low,0.684483,0.787356,0.106897,0.091954,enhanced_detection
0356.JPEG,train,2,crack,0.909091,0.674863,0.174545,0.639344,enhanced_detection
0356.JPEG,train,11,right_door,0.909091,0.674863,0.174545,0.639344,enhanced_detection
0356.JPEG,train,16,medium,0.909091,0.674863,0.174545,0.639344,enhanced_detection
0357.JPEG,train,2,crack,0.87594,0.555263,0.067669,0.1,enhanced_detection
0357.JPEG,train,11,right_door,0.87594,0.555263,0.067669,0.1,enhanced_detection
0357.JPEG,train,16,medium,0.87594,0.555263,0.067669,0.1,enhanced_detection
0357.JPEG,train,0,dent,0.87594,0.673684,0.240602,0.157895,enhanced_detection
0357.JPEG,train,11,right_door,0.87594,0.673684,0.240602,0.157895,enhanced_detection
0357.JPEG,train,15,low,0.87594,0.673684,0.240602,0.157895,enhanced_detection
0358.JPEG,train,0,dent,0.08209,0.843085,0.11194,0.12234,enhanced_detection
0358.JPEG,train,10,left_door,0.08209,0.843085,0.11194,0.12234,enhanced_detection
0358.JPEG,train,15,low,0.08209,0.843085,0.11194,0.12234,enhanced_detection
0359.JPEG,train,2,crack,0.241313,0.909794,0.482625,0.170103,enhanced_detection
0359.JPEG,train,6,front_bumper,0.241313,0.909794,0.482625,0.170103,enhanced_detection
0359.JPEG,train,16,medium,0.241313,0.909794,0.482625,0.170103,enhanced_detection
0361.JPEG,train,4,paint_damage,0.141221,0.5625,0.282443,0.333333,enhanced_detection
0361.JPEG,train,10,left_door,0.141221,0.5625,0.282443,0.333333,enhanced_detection
0361.JPEG,train,17,high,0.141221,0.5625,0.282443,0.333333,enhanced_detection
0361.JPEG,train,2,crack,0.200382,0.244792,0.400763,0.302083,enhanced_detection
0361.JPEG,train,10,left_door,0.200382,0.244792,0.400763,0.302083,enhanced_detection
0361.JPEG,train,16,medium,0.200382,0.244792,0.400763,0.302083,enhanced_detection
0361.JPEG,train,0,dent,0.141221,0.192708,0.076336,0.09375,enhanced_detection
0361.JPEG,train,10,left_door,0.141221,0.192708,0.076336,0.09375,enhanced_detection
0361.JPEG,train,15,low,0.141221,0.192708,0.076336,0.09375,enhanced_detection
0361.JPEG,train,2,crack,0.064885,0.794271,0.129771,0.078125,enhanced_detection
0361.JPEG,train,10,left_door,0.064885,0.794271,0.129771,0.078125,enhanced_detection
0361.JPEG,train,15,low,0.064885,0.794271,0.129771,0.078125,enhanced_detection
0362.JPEG,train,2,crack,0.96,0.892857,0.073333,0.202381,enhanced_detection
0362.JPEG,train,11,right_door,0.96,0.892857,0.073333,0.202381,enhanced_detection
0362.JPEG,train,16,medium,0.96,0.892857,0.073333,0.202381,enhanced_detection
0364.JPEG,train,0,dent,0.34749,0.956186,0.069498,0.07732,enhanced_detection
0364.JPEG,train,6,front_bumper,0.34749,0.956186,0.069498,0.07732,enhanced_detection
0364.JPEG,train,15,low,0.34749,0.956186,0.069498,0.07732,enhanced_detection
0364.JPEG,train,0,dent,0.76834,0.917526,0.11583,0.123711,enhanced_detection
0364.JPEG,train,6,front_bumper,0.76834,0.917526,0.11583,0.123711,enhanced_detection
0364.JPEG,train,15,low,0.76834,0.917526,0.11583,0.123711,enhanced_detection
0364.JPEG,train,0,dent,0.936293,0.889175,0.119691,0.190722,enhanced_detection
0364.JPEG,train,6,front_bumper,0.936293,0.889175,0.119691,0.190722,enhanced_detection
0364.JPEG,train,15,low,0.936293,0.889175,0.119691,0.190722,enhanced_detection
0364.JPEG,train,0,dent,0.092664,0.824742,0.092664,0.123711,enhanced_detection
0364.JPEG,train,10,left_door,0.092664,0.824742,0.092664,0.123711,enhanced_detection
0364.JPEG,train,15,low,0.092664,0.824742,0.092664,0.123711,enhanced_detection
0365.JPEG,train,2,crack,0.498069,0.373711,0.996139,0.747423,enhanced_detection
0365.JPEG,train,14,other_location,0.498069,0.373711,0.996139,0.747423,enhanced_detection
0365.JPEG,train,17,high,0.498069,0.373711,0.996139,0.747423,enhanced_detection
0367.JPEG,train,2,crack,0.183636,0.068306,0.367273,0.136612,enhanced_detection
0367.JPEG,train,7,rear_bumper,0.183636,0.068306,0.367273,0.136612,enhanced_detection
0367.JPEG,train,16,medium,0.183636,0.068306,0.367273,0.136612,enhanced_detection
0368.JPEG,train,0,dent,0.220077,0.793814,0.223938,0.175258,enhanced_detection
0368.JPEG,train,6,front_bumper,0.220077,0.793814,0.223938,0.175258,enhanced_detection
0368.JPEG,train,16,medium,0.220077,0.793814,0.223938,0.175258,enhanced_detection
0368.JPEG,train,2,crack,0.949807,0.435567,0.092664,0.149485,enhanced_detection
0368.JPEG,train,11,right_door,0.949807,0.435567,0.092664,0.149485,enhanced_detection
0368.JPEG,train,16,medium,0.949807,0.435567,0.092664,0.149485,enhanced_detection
0368.JPEG,train,3,broken_part,0.772201,0.770619,0.401544,0.448454,enhanced_detection
0368.JPEG,train,6,front_bumper,0.772201,0.770619,0.401544,0.448454,enhanced_detection
0368.JPEG,train,17,high,0.772201,0.770619,0.401544,0.448454,enhanced_detection
0370.JPEG,train,2,crack,0.498069,0.162371,0.996139,0.324742,enhanced_detection
0370.JPEG,train,12,roof,0.498069,0.162371,0.996139,0.324742,enhanced_detection
0370.JPEG,train,17,high,0.498069,0.162371,0.996139,0.324742,enhanced_detection
0370.JPEG,train,2,crack,0.498069,0.68299,0.996139,0.623711,enhanced_detection
0370.JPEG,train,14,other_location,0.498069,0.68299,0.996139,0.623711,enhanced_detection
0370.JPEG,train,16,medium,0.498069,0.68299,0.996139,0.623711,enhanced_detection
0370.JPEG,train,2,crack,0.642857,0.376289,0.111969,0.237113,enhanced_detection
0370.JPEG,train,13,side_panel,0.642857,0.376289,0.111969,0.237113,enhanced_detection
0370.JPEG,train,15,low,0.642857,0.376289,0.111969,0.237113,enhanced_detection
0370.JPEG,train,2,crack,0.667954,0.57732,0.108108,0.113402,enhanced_detection
0370.JPEG,train,13,side_panel,0.667954,0.57732,0.108108,0.113402,enhanced_detection
0370.JPEG,train,15,low,0.667954,0.57732,0.108108,0.113402,enhanced_detection
0373.JPEG,train,0,dent,0.891732,0.343434,0.137795,0.20202,enhanced_detection
0373.JPEG,train,11,right_door,0.891732,0.343434,0.137795,0.20202,enhanced_detection
0373.JPEG,train,15,low,0.891732,0.343434,0.137795,0.20202,enhanced_detection
0375.JPEG,train,2,crack,0.246781,0.946759,0.493562,0.097222,enhanced_detection
0375.JPEG,train,6,front_bumper,0.246781,0.946759,0.493562,0.097222,enhanced_detection
0375.JPEG,train,16,medium,0.246781,0.946759,0.493562,0.097222,enhanced_detection
0375.JPEG,train,2,crack,0.725322,0.731481,0.540773,0.527778,enhanced_detection
0375.JPEG,train,6,front_bumper,0.725322,0.731481,0.540773,0.527778,enhanced_detection
0375.JPEG,train,16,medium,0.725322,0.731481,0.540773,0.527778,enhanced_detection
0375.JPEG,train,3,broken_part,0.901288,0.759259,0.188841,0.12963,enhanced_detection
0375.JPEG,train,11,right_door,0.901288,0.759259,0.188841,0.12963,enhanced_detection
0375.JPEG,train,16,medium,0.901288,0.759259,0.188841,0.12963,enhanced_detection
0377.JPEG,train,4,paint_damage,0.408027,0.892857,0.334448,0.202381,enhanced_detection
0377.JPEG,train,6,front_bumper,0.408027,0.892857,0.334448,0.202381,enhanced_detection
0377.JPEG,train,16,medium,0.408027,0.892857,0.334448,0.202381,enhanced_detection
0378.JPEG,train,2,crack,0.899614,0.945876,0.19305,0.097938,enhanced_detection
0378.JPEG,train,6,front_bumper,0.899614,0.945876,0.19305,0.097938,enhanced_detection
0378.JPEG,train,16,medium,0.899614,0.945876,0.19305,0.097938,enhanced_detection
0378.JPEG,train,0,dent,0.455598,0.670103,0.092664,0.185567,enhanced_detection
0378.JPEG,train,13,side_panel,0.455598,0.670103,0.092664,0.185567,enhanced_detection
0378.JPEG,train,16,medium,0.455598,0.670103,0.092664,0.185567,enhanced_detection
0378.JPEG,train,0,dent,0.837838,0.71134,0.316602,0.278351,enhanced_detection
0378.JPEG,train,11,right_door,0.837838,0.71134,0.316602,0.278351,enhanced_detection
0378.JPEG,train,16,medium,0.837838,0.71134,0.316602,0.278351,enhanced_detection
0378.JPEG,train,0,dent,0.73166,0.75,0.135135,0.118557,enhanced_detection
0378.JPEG,train,6,front_bumper,0.73166,0.75,0.135135,0.118557,enhanced_detection
0378.JPEG,train,15,low,0.73166,0.75,0.135135,0.118557,enhanced_detection
0381.JPEG,train,4,paint_damage,0.048263,0.363402,0.096525,0.180412,enhanced_detection
0381.JPEG,train,10,left_door,0.048263,0.363402,0.096525,0.180412,enhanced_detection
0381.JPEG,train,16,medium,0.048263,0.363402,0.096525,0.180412,enhanced_detection
0381.JPEG,train,4,paint_damage,0.03861,0.603093,0.07722,0.185567,enhanced_detection
0381.JPEG,train,10,left_door,0.03861,0.603093,0.07722,0.185567,enhanced_detection
0381.JPEG,train,15,low,0.03861,0.603093,0.07722,0.185567,enhanced_detection
0381.JPEG,train,0,dent,0.096525,0.956186,0.19305,0.07732,enhanced_detection
0381.JPEG,train,6,front_bumper,0.096525,0.956186,0.19305,0.07732,enhanced_detection
0381.JPEG,train,15,low,0.096525,0.956186,0.19305,0.07732,enhanced_detection
0381.JPEG,train,0,dent,0.07529,0.835052,0.150579,0.247423,enhanced_detection
0381.JPEG,train,10,left_door,0.07529,0.835052,0.150579,0.247423,enhanced_detection
0381.JPEG,train,15,low,0.07529,0.835052,0.150579,0.247423,enhanced_detection
0381.JPEG,train,0,dent,0.957529,0.889175,0.07722,0.097938,enhanced_detection
0381.JPEG,train,11,right_door,0.957529,0.889175,0.07722,0.097938,enhanced_detection
0381.JPEG,train,15,low,0.957529,0.889175,0.07722,0.097938,enhanced_detection
0383.jpeg,train,2,crack,0.125,0.096567,0.25,0.184549,enhanced_detection
0383.jpeg,train,7,rear_bumper,0.125,0.096567,0.25,0.184549,enhanced_detection
0383.jpeg,train,16,medium,0.125,0.096567,0.25,0.184549,enhanced_detection
0383.jpeg,train,2,crack,0.240741,0.11588,0.148148,0.23176,enhanced_detection
0383.jpeg,train,12,roof,0.240741,0.11588,0.148148,0.23176,enhanced_detection
0383.jpeg,train,16,medium,0.240741,0.11588,0.148148,0.23176,enhanced_detection
0383.jpeg,train,3,broken_part,0.203704,0.51073,0.092593,0.085837,enhanced_detection
0383.jpeg,train,10,left_door,0.203704,0.51073,0.092593,0.085837,enhanced_detection
0383.jpeg,train,15,low,0.203704,0.51073,0.092593,0.085837,enhanced_detection
0383.jpeg,train,2,crack,0.229167,0.474249,0.097222,0.072961,enhanced_detection
0383.jpeg,train,10,left_door,0.229167,0.474249,0.097222,0.072961,enhanced_detection
0383.jpeg,train,15,low,0.229167,0.474249,0.097222,0.072961,enhanced_detection
0384.JPEG,train,2,crack,0.882463,0.954787,0.227612,0.079787,enhanced_detection
0384.JPEG,train,6,front_bumper,0.882463,0.954787,0.227612,0.079787,enhanced_detection
0384.JPEG,train,16,medium,0.882463,0.954787,0.227612,0.079787,enhanced_detection
0384.JPEG,train,2,crack,0.783582,0.553191,0.425373,0.255319,enhanced_detection
0384.JPEG,train,11,right_door,0.783582,0.553191,0.425373,0.255319,enhanced_detection
0384.JPEG,train,16,medium,0.783582,0.553191,0.425373,0.255319,enhanced_detection
0384.JPEG,train,0,dent,0.755597,0.476064,0.085821,0.079787,enhanced_detection
0384.JPEG,train,11,right_door,0.755597,0.476064,0.085821,0.079787,enhanced_detection
0384.JPEG,train,15,low,0.755597,0.476064,0.085821,0.079787,enhanced_detection
0386.JPEG,train,3,broken_part,0.677606,0.265464,0.637066,0.530928,enhanced_detection
0386.JPEG,train,8,hood,0.677606,0.265464,0.637066,0.530928,enhanced_detection
0386.JPEG,train,17,high,0.677606,0.265464,0.637066,0.530928,enhanced_detection
0386.JPEG,train,0,dent,0.866795,0.806701,0.258687,0.242268,enhanced_detection
0386.JPEG,train,11,right_door,0.866795,0.806701,0.258687,0.242268,enhanced_detection
0386.JPEG,train,16,medium,0.866795,0.806701,0.258687,0.242268,enhanced_detection
0386.JPEG,train,3,broken_part,0.42278,0.188144,0.073359,0.118557,enhanced_detection
0386.JPEG,train,12,roof,0.42278,0.188144,0.073359,0.118557,enhanced_detection
0386.JPEG,train,16,medium,0.42278,0.188144,0.073359,0.118557,enhanced_detection
0386.JPEG,train,0,dent,0.92278,0.417526,0.092664,0.082474,enhanced_detection
0386.JPEG,train,11,right_door,0.92278,0.417526,0.092664,0.082474,enhanced_detection
0386.JPEG,train,15,low,0.92278,0.417526,0.092664,0.082474,enhanced_detection
0386.JPEG,train,0,dent,0.391892,0.32732,0.081081,0.087629,enhanced_detection
0386.JPEG,train,8,hood,0.391892,0.32732,0.081081,0.087629,enhanced_detection
0386.JPEG,train,15,low,0.391892,0.32732,0.081081,0.087629,enhanced_detection
0386.JPEG,train,0,dent,0.148649,0.376289,0.196911,0.14433,enhanced_detection
0386.JPEG,train,10,left_door,0.148649,0.376289,0.196911,0.14433,enhanced_detection
0386.JPEG,train,15,low,0.148649,0.376289,0.196911,0.14433,enhanced_detection
0387.JPEG,train,0,dent,0.96332,0.317949,0.057915,0.123077,enhanced_detection
0387.JPEG,train,11,right_door,0.96332,0.317949,0.057915,0.123077,enhanced_detection
0387.JPEG,train,15,low,0.96332,0.317949,0.057915,0.123077,enhanced_detection
0387.JPEG,train,0,dent,0.905405,0.715385,0.181467,0.558974,enhanced_detection
0387.JPEG,train,11,right_door,0.905405,0.715385,0.181467,0.558974,enhanced_detection
0387.JPEG,train,16,medium,0.905405,0.715385,0.181467,0.558974,enhanced_detection
0387.JPEG,train,0,dent,0.513514,0.435897,0.084942,0.112821,enhanced_detection
0387.JPEG,train,13,side_panel,0.513514,0.435897,0.084942,0.112821,enhanced_detection
0387.JPEG,train,15,low,0.513514,0.435897,0.084942,0.112821,enhanced_detection
0388.JPEG,train,2,crack,0.915058,0.523196,0.162162,0.314433,enhanced_detection
0388.JPEG,train,11,right_door,0.915058,0.523196,0.162162,0.314433,enhanced_detection
0388.JPEG,train,16,medium,0.915058,0.523196,0.162162,0.314433,enhanced_detection
0390.JPEG,train,0,dent,0.930851,0.069832,0.08156,0.139665,enhanced_detection
0390.JPEG,train,7,rear_bumper,0.930851,0.069832,0.08156,0.139665,enhanced_detection
0390.JPEG,train,15,low,0.930851,0.069832,0.08156,0.139665,enhanced_detection
0391.JPEG,train,0,dent,0.643678,0.082902,0.176245,0.165803,enhanced_detection
0391.JPEG,train,7,rear_bumper,0.643678,0.082902,0.176245,0.165803,enhanced_detection
0391.JPEG,train,15,low,0.643678,0.082902,0.176245,0.165803,enhanced_detection
0391.JPEG,train,3,broken_part,0.87931,0.108808,0.233716,0.217617,enhanced_detection
0391.JPEG,train,7,rear_bumper,0.87931,0.108808,0.233716,0.217617,enhanced_detection
0391.JPEG,train,16,medium,0.87931,0.108808,0.233716,0.217617,enhanced_detection
0391.JPEG,train,3,broken_part,0.758621,0.510363,0.114943,0.098446,enhanced_detection
0391.JPEG,train,11,right_door,0.758621,0.510363,0.114943,0.098446,enhanced_detection
0391.JPEG,train,16,medium,0.758621,0.510363,0.114943,0.098446,enhanced_detection
0391.JPEG,train,0,dent,0.649425,0.251295,0.118774,0.07772,enhanced_detection
0391.JPEG,train,9,windshield,0.649425,0.251295,0.118774,0.07772,enhanced_detection
0391.JPEG,train,15,low,0.649425,0.251295,0.118774,0.07772,enhanced_detection
0392.JPEG,train,2,crack,0.106178,0.729381,0.212355,0.128866,enhanced_detection
0392.JPEG,train,10,left_door,0.106178,0.729381,0.212355,0.128866,enhanced_detection
0392.JPEG,train,16,medium,0.106178,0.729381,0.212355,0.128866,enhanced_detection
0392.JPEG,train,2,crack,0.754826,0.845361,0.073359,0.092784,enhanced_detection
0392.JPEG,train,6,front_bumper,0.754826,0.845361,0.073359,0.092784,enhanced_detection
0392.JPEG,train,15,low,0.754826,0.845361,0.073359,0.092784,enhanced_detection
0395.JPEG,train,2,crack,0.930502,0.695876,0.131274,0.103093,enhanced_detection
0395.JPEG,train,11,right_door,0.930502,0.695876,0.131274,0.103093,enhanced_detection
0395.JPEG,train,16,medium,0.930502,0.695876,0.131274,0.103093,enhanced_detection
0397.JPEG,train,3,broken_part,0.959459,0.951031,0.073359,0.087629,enhanced_detection
0397.JPEG,train,13,side_panel,0.959459,0.951031,0.073359,0.087629,enhanced_detection
0397.JPEG,train,16,medium,0.959459,0.951031,0.073359,0.087629,enhanced_detection
0397.JPEG,train,0,dent,0.69305,0.938144,0.119691,0.113402,enhanced_detection
0397.JPEG,train,6,front_bumper,0.69305,0.938144,0.119691,0.113402,enhanced_detection
0397.JPEG,train,15,low,0.69305,0.938144,0.119691,0.113402,enhanced_detection
0397.JPEG,train,2,crack,0.364865,0.742268,0.189189,0.350515,enhanced_detection
0397.JPEG,train,6,front_bumper,0.364865,0.742268,0.189189,0.350515,enhanced_detection
0397.JPEG,train,16,medium,0.364865,0.742268,0.189189,0.350515,enhanced_detection
0397.JPEG,train,0,dent,0.30888,0.902062,0.11583,0.185567,enhanced_detection
0397.JPEG,train,6,front_bumper,0.30888,0.902062,0.11583,0.185567,enhanced_detection
0397.JPEG,train,15,low,0.30888,0.902062,0.11583,0.185567,enhanced_detection
0397.JPEG,train,0,dent,0.117761,0.641753,0.104247,0.108247,enhanced_detection
0397.JPEG,train,10,left_door,0.117761,0.641753,0.104247,0.108247,enhanced_detection
0397.JPEG,train,15,low,0.117761,0.641753,0.104247,0.108247,enhanced_detection
0397.JPEG,train,0,dent,0.882239,0.737113,0.111969,0.103093,enhanced_detection
0397.JPEG,train,11,right_door,0.882239,0.737113,0.111969,0.103093,enhanced_detection
0397.JPEG,train,15,low,0.882239,0.737113,0.111969,0.103093,enhanced_detection
0397.JPEG,train,0,dent,0.239382,0.78866,0.069498,0.103093,enhanced_detection
0397.JPEG,train,6,front_bumper,0.239382,0.78866,0.069498,0.103093,enhanced_detection
0397.JPEG,train,15,low,0.239382,0.78866,0.069498,0.103093,enhanced_detection
0400.JPEG,train,3,broken_part,0.277992,0.847938,0.262548,0.293814,enhanced_detection
0400.JPEG,train,6,front_bumper,0.277992,0.847938,0.262548,0.293814,enhanced_detection
0400.JPEG,train,16,medium,0.277992,0.847938,0.262548,0.293814,enhanced_detection
0400.JPEG,train,0,dent,0.245174,0.698454,0.073359,0.097938,enhanced_detection
0400.JPEG,train,10,left_door,0.245174,0.698454,0.073359,0.097938,enhanced_detection
0400.JPEG,train,16,medium,0.245174,0.698454,0.073359,0.097938,enhanced_detection
0400.JPEG,train,0,dent,0.899614,0.878866,0.19305,0.159794,enhanced_detection
0400.JPEG,train,6,front_bumper,0.899614,0.878866,0.19305,0.159794,enhanced_detection
0400.JPEG,train,15,low,0.899614,0.878866,0.19305,0.159794,enhanced_detection
0401.JPEG,train,2,crack,0.853282,0.899485,0.285714,0.190722,enhanced_detection
0401.JPEG,train,6,front_bumper,0.853282,0.899485,0.285714,0.190722,enhanced_detection
0401.JPEG,train,16,medium,0.853282,0.899485,0.285714,0.190722,enhanced_detection
0401.JPEG,train,2,crack,0.3861,0.956186,0.138996,0.07732,enhanced_detection
0401.JPEG,train,6,front_bumper,0.3861,0.956186,0.138996,0.07732,enhanced_detection
0401.JPEG,train,15,low,0.3861,0.956186,0.138996,0.07732,enhanced_detection
0401.JPEG,train,4,paint_damage,0.440154,0.881443,0.084942,0.103093,enhanced_detection
0401.JPEG,train,6,front_bumper,0.440154,0.881443,0.084942,0.103093,enhanced_detection
0401.JPEG,train,15,low,0.440154,0.881443,0.084942,0.103093,enhanced_detection
0403.JPEG,train,2,crack,0.048333,0.678571,0.096667,0.440476,enhanced_detection
0403.JPEG,train,10,left_door,0.048333,0.678571,0.096667,0.440476,enhanced_detection
0403.JPEG,train,15,low,0.048333,0.678571,0.096667,0.440476,enhanced_detection
0404.JPEG,train,2,crack,0.027273,0.387978,0.054545,0.10929,enhanced_detection
0404.JPEG,train,10,left_door,0.027273,0.387978,0.054545,0.10929,enhanced_detection
0404.JPEG,train,16,medium,0.027273,0.387978,0.054545,0.10929,enhanced_detection
0405.JPEG,train,0,dent,0.274131,0.907216,0.11583,0.123711,enhanced_detection
0405.JPEG,train,6,front_bumper,0.274131,0.907216,0.11583,0.123711,enhanced_detection
0405.JPEG,train,15,low,0.274131,0.907216,0.11583,0.123711,enhanced_detection
0407.JPEG,train,0,dent,0.94964,0.947514,0.093525,0.093923,enhanced_detection
0407.JPEG,train,13,side_panel,0.94964,0.947514,0.093525,0.093923,enhanced_detection
0407.JPEG,train,15,low,0.94964,0.947514,0.093525,0.093923,enhanced_detection
0408.JPEG,train,2,crack,0.395753,0.607692,0.220077,0.117949,enhanced_detection
0408.JPEG,train,13,side_panel,0.395753,0.607692,0.220077,0.117949,enhanced_detection
0408.JPEG,train,16,medium,0.395753,0.607692,0.220077,0.117949,enhanced_detection
0411.JPEG,train,0,dent,0.135135,0.184615,0.27027,0.369231,enhanced_detection
0411.JPEG,train,10,left_door,0.135135,0.184615,0.27027,0.369231,enhanced_detection
0411.JPEG,train,16,medium,0.135135,0.184615,0.27027,0.369231,enhanced_detection
0411.JPEG,train,2,crack,0.403475,0.889744,0.498069,0.210256,enhanced_detection
0411.JPEG,train,6,front_bumper,0.403475,0.889744,0.498069,0.210256,enhanced_detection
0411.JPEG,train,16,medium,0.403475,0.889744,0.498069,0.210256,enhanced_detection
0411.JPEG,train,0,dent,0.899614,0.189744,0.19305,0.369231,enhanced_detection
0411.JPEG,train,11,right_door,0.899614,0.189744,0.19305,0.369231,enhanced_detection
0411.JPEG,train,16,medium,0.899614,0.189744,0.19305,0.369231,enhanced_detection
0411.JPEG,train,0,dent,0.903475,0.061538,0.07722,0.102564,enhanced_detection
0411.JPEG,train,7,rear_bumper,0.903475,0.061538,0.07722,0.102564,enhanced_detection
0411.JPEG,train,15,low,0.903475,0.061538,0.07722,0.102564,enhanced_detection
0411.JPEG,train,0,dent,0.416988,0.35641,0.092664,0.158974,enhanced_detection
0411.JPEG,train,8,hood,0.416988,0.35641,0.092664,0.158974,enhanced_detection
0411.JPEG,train,15,low,0.416988,0.35641,0.092664,0.158974,enhanced_detection
0411.JPEG,train,0,dent,0.882239,0.469231,0.158301,0.333333,enhanced_detection
0411.JPEG,train,11,right_door,0.882239,0.469231,0.158301,0.333333,enhanced_detection
0411.JPEG,train,16,medium,0.882239,0.469231,0.158301,0.333333,enhanced_detection
0411.JPEG,train,0,dent,0.27027,0.451282,0.084942,0.092308,enhanced_detection
0411.JPEG,train,10,left_door,0.27027,0.451282,0.084942,0.092308,enhanced_detection
0411.JPEG,train,15,low,0.27027,0.451282,0.084942,0.092308,enhanced_detection
0411.JPEG,train,0,dent,0.301158,0.374359,0.061776,0.082051,enhanced_detection
0411.JPEG,train,10,left_door,0.301158,0.374359,0.061776,0.082051,enhanced_detection
0411.JPEG,train,15,low,0.301158,0.374359,0.061776,0.082051,enhanced_detection
0412.jpeg,train,0,dent,0.16092,0.665803,0.321839,0.388601,enhanced_detection
0412.jpeg,train,10,left_door,0.16092,0.665803,0.321839,0.388601,enhanced_detection
0412.jpeg,train,16,medium,0.16092,0.665803,0.321839,0.388601,enhanced_detection
0412.jpeg,train,4,paint_damage,0.191571,0.61399,0.099617,0.150259,enhanced_detection
0412.jpeg,train,10,left_door,0.191571,0.61399,0.099617,0.150259,enhanced_detection
0412.jpeg,train,15,low,0.191571,0.61399,0.099617,0.150259,enhanced_detection
0412.jpeg,train,2,crack,0.099617,0.481865,0.084291,0.124352,enhanced_detection
0412.jpeg,train,10,left_door,0.099617,0.481865,0.084291,0.124352,enhanced_detection
0412.jpeg,train,15,low,0.099617,0.481865,0.084291,0.124352,enhanced_detection
0412.jpeg,train,0,dent,0.289272,0.525907,0.103448,0.139896,enhanced_detection
0412.jpeg,train,10,left_door,0.289272,0.525907,0.103448,0.139896,enhanced_detection
0412.jpeg,train,15,low,0.289272,0.525907,0.103448,0.139896,enhanced_detection
0414.JPEG,train,0,dent,0.189189,0.796392,0.169884,0.252577,enhanced_detection
0414.JPEG,train,6,front_bumper,0.189189,0.796392,0.169884,0.252577,enhanced_detection
0414.JPEG,train,15,low,0.189189,0.796392,0.169884,0.252577,enhanced_detection
0414.JPEG,train,2,crack,0.799228,0.60567,0.131274,0.757732,enhanced_detection
0414.JPEG,train,11,right_door,0.799228,0.60567,0.131274,0.757732,enhanced_detection
0414.JPEG,train,16,medium,0.799228,0.60567,0.131274,0.757732,enhanced_detection
0414.JPEG,train,2,crack,0.374517,0.701031,0.061776,0.113402,enhanced_detection
0414.JPEG,train,13,side_panel,0.374517,0.701031,0.061776,0.113402,enhanced_detection
0414.JPEG,train,15,low,0.374517,0.701031,0.061776,0.113402,enhanced_detection
0415.JPEG,train,4,paint_damage,0.396321,0.095238,0.09699,0.107143,enhanced_detection
0415.JPEG,train,7,rear_bumper,0.396321,0.095238,0.09699,0.107143,enhanced_detection
0415.JPEG,train,15,low,0.396321,0.095238,0.09699,0.107143,enhanced_detection
0416.JPEG,train,2,crack,0.30814,0.895408,0.507752,0.19898,enhanced_detection
0416.JPEG,train,6,front_bumper,0.30814,0.895408,0.507752,0.19898,enhanced_detection
0416.JPEG,train,16,medium,0.30814,0.895408,0.507752,0.19898,enhanced_detection
0416.JPEG,train,2,crack,0.839147,0.229592,0.313953,0.459184,enhanced_detection
0416.JPEG,train,11,right_door,0.839147,0.229592,0.313953,0.459184,enhanced_detection
0416.JPEG,train,17,high,0.839147,0.229592,0.313953,0.459184,enhanced_detection
0416.JPEG,train,3,broken_part,0.844961,0.681122,0.302326,0.627551,enhanced_detection
0416.JPEG,train,11,right_door,0.844961,0.681122,0.302326,0.627551,enhanced_detection
0416.JPEG,train,16,medium,0.844961,0.681122,0.302326,0.627551,enhanced_detection
0419.JPEG,train,2,crack,0.892045,0.062827,0.208333,0.125654,enhanced_detection
0419.JPEG,train,7,rear_bumper,0.892045,0.062827,0.208333,0.125654,enhanced_detection
0419.JPEG,train,16,medium,0.892045,0.062827,0.208333,0.125654,enhanced_detection
0419.JPEG,train,0,dent,0.636364,0.096859,0.166667,0.193717,enhanced_detection
0419.JPEG,train,7,rear_bumper,0.636364,0.096859,0.166667,0.193717,enhanced_detection
0419.JPEG,train,15,low,0.636364,0.096859,0.166667,0.193717,enhanced_detection
0419.JPEG,train,2,crack,0.907197,0.609948,0.17803,0.21466,enhanced_detection
0419.JPEG,train,11,right_door,0.907197,0.609948,0.17803,0.21466,enhanced_detection
0419.JPEG,train,16,medium,0.907197,0.609948,0.17803,0.21466,enhanced_detection
0420.JPEG,train,0,dent,0.369427,0.915625,0.165605,0.15625,enhanced_detection
0420.JPEG,train,6,front_bumper,0.369427,0.915625,0.165605,0.15625,enhanced_detection
0420.JPEG,train,15,low,0.369427,0.915625,0.165605,0.15625,enhanced_detection
0420.JPEG,train,3,broken_part,0.673567,0.91875,0.601911,0.15,enhanced_detection
0420.JPEG,train,6,front_bumper,0.673567,0.91875,0.601911,0.15,enhanced_detection
0420.JPEG,train,16,medium,0.673567,0.91875,0.601911,0.15,enhanced_detection
0420.JPEG,train,2,crack,0.151274,0.890625,0.181529,0.14375,enhanced_detection
0420.JPEG,train,6,front_bumper,0.151274,0.890625,0.181529,0.14375,enhanced_detection
0420.JPEG,train,15,low,0.151274,0.890625,0.181529,0.14375,enhanced_detection
0421.JPEG,train,2,crack,0.478764,0.518041,0.108108,0.07732,enhanced_detection
0421.JPEG,train,13,side_panel,0.478764,0.518041,0.108108,0.07732,enhanced_detection
0421.JPEG,train,15,low,0.478764,0.518041,0.108108,0.07732,enhanced_detection
0422.JPEG,train,2,crack,0.226766,0.941176,0.453532,0.106952,enhanced_detection
0422.JPEG,train,6,front_bumper,0.226766,0.941176,0.453532,0.106952,enhanced_detection
0422.JPEG,train,16,medium,0.226766,0.941176,0.453532,0.106952,enhanced_detection
0422.JPEG,train,0,dent,0.962825,0.18984,0.066914,0.15508,enhanced_detection
0422.JPEG,train,11,right_door,0.962825,0.18984,0.066914,0.15508,enhanced_detection
0422.JPEG,train,15,low,0.962825,0.18984,0.066914,0.15508,enhanced_detection
0423.JPEG,train,2,crack,0.040541,0.180412,0.081081,0.14433,enhanced_detection
0423.JPEG,train,10,left_door,0.040541,0.180412,0.081081,0.14433,enhanced_detection
0423.JPEG,train,16,medium,0.040541,0.180412,0.081081,0.14433,enhanced_detection
0425.JPEG,train,0,dent,0.27027,0.92268,0.092664,0.134021,enhanced_detection
0425.JPEG,train,6,front_bumper,0.27027,0.92268,0.092664,0.134021,enhanced_detection
0425.JPEG,train,15,low,0.27027,0.92268,0.092664,0.134021,enhanced_detection
0425.JPEG,train,0,dent,0.125483,0.899485,0.096525,0.139175,enhanced_detection
0425.JPEG,train,6,front_bumper,0.125483,0.899485,0.096525,0.139175,enhanced_detection
0425.JPEG,train,15,low,0.125483,0.899485,0.096525,0.139175,enhanced_detection
0425.JPEG,train,2,crack,0.069498,0.255155,0.138996,0.190722,enhanced_detection
0425.JPEG,train,10,left_door,0.069498,0.255155,0.138996,0.190722,enhanced_detection
0425.JPEG,train,16,medium,0.069498,0.255155,0.138996,0.190722,enhanced_detection
0426.JPEG,train,4,paint_damage,0.877256,0.57967,0.108303,0.28022,enhanced_detection
0426.JPEG,train,11,right_door,0.877256,0.57967,0.108303,0.28022,enhanced_detection
0426.JPEG,train,16,medium,0.877256,0.57967,0.108303,0.28022,enhanced_detection
0426.JPEG,train,0,dent,0.776173,0.510989,0.072202,0.10989,enhanced_detection
0426.JPEG,train,11,right_door,0.776173,0.510989,0.072202,0.10989,enhanced_detection
0426.JPEG,train,15,low,0.776173,0.510989,0.072202,0.10989,enhanced_detection
0427.JPEG,train,2,crack,0.893822,0.943299,0.204633,0.103093,enhanced_detection
0427.JPEG,train,6,front_bumper,0.893822,0.943299,0.204633,0.103093,enhanced_detection
0427.JPEG,train,15,low,0.893822,0.943299,0.204633,0.103093,enhanced_detection
0427.JPEG,train,2,crack,0.330116,0.703608,0.660232,0.582474,enhanced_detection
0427.JPEG,train,6,front_bumper,0.330116,0.703608,0.660232,0.582474,enhanced_detection
0427.JPEG,train,17,high,0.330116,0.703608,0.660232,0.582474,enhanced_detection
0427.JPEG,train,0,dent,0.756757,0.927835,0.123552,0.134021,enhanced_detection
0427.JPEG,train,6,front_bumper,0.756757,0.927835,0.123552,0.134021,enhanced_detection
0427.JPEG,train,15,low,0.756757,0.927835,0.123552,0.134021,enhanced_detection
0427.JPEG,train,0,dent,0.436293,0.902062,0.07722,0.113402,enhanced_detection
0427.JPEG,train,6,front_bumper,0.436293,0.902062,0.07722,0.113402,enhanced_detection
0427.JPEG,train,15,low,0.436293,0.902062,0.07722,0.113402,enhanced_detection
0428.JPEG,train,0,dent,0.897778,0.811111,0.08,0.093333,enhanced_detection
0428.JPEG,train,11,right_door,0.897778,0.811111,0.08,0.093333,enhanced_detection
0428.JPEG,train,15,low,0.897778,0.811111,0.08,0.093333,enhanced_detection
0428.JPEG,train,0,dent,0.931111,0.96,0.084444,0.071111,enhanced_detection
0428.JPEG,train,6,front_bumper,0.931111,0.96,0.084444,0.071111,enhanced_detection
0428.JPEG,train,15,low,0.931111,0.96,0.084444,0.071111,enhanced_detection
0428.JPEG,train,0,dent,0.704444,0.948889,0.093333,0.093333,enhanced_detection
0428.JPEG,train,6,front_bumper,0.704444,0.948889,0.093333,0.093333,enhanced_detection
0428.JPEG,train,15,low,0.704444,0.948889,0.093333,0.093333,enhanced_detection
0429.JPEG,train,0,dent,0.548263,0.943299,0.123552,0.103093,enhanced_detection
0429.JPEG,train,6,front_bumper,0.548263,0.943299,0.123552,0.103093,enhanced_detection
0429.JPEG,train,15,low,0.548263,0.943299,0.123552,0.103093,enhanced_detection
0432.JPEG,train,2,crack,0.492188,0.948669,0.453125,0.095057,enhanced_detection
0432.JPEG,train,6,front_bumper,0.492188,0.948669,0.453125,0.095057,enhanced_detection
0432.JPEG,train,16,medium,0.492188,0.948669,0.453125,0.095057,enhanced_detection
0434.JPEG,train,2,crack,0.498084,0.805699,0.996169,0.378238,enhanced_detection
0434.JPEG,train,6,front_bumper,0.498084,0.805699,0.996169,0.378238,enhanced_detection
0434.JPEG,train,17,high,0.498084,0.805699,0.996169,0.378238,enhanced_detection
0434.JPEG,train,0,dent,0.768199,0.603627,0.141762,0.108808,enhanced_detection
0434.JPEG,train,11,right_door,0.768199,0.603627,0.141762,0.108808,enhanced_detection
0434.JPEG,train,16,medium,0.768199,0.603627,0.141762,0.108808,enhanced_detection
0434.JPEG,train,2,crack,0.936782,0.572539,0.118774,0.222798,enhanced_detection
0434.JPEG,train,11,right_door,0.936782,0.572539,0.118774,0.222798,enhanced_detection
0434.JPEG,train,16,medium,0.936782,0.572539,0.118774,0.222798,enhanced_detection
0435.JPEG,train,2,crack,0.610345,0.189655,0.386207,0.37931,enhanced_detection
0435.JPEG,train,12,roof,0.610345,0.189655,0.386207,0.37931,enhanced_detection
0435.JPEG,train,17,high,0.610345,0.189655,0.386207,0.37931,enhanced_detection
0435.JPEG,train,0,dent,0.056897,0.060345,0.113793,0.12069,enhanced_detection
0435.JPEG,train,7,rear_bumper,0.056897,0.060345,0.113793,0.12069,enhanced_detection
0435.JPEG,train,15,low,0.056897,0.060345,0.113793,0.12069,enhanced_detection
0435.JPEG,train,2,crack,0.231034,0.356322,0.462069,0.712644,enhanced_detection
0435.JPEG,train,10,left_door,0.231034,0.356322,0.462069,0.712644,enhanced_detection
0435.JPEG,train,16,medium,0.231034,0.356322,0.462069,0.712644,enhanced_detection
0435.JPEG,train,2,crack,0.160345,0.764368,0.32069,0.252874,enhanced_detection
0435.JPEG,train,10,left_door,0.160345,0.764368,0.32069,0.252874,enhanced_detection
0435.JPEG,train,16,medium,0.160345,0.764368,0.32069,0.252874,enhanced_detection
0435.JPEG,train,2,crack,0.775862,0.25,0.441379,0.5,enhanced_detection
0435.JPEG,train,11,right_door,0.775862,0.25,0.441379,0.5,enhanced_detection
0435.JPEG,train,17,high,0.775862,0.25,0.441379,0.5,enhanced_detection
0435.JPEG,train,3,broken_part,0.618966,0.497126,0.237931,0.614943,enhanced_detection
0435.JPEG,train,13,side_panel,0.618966,0.497126,0.237931,0.614943,enhanced_detection
0435.JPEG,train,16,medium,0.618966,0.497126,0.237931,0.614943,enhanced_detection
0437.JPEG,train,0,dent,0.2,0.044484,0.222222,0.088968,enhanced_detection
0437.JPEG,train,7,rear_bumper,0.2,0.044484,0.222222,0.088968,enhanced_detection
0437.JPEG,train,15,low,0.2,0.044484,0.222222,0.088968,enhanced_detection
0437.JPEG,train,0,dent,0.575,0.151246,0.15,0.053381,enhanced_detection
0437.JPEG,train,7,rear_bumper,0.575,0.151246,0.15,0.053381,enhanced_detection
0437.JPEG,train,15,low,0.575,0.151246,0.15,0.053381,enhanced_detection
0437.JPEG,train,2,crack,0.322222,0.766904,0.155556,0.153025,enhanced_detection
0437.JPEG,train,6,front_bumper,0.322222,0.766904,0.155556,0.153025,enhanced_detection
0437.JPEG,train,15,low,0.322222,0.766904,0.155556,0.153025,enhanced_detection
0438.JPEG,train,2,crack,0.767045,0.811189,0.454545,0.062937,enhanced_detection
0438.JPEG,train,6,front_bumper,0.767045,0.811189,0.454545,0.062937,enhanced_detection
0438.JPEG,train,15,low,0.767045,0.811189,0.454545,0.062937,enhanced_detection
0439.JPEG,train,2,crack,0.474903,0.092784,0.316602,0.185567,enhanced_detection
0439.JPEG,train,7,rear_bumper,0.474903,0.092784,0.316602,0.185567,enhanced_detection
0439.JPEG,train,16,medium,0.474903,0.092784,0.316602,0.185567,enhanced_detection
0439.JPEG,train,2,crack,0.498069,0.639175,0.996139,0.71134,enhanced_detection
0439.JPEG,train,14,other_location,0.498069,0.639175,0.996139,0.71134,enhanced_detection
0439.JPEG,train,17,high,0.498069,0.639175,0.996139,0.71134,enhanced_detection
0439.JPEG,train,2,crack,0.80695,0.389175,0.131274,0.21134,enhanced_detection
0439.JPEG,train,11,right_door,0.80695,0.389175,0.131274,0.21134,enhanced_detection
0439.JPEG,train,16,medium,0.80695,0.389175,0.131274,0.21134,enhanced_detection
0439.JPEG,train,2,crack,0.052124,0.551546,0.104247,0.103093,enhanced_detection
0439.JPEG,train,10,left_door,0.052124,0.551546,0.104247,0.103093,enhanced_detection
0439.JPEG,train,16,medium,0.052124,0.551546,0.104247,0.103093,enhanced_detection
0439.JPEG,train,0,dent,0.181467,0.257732,0.07722,0.113402,enhanced_detection
0439.JPEG,train,10,left_door,0.181467,0.257732,0.07722,0.113402,enhanced_detection
0439.JPEG,train,15,low,0.181467,0.257732,0.07722,0.113402,enhanced_detection
0439.JPEG,train,0,dent,0.374517,0.631443,0.254826,0.262887,enhanced_detection
0439.JPEG,train,13,side_panel,0.374517,0.631443,0.254826,0.262887,enhanced_detection
0439.JPEG,train,16,medium,0.374517,0.631443,0.254826,0.262887,enhanced_detection
0439.JPEG,train,0,dent,0.399614,0.543814,0.127413,0.170103,enhanced_detection
0439.JPEG,train,13,side_panel,0.399614,0.543814,0.127413,0.170103,enhanced_detection
0439.JPEG,train,15,low,0.399614,0.543814,0.127413,0.170103,enhanced_detection
0442.JPEG,train,3,broken_part,0.718147,0.938144,0.084942,0.113402,enhanced_detection
0442.JPEG,train,6,front_bumper,0.718147,0.938144,0.084942,0.113402,enhanced_detection
0442.JPEG,train,16,medium,0.718147,0.938144,0.084942,0.113402,enhanced_detection
0442.JPEG,train,0,dent,0.756757,0.685567,0.061776,0.082474,enhanced_detection
0442.JPEG,train,11,right_door,0.756757,0.685567,0.061776,0.082474,enhanced_detection
0442.JPEG,train,15,low,0.756757,0.685567,0.061776,0.082474,enhanced_detection
0444.JPEG,train,2,crack,0.220077,0.71134,0.084942,0.123711,enhanced_detection
0444.JPEG,train,10,left_door,0.220077,0.71134,0.084942,0.123711,enhanced_detection
0444.JPEG,train,15,low,0.220077,0.71134,0.084942,0.123711,enhanced_detection
0444.JPEG,train,0,dent,0.249035,0.621134,0.142857,0.118557,enhanced_detection
0444.JPEG,train,10,left_door,0.249035,0.621134,0.142857,0.118557,enhanced_detection
0444.JPEG,train,15,low,0.249035,0.621134,0.142857,0.118557,enhanced_detection
0444.JPEG,train,2,crack,0.353282,0.675258,0.081081,0.123711,enhanced_detection
0444.JPEG,train,13,side_panel,0.353282,0.675258,0.081081,0.123711,enhanced_detection
0444.JPEG,train,16,medium,0.353282,0.675258,0.081081,0.123711,enhanced_detection
0447.JPEG,train,2,crack,0.164794,0.134921,0.329588,0.269841,enhanced_detection
0447.JPEG,train,7,rear_bumper,0.164794,0.134921,0.329588,0.269841,enhanced_detection
0447.JPEG,train,16,medium,0.164794,0.134921,0.329588,0.269841,enhanced_detection
0447.JPEG,train,4,paint_damage,0.052434,0.383598,0.104869,0.259259,enhanced_detection
0447.JPEG,train,10,left_door,0.052434,0.383598,0.104869,0.259259,enhanced_detection
0447.JPEG,train,15,low,0.052434,0.383598,0.104869,0.259259,enhanced_detection
0448.JPEG,train,2,crack,0.498069,0.837629,0.996139,0.314433,enhanced_detection
0448.JPEG,train,6,front_bumper,0.498069,0.837629,0.996139,0.314433,enhanced_detection
0448.JPEG,train,17,high,0.498069,0.837629,0.996139,0.314433,enhanced_detection
0448.JPEG,train,4,paint_damage,0.328185,0.71134,0.501931,0.371134,enhanced_detection
0448.JPEG,train,6,front_bumper,0.328185,0.71134,0.501931,0.371134,enhanced_detection
0448.JPEG,train,17,high,0.328185,0.71134,0.501931,0.371134,enhanced_detection
0448.JPEG,train,2,crack,0.909266,0.360825,0.173745,0.350515,enhanced_detection
0448.JPEG,train,11,right_door,0.909266,0.360825,0.173745,0.350515,enhanced_detection
0448.JPEG,train,16,medium,0.909266,0.360825,0.173745,0.350515,enhanced_detection
0448.JPEG,train,0,dent,0.401544,0.548969,0.108108,0.07732,enhanced_detection
0448.JPEG,train,13,side_panel,0.401544,0.548969,0.108108,0.07732,enhanced_detection
0448.JPEG,train,16,medium,0.401544,0.548969,0.108108,0.07732,enhanced_detection
0448.JPEG,train,2,crack,0.571429,0.556701,0.146718,0.14433,enhanced_detection
0448.JPEG,train,13,side_panel,0.571429,0.556701,0.146718,0.14433,enhanced_detection
0448.JPEG,train,16,medium,0.571429,0.556701,0.146718,0.14433,enhanced_detection
0448.JPEG,train,0,dent,0.065637,0.685567,0.092664,0.113402,enhanced_detection
0448.JPEG,train,10,left_door,0.065637,0.685567,0.092664,0.113402,enhanced_detection
0448.JPEG,train,16,medium,0.065637,0.685567,0.092664,0.113402,enhanced_detection
0450.JPEG,train,2,crack,0.183333,0.221925,0.366667,0.326203,enhanced_detection
0450.JPEG,train,10,left_door,0.183333,0.221925,0.366667,0.326203,enhanced_detection
0450.JPEG,train,17,high,0.183333,0.221925,0.366667,0.326203,enhanced_detection
0454.JPEG,train,2,crack,0.738333,0.949405,0.35,0.089286,enhanced_detection
0454.JPEG,train,6,front_bumper,0.738333,0.949405,0.35,0.089286,enhanced_detection
0454.JPEG,train,16,medium,0.738333,0.949405,0.35,0.089286,enhanced_detection
0454.JPEG,train,0,dent,0.091667,0.383929,0.09,0.113095,enhanced_detection
0454.JPEG,train,10,left_door,0.091667,0.383929,0.09,0.113095,enhanced_detection
0454.JPEG,train,15,low,0.091667,0.383929,0.09,0.113095,enhanced_detection
0457.JPEG,train,3,broken_part,0.482625,0.242268,0.34749,0.484536,enhanced_detection
0457.JPEG,train,9,windshield,0.482625,0.242268,0.34749,0.484536,enhanced_detection
0457.JPEG,train,17,high,0.482625,0.242268,0.34749,0.484536,enhanced_detection
0457.JPEG,train,2,crack,0.8861,0.048969,0.220077,0.097938,enhanced_detection
0457.JPEG,train,7,rear_bumper,0.8861,0.048969,0.220077,0.097938,enhanced_detection
0457.JPEG,train,16,medium,0.8861,0.048969,0.220077,0.097938,enhanced_detection
0457.JPEG,train,2,crack,0.760618,0.265464,0.471042,0.417526,enhanced_detection
0457.JPEG,train,9,windshield,0.760618,0.265464,0.471042,0.417526,enhanced_detection
0457.JPEG,train,16,medium,0.760618,0.265464,0.471042,0.417526,enhanced_detection
0457.JPEG,train,2,crack,0.870656,0.409794,0.073359,0.097938,enhanced_detection
0457.JPEG,train,11,right_door,0.870656,0.409794,0.073359,0.097938,enhanced_detection
0457.JPEG,train,16,medium,0.870656,0.409794,0.073359,0.097938,enhanced_detection
0457.JPEG,train,2,crack,0.899614,0.471649,0.19305,0.242268,enhanced_detection
0457.JPEG,train,11,right_door,0.899614,0.471649,0.19305,0.242268,enhanced_detection
0457.JPEG,train,16,medium,0.899614,0.471649,0.19305,0.242268,enhanced_detection
0459.JPEG,train,2,crack,0.189189,0.945876,0.324324,0.097938,enhanced_detection
0459.JPEG,train,6,front_bumper,0.189189,0.945876,0.324324,0.097938,enhanced_detection
0459.JPEG,train,15,low,0.189189,0.945876,0.324324,0.097938,enhanced_detection
0459.JPEG,train,3,broken_part,0.907336,0.157216,0.177606,0.273196,enhanced_detection
0459.JPEG,train,11,right_door,0.907336,0.157216,0.177606,0.273196,enhanced_detection
0459.JPEG,train,16,medium,0.907336,0.157216,0.177606,0.273196,enhanced_detection
0459.JPEG,train,2,crack,0.799228,0.899485,0.393822,0.190722,enhanced_detection
0459.JPEG,train,6,front_bumper,0.799228,0.899485,0.393822,0.190722,enhanced_detection
0459.JPEG,train,16,medium,0.799228,0.899485,0.393822,0.190722,enhanced_detection
0459.JPEG,train,0,dent,0.073359,0.884021,0.146718,0.221649,enhanced_detection
0459.JPEG,train,6,front_bumper,0.073359,0.884021,0.146718,0.221649,enhanced_detection
0459.JPEG,train,15,low,0.073359,0.884021,0.146718,0.221649,enhanced_detection
0459.JPEG,train,0,dent,0.044402,0.716495,0.088803,0.14433,enhanced_detection
0459.JPEG,train,10,left_door,0.044402,0.716495,0.088803,0.14433,enhanced_detection
0459.JPEG,train,15,low,0.044402,0.716495,0.088803,0.14433,enhanced_detection
0459.JPEG,train,0,dent,0.889961,0.847938,0.142857,0.108247,enhanced_detection
0459.JPEG,train,6,front_bumper,0.889961,0.847938,0.142857,0.108247,enhanced_detection
0459.JPEG,train,15,low,0.889961,0.847938,0.142857,0.108247,enhanced_detection
0460.JPEG,train,0,dent,0.069588,0.891892,0.139175,0.084942,enhanced_detection
0460.JPEG,train,10,left_door,0.069588,0.891892,0.139175,0.084942,enhanced_detection
0460.JPEG,train,15,low,0.069588,0.891892,0.139175,0.084942,enhanced_detection
0460.JPEG,train,0,dent,0.056701,0.959459,0.113402,0.073359,enhanced_detection
0460.JPEG,train,13,side_panel,0.056701,0.959459,0.113402,0.073359,enhanced_detection
0460.JPEG,train,15,low,0.056701,0.959459,0.113402,0.073359,enhanced_detection
0460.JPEG,train,3,broken_part,0.136598,0.694981,0.273196,0.162162,enhanced_detection
0460.JPEG,train,10,left_door,0.136598,0.694981,0.273196,0.162162,enhanced_detection
0460.JPEG,train,16,medium,0.136598,0.694981,0.273196,0.162162,enhanced_detection
0460.JPEG,train,2,crack,0.57732,0.198842,0.835052,0.397683,enhanced_detection
0460.JPEG,train,9,windshield,0.57732,0.198842,0.835052,0.397683,enhanced_detection
0460.JPEG,train,17,high,0.57732,0.198842,0.835052,0.397683,enhanced_detection
0460.JPEG,train,2,crack,0.146907,0.519305,0.293814,0.250965,enhanced_detection
0460.JPEG,train,10,left_door,0.146907,0.519305,0.293814,0.250965,enhanced_detection
0460.JPEG,train,16,medium,0.146907,0.519305,0.293814,0.250965,enhanced_detection
0460.JPEG,train,2,crack,0.572165,0.681467,0.845361,0.629344,enhanced_detection
0460.JPEG,train,14,other_location,0.572165,0.681467,0.845361,0.629344,enhanced_detection
0460.JPEG,train,16,medium,0.572165,0.681467,0.845361,0.629344,enhanced_detection
0460.JPEG,train,0,dent,0.123711,0.167954,0.247423,0.335907,enhanced_detection
0460.JPEG,train,10,left_door,0.123711,0.167954,0.247423,0.335907,enhanced_detection
0460.JPEG,train,16,medium,0.123711,0.167954,0.247423,0.335907,enhanced_detection
0460.JPEG,train,2,crack,0.198454,0.407336,0.149485,0.096525,enhanced_detection
0460.JPEG,train,10,left_door,0.198454,0.407336,0.149485,0.096525,enhanced_detection
0460.JPEG,train,15,low,0.198454,0.407336,0.149485,0.096525,enhanced_detection
0460.JPEG,train,2,crack,0.677835,0.681467,0.304124,0.111969,enhanced_detection
0460.JPEG,train,13,side_panel,0.677835,0.681467,0.304124,0.111969,enhanced_detection
0460.JPEG,train,15,low,0.677835,0.681467,0.304124,0.111969,enhanced_detection
0460.JPEG,train,2,crack,0.407216,0.388031,0.28866,0.088803,enhanced_detection
0460.JPEG,train,13,side_panel,0.407216,0.388031,0.28866,0.088803,enhanced_detection
0460.JPEG,train,15,low,0.407216,0.388031,0.28866,0.088803,enhanced_detection
0460.JPEG,train,0,dent,0.440722,0.656371,0.108247,0.061776,enhanced_detection
0460.JPEG,train,13,side_panel,0.440722,0.656371,0.108247,0.061776,enhanced_detection
0460.JPEG,train,15,low,0.440722,0.656371,0.108247,0.061776,enhanced_detection
0460.JPEG,train,0,dent,0.097938,0.932432,0.092784,0.065637,enhanced_detection
0460.JPEG,train,6,front_bumper,0.097938,0.932432,0.092784,0.065637,enhanced_detection
0460.JPEG,train,15,low,0.097938,0.932432,0.092784,0.065637,enhanced_detection
0461.jpeg,train,0,dent,0.939655,0.623563,0.113793,0.189655,enhanced_detection
0461.jpeg,train,11,right_door,0.939655,0.623563,0.113793,0.189655,enhanced_detection
0461.jpeg,train,15,low,0.939655,0.623563,0.113793,0.189655,enhanced_detection
0463.JPEG,train,4,paint_damage,0.122222,0.815556,0.244444,0.084444,enhanced_detection
0463.JPEG,train,10,left_door,0.122222,0.815556,0.244444,0.084444,enhanced_detection
0463.JPEG,train,15,low,0.122222,0.815556,0.244444,0.084444,enhanced_detection
0463.JPEG,train,4,paint_damage,0.128889,0.886667,0.115556,0.128889,enhanced_detection
0463.JPEG,train,6,front_bumper,0.128889,0.886667,0.115556,0.128889,enhanced_detection
0463.JPEG,train,15,low,0.128889,0.886667,0.115556,0.128889,enhanced_detection
0463.JPEG,train,0,dent,0.708889,0.864444,0.448889,0.262222,enhanced_detection
0463.JPEG,train,6,front_bumper,0.708889,0.864444,0.448889,0.262222,enhanced_detection
0463.JPEG,train,16,medium,0.708889,0.864444,0.448889,0.262222,enhanced_detection
0463.JPEG,train,0,dent,0.515556,0.891111,0.071111,0.066667,enhanced_detection
0463.JPEG,train,6,front_bumper,0.515556,0.891111,0.071111,0.066667,enhanced_detection
0463.JPEG,train,15,low,0.515556,0.891111,0.071111,0.066667,enhanced_detection
0466.JPEG,train,2,crack,0.498069,0.14433,0.996139,0.28866,enhanced_detection
0466.JPEG,train,12,roof,0.498069,0.14433,0.996139,0.28866,enhanced_detection
0466.JPEG,train,17,high,0.498069,0.14433,0.996139,0.28866,enhanced_detection
0466.JPEG,train,2,crack,0.086873,0.878866,0.166023,0.128866,enhanced_detection
0466.JPEG,train,6,front_bumper,0.086873,0.878866,0.166023,0.128866,enhanced_detection
0466.JPEG,train,16,medium,0.086873,0.878866,0.166023,0.128866,enhanced_detection
0466.JPEG,train,2,crack,0.627413,0.842784,0.081081,0.242268,enhanced_detection
0466.JPEG,train,6,front_bumper,0.627413,0.842784,0.081081,0.242268,enhanced_detection
0466.JPEG,train,15,low,0.627413,0.842784,0.081081,0.242268,enhanced_detection
0466.JPEG,train,2,crack,0.415058,0.188144,0.081081,0.097938,enhanced_detection
0466.JPEG,train,12,roof,0.415058,0.188144,0.081081,0.097938,enhanced_detection
0466.JPEG,train,15,low,0.415058,0.188144,0.081081,0.097938,enhanced_detection
0467.jpeg,train,4,paint_damage,0.331104,0.85119,0.254181,0.285714,enhanced_detection
0467.jpeg,train,6,front_bumper,0.331104,0.85119,0.254181,0.285714,enhanced_detection
0467.jpeg,train,16,medium,0.331104,0.85119,0.254181,0.285714,enhanced_detection
0470.JPEG,train,2,crack,0.62234,0.497207,0.748227,0.994413,enhanced_detection
0470.JPEG,train,14,other_location,0.62234,0.497207,0.748227,0.994413,enhanced_detection
0470.JPEG,train,17,high,0.62234,0.497207,0.748227,0.994413,enhanced_detection
0470.JPEG,train,2,crack,0.237589,0.497207,0.475177,0.994413,enhanced_detection
0470.JPEG,train,10,left_door,0.237589,0.497207,0.475177,0.994413,enhanced_detection
0470.JPEG,train,17,high,0.237589,0.497207,0.475177,0.994413,enhanced_detection
0470.JPEG,train,2,crack,0.414894,0.620112,0.212766,0.089385,enhanced_detection
0470.JPEG,train,13,side_panel,0.414894,0.620112,0.212766,0.089385,enhanced_detection
0470.JPEG,train,16,medium,0.414894,0.620112,0.212766,0.089385,enhanced_detection
0474.JPEG,train,0,dent,0.918919,0.791237,0.061776,0.097938,enhanced_detection
0474.JPEG,train,11,right_door,0.918919,0.791237,0.061776,0.097938,enhanced_detection
0474.JPEG,train,15,low,0.918919,0.791237,0.061776,0.097938,enhanced_detection
0474.JPEG,train,0,dent,0.862934,0.927835,0.088803,0.092784,enhanced_detection
0474.JPEG,train,6,front_bumper,0.862934,0.927835,0.088803,0.092784,enhanced_detection
0474.JPEG,train,15,low,0.862934,0.927835,0.088803,0.092784,enhanced_detection
0474.JPEG,train,0,dent,0.146718,0.368557,0.092664,0.190722,enhanced_detection
0474.JPEG,train,10,left_door,0.146718,0.368557,0.092664,0.190722,enhanced_detection
0474.JPEG,train,15,low,0.146718,0.368557,0.092664,0.190722,enhanced_detection
0474.JPEG,train,0,dent,0.880309,0.680412,0.061776,0.092784,enhanced_detection
0474.JPEG,train,11,right_door,0.880309,0.680412,0.061776,0.092784,enhanced_detection
0474.JPEG,train,15,low,0.880309,0.680412,0.061776,0.092784,enhanced_detection
0475.jpeg,train,2,crack,0.945946,0.765464,0.100386,0.087629,enhanced_detection
0475.jpeg,train,11,right_door,0.945946,0.765464,0.100386,0.087629,enhanced_detection
0475.jpeg,train,16,medium,0.945946,0.765464,0.100386,0.087629,enhanced_detection
0475.jpeg,train,0,dent,0.598456,0.744845,0.131274,0.139175,enhanced_detection
0475.jpeg,train,6,front_bumper,0.598456,0.744845,0.131274,0.139175,enhanced_detection
0475.jpeg,train,15,low,0.598456,0.744845,0.131274,0.139175,enhanced_detection
0475.jpeg,train,2,crack,0.415058,0.850515,0.111969,0.113402,enhanced_detection
0475.jpeg,train,6,front_bumper,0.415058,0.850515,0.111969,0.113402,enhanced_detection
0475.jpeg,train,15,low,0.415058,0.850515,0.111969,0.113402,enhanced_detection
0475.jpeg,train,3,broken_part,0.737452,0.783505,0.223938,0.402062,enhanced_detection
0475.jpeg,train,6,front_bumper,0.737452,0.783505,0.223938,0.402062,enhanced_detection
0475.jpeg,train,16,medium,0.737452,0.783505,0.223938,0.402062,enhanced_detection
0476.JPEG,train,0,dent,0.156371,0.092784,0.096525,0.185567,enhanced_detection
0476.JPEG,train,7,rear_bumper,0.156371,0.092784,0.096525,0.185567,enhanced_detection
0476.JPEG,train,15,low,0.156371,0.092784,0.096525,0.185567,enhanced_detection
0476.JPEG,train,2,crack,0.498069,0.28866,0.996139,0.57732,enhanced_detection
0476.JPEG,train,8,hood,0.498069,0.28866,0.996139,0.57732,enhanced_detection
0476.JPEG,train,17,high,0.498069,0.28866,0.996139,0.57732,enhanced_detection
0476.JPEG,train,2,crack,0.498069,0.729381,0.996139,0.530928,enhanced_detection
0476.JPEG,train,6,front_bumper,0.498069,0.729381,0.996139,0.530928,enhanced_detection
0476.JPEG,train,17,high,0.498069,0.729381,0.996139,0.530928,enhanced_detection
0479.JPEG,train,2,crack,0.361204,0.916667,0.26087,0.154762,enhanced_detection
0479.JPEG,train,6,front_bumper,0.361204,0.916667,0.26087,0.154762,enhanced_detection
0479.JPEG,train,16,medium,0.361204,0.916667,0.26087,0.154762,enhanced_detection
0479.JPEG,train,2,crack,0.949833,0.339286,0.093645,0.154762,enhanced_detection
0479.JPEG,train,11,right_door,0.949833,0.339286,0.093645,0.154762,enhanced_detection
0479.JPEG,train,16,medium,0.949833,0.339286,0.093645,0.154762,enhanced_detection
0479.JPEG,train,2,crack,0.153846,0.583333,0.180602,0.154762,enhanced_detection
0479.JPEG,train,10,left_door,0.153846,0.583333,0.180602,0.154762,enhanced_detection
0479.JPEG,train,16,medium,0.153846,0.583333,0.180602,0.154762,enhanced_detection
0479.JPEG,train,2,crack,0.874582,0.369048,0.070234,0.107143,enhanced_detection
0479.JPEG,train,11,right_door,0.874582,0.369048,0.070234,0.107143,enhanced_detection
0479.JPEG,train,16,medium,0.874582,0.369048,0.070234,0.107143,enhanced_detection
0479.JPEG,train,0,dent,0.841137,0.166667,0.311037,0.333333,enhanced_detection
0479.JPEG,train,7,rear_bumper,0.841137,0.166667,0.311037,0.333333,enhanced_detection
0479.JPEG,train,16,medium,0.841137,0.166667,0.311037,0.333333,enhanced_detection
0479.JPEG,train,0,dent,0.824415,0.1875,0.070234,0.113095,enhanced_detection
0479.JPEG,train,12,roof,0.824415,0.1875,0.070234,0.113095,enhanced_detection
0479.JPEG,train,15,low,0.824415,0.1875,0.070234,0.113095,enhanced_detection
0480.JPEG,train,2,crack,0.06,0.232143,0.12,0.464286,enhanced_detection
0480.JPEG,train,10,left_door,0.06,0.232143,0.12,0.464286,enhanced_detection
0480.JPEG,train,16,medium,0.06,0.232143,0.12,0.464286,enhanced_detection
0480.JPEG,train,0,dent,0.143333,0.854167,0.186667,0.279762,enhanced_detection
0480.JPEG,train,6,front_bumper,0.143333,0.854167,0.186667,0.279762,enhanced_detection
0480.JPEG,train,15,low,0.143333,0.854167,0.186667,0.279762,enhanced_detection
0480.JPEG,train,2,crack,0.393333,0.610119,0.466667,0.113095,enhanced_detection
0480.JPEG,train,13,side_panel,0.393333,0.610119,0.466667,0.113095,enhanced_detection
0480.JPEG,train,16,medium,0.393333,0.610119,0.466667,0.113095,enhanced_detection
0480.JPEG,train,0,dent,0.081667,0.723214,0.07,0.14881,enhanced_detection
0480.JPEG,train,10,left_door,0.081667,0.723214,0.07,0.14881,enhanced_detection
0480.JPEG,train,15,low,0.081667,0.723214,0.07,0.14881,enhanced_detection
0481.JPEG,train,2,crack,0.497835,0.230594,0.995671,0.461187,enhanced_detection
0481.JPEG,train,9,windshield,0.497835,0.230594,0.995671,0.461187,enhanced_detection
0481.JPEG,train,17,high,0.497835,0.230594,0.995671,0.461187,enhanced_detection
0481.JPEG,train,4,paint_damage,0.558442,0.924658,0.874459,0.086758,enhanced_detection
0481.JPEG,train,6,front_bumper,0.558442,0.924658,0.874459,0.086758,enhanced_detection
0481.JPEG,train,16,medium,0.558442,0.924658,0.874459,0.086758,enhanced_detection
0481.JPEG,train,4,paint_damage,0.469697,0.351598,0.108225,0.164384,enhanced_detection
0481.JPEG,train,8,hood,0.469697,0.351598,0.108225,0.164384,enhanced_detection
0481.JPEG,train,15,low,0.469697,0.351598,0.108225,0.164384,enhanced_detection
0482.JPEG,train,0,dent,0.882239,0.804124,0.227799,0.257732,enhanced_detection
0482.JPEG,train,11,right_door,0.882239,0.804124,0.227799,0.257732,enhanced_detection
0482.JPEG,train,16,medium,0.882239,0.804124,0.227799,0.257732,enhanced_detection
0483.JPEG,train,0,dent,0.922535,0.423729,0.147887,0.305085,enhanced_detection
0483.JPEG,train,11,right_door,0.922535,0.423729,0.147887,0.305085,enhanced_detection
0483.JPEG,train,16,medium,0.922535,0.423729,0.147887,0.305085,enhanced_detection
0483.JPEG,train,0,dent,0.926056,0.570621,0.070423,0.135593,enhanced_detection
0483.JPEG,train,11,right_door,0.926056,0.570621,0.070423,0.135593,enhanced_detection
0483.JPEG,train,15,low,0.926056,0.570621,0.070423,0.135593,enhanced_detection
0483.JPEG,train,0,dent,0.934859,0.725989,0.123239,0.231638,enhanced_detection
0483.JPEG,train,11,right_door,0.934859,0.725989,0.123239,0.231638,enhanced_detection
0483.JPEG,train,15,low,0.934859,0.725989,0.123239,0.231638,enhanced_detection
0483.JPEG,train,0,dent,0.834507,0.446328,0.084507,0.135593,enhanced_detection
0483.JPEG,train,11,right_door,0.834507,0.446328,0.084507,0.135593,enhanced_detection
0483.JPEG,train,15,low,0.834507,0.446328,0.084507,0.135593,enhanced_detection
0483.JPEG,train,0,dent,0.728873,0.355932,0.070423,0.112994,enhanced_detection
0483.JPEG,train,11,right_door,0.728873,0.355932,0.070423,0.112994,enhanced_detection
0483.JPEG,train,15,low,0.728873,0.355932,0.070423,0.112994,enhanced_detection
0484.jpeg,train,2,crack,0.673745,0.069588,0.158301,0.139175,enhanced_detection
0484.jpeg,train,7,rear_bumper,0.673745,0.069588,0.158301,0.139175,enhanced_detection
0484.jpeg,train,16,medium,0.673745,0.069588,0.158301,0.139175,enhanced_detection
0484.jpeg,train,3,broken_part,0.839768,0.213918,0.312741,0.427835,enhanced_detection
0484.jpeg,train,11,right_door,0.839768,0.213918,0.312741,0.427835,enhanced_detection
0484.jpeg,train,17,high,0.839768,0.213918,0.312741,0.427835,enhanced_detection
0484.jpeg,train,2,crack,0.069498,0.314433,0.138996,0.103093,enhanced_detection
0484.jpeg,train,10,left_door,0.069498,0.314433,0.138996,0.103093,enhanced_detection
0484.jpeg,train,16,medium,0.069498,0.314433,0.138996,0.103093,enhanced_detection
0484.jpeg,train,0,dent,0.824324,0.425258,0.266409,0.345361,enhanced_detection
0484.jpeg,train,11,right_door,0.824324,0.425258,0.266409,0.345361,enhanced_detection
0484.jpeg,train,16,medium,0.824324,0.425258,0.266409,0.345361,enhanced_detection
0484.jpeg,train,2,crack,0.642857,0.804124,0.088803,0.154639,enhanced_detection
0484.jpeg,train,6,front_bumper,0.642857,0.804124,0.088803,0.154639,enhanced_detection
0484.jpeg,train,16,medium,0.642857,0.804124,0.088803,0.154639,enhanced_detection
0485.JPEG,train,0,dent,0.974777,0.94,0.04451,0.106667,enhanced_detection
0485.JPEG,train,13,side_panel,0.974777,0.94,0.04451,0.106667,enhanced_detection
0485.JPEG,train,15,low,0.974777,0.94,0.04451,0.106667,enhanced_detection
0485.JPEG,train,2,crack,0.864985,0.476667,0.264095,0.953333,enhanced_detection
0485.JPEG,train,11,right_door,0.864985,0.476667,0.264095,0.953333,enhanced_detection
0485.JPEG,train,17,high,0.864985,0.476667,0.264095,0.953333,enhanced_detection
0485.JPEG,train,0,dent,0.62908,0.053333,0.249258,0.106667,enhanced_detection
0485.JPEG,train,7,rear_bumper,0.62908,0.053333,0.249258,0.106667,enhanced_detection
0485.JPEG,train,15,low,0.62908,0.053333,0.249258,0.106667,enhanced_detection
0486.JPEG,train,0,dent,0.946009,0.415254,0.098592,0.127119,enhanced_detection
0486.JPEG,train,11,right_door,0.946009,0.415254,0.098592,0.127119,enhanced_detection
0486.JPEG,train,15,low,0.946009,0.415254,0.098592,0.127119,enhanced_detection
0486.JPEG,train,2,crack,0.840376,0.720339,0.309859,0.550847,enhanced_detection
0486.JPEG,train,11,right_door,0.840376,0.720339,0.309859,0.550847,enhanced_detection
0486.JPEG,train,17,high,0.840376,0.720339,0.309859,0.550847,enhanced_detection
0486.JPEG,train,0,dent,0.415493,0.311441,0.239437,0.216102,enhanced_detection
0486.JPEG,train,9,windshield,0.415493,0.311441,0.239437,0.216102,enhanced_detection
0486.JPEG,train,16,medium,0.415493,0.311441,0.239437,0.216102,enhanced_detection
0486.JPEG,train,0,dent,0.356808,0.762712,0.140845,0.127119,enhanced_detection
0486.JPEG,train,6,front_bumper,0.356808,0.762712,0.140845,0.127119,enhanced_detection
0486.JPEG,train,15,low,0.356808,0.762712,0.140845,0.127119,enhanced_detection
0486.JPEG,train,0,dent,0.732394,0.802966,0.084507,0.105932,enhanced_detection
0486.JPEG,train,6,front_bumper,0.732394,0.802966,0.084507,0.105932,enhanced_detection
0486.JPEG,train,15,low,0.732394,0.802966,0.084507,0.105932,enhanced_detection
0486.JPEG,train,0,dent,0.413146,0.550847,0.084507,0.084746,enhanced_detection
0486.JPEG,train,13,side_panel,0.413146,0.550847,0.084507,0.084746,enhanced_detection
0486.JPEG,train,15,low,0.413146,0.550847,0.084507,0.084746,enhanced_detection
0486.JPEG,train,0,dent,0.215962,0.629237,0.431925,0.639831,enhanced_detection
0486.JPEG,train,10,left_door,0.215962,0.629237,0.431925,0.639831,enhanced_detection
0486.JPEG,train,16,medium,0.215962,0.629237,0.431925,0.639831,enhanced_detection
0487.JPEG,train,0,dent,0.895753,0.868557,0.200772,0.252577,enhanced_detection
0487.JPEG,train,6,front_bumper,0.895753,0.868557,0.200772,0.252577,enhanced_detection
0487.JPEG,train,15,low,0.895753,0.868557,0.200772,0.252577,enhanced_detection
0487.JPEG,train,2,crack,0.125483,0.786082,0.250965,0.417526,enhanced_detection
0487.JPEG,train,10,left_door,0.125483,0.786082,0.250965,0.417526,enhanced_detection
0487.JPEG,train,16,medium,0.125483,0.786082,0.250965,0.417526,enhanced_detection
0487.JPEG,train,2,crack,0.77027,0.783505,0.088803,0.082474,enhanced_detection
0487.JPEG,train,6,front_bumper,0.77027,0.783505,0.088803,0.082474,enhanced_detection
0487.JPEG,train,15,low,0.77027,0.783505,0.088803,0.082474,enhanced_detection
0488.JPEG,train,0,dent,0.859073,0.858247,0.119691,0.170103,enhanced_detection
0488.JPEG,train,6,front_bumper,0.859073,0.858247,0.119691,0.170103,enhanced_detection
0488.JPEG,train,15,low,0.859073,0.858247,0.119691,0.170103,enhanced_detection
0489.jpeg,train,0,dent,0.498188,0.931694,0.996377,0.125683,enhanced_detection
0489.jpeg,train,6,front_bumper,0.498188,0.931694,0.996377,0.125683,enhanced_detection
0489.jpeg,train,16,medium,0.498188,0.931694,0.996377,0.125683,enhanced_detection
0489.jpeg,train,2,crack,0.09058,0.218579,0.181159,0.098361,enhanced_detection
0489.jpeg,train,10,left_door,0.09058,0.218579,0.181159,0.098361,enhanced_detection
0489.jpeg,train,15,low,0.09058,0.218579,0.181159,0.098361,enhanced_detection
0490.JPEG,train,0,dent,0.839768,0.878866,0.312741,0.231959,enhanced_detection
0490.JPEG,train,6,front_bumper,0.839768,0.878866,0.312741,0.231959,enhanced_detection
0490.JPEG,train,16,medium,0.839768,0.878866,0.312741,0.231959,enhanced_detection
0490.JPEG,train,0,dent,0.698842,0.853093,0.061776,0.097938,enhanced_detection
0490.JPEG,train,6,front_bumper,0.698842,0.853093,0.061776,0.097938,enhanced_detection
0490.JPEG,train,15,low,0.698842,0.853093,0.061776,0.097938,enhanced_detection
0490.JPEG,train,0,dent,0.934363,0.716495,0.123552,0.123711,enhanced_detection
0490.JPEG,train,11,right_door,0.934363,0.716495,0.123552,0.123711,enhanced_detection
0490.JPEG,train,15,low,0.934363,0.716495,0.123552,0.123711,enhanced_detection
0494.JPEG,train,2,crack,0.052124,0.927835,0.104247,0.134021,enhanced_detection
0494.JPEG,train,13,side_panel,0.052124,0.927835,0.104247,0.134021,enhanced_detection
0494.JPEG,train,16,medium,0.052124,0.927835,0.104247,0.134021,enhanced_detection
0495.JPEG,train,2,crack,0.569498,0.695876,0.451737,0.164948,enhanced_detection
0495.JPEG,train,13,side_panel,0.569498,0.695876,0.451737,0.164948,enhanced_detection
0495.JPEG,train,16,medium,0.569498,0.695876,0.451737,0.164948,enhanced_detection
0495.JPEG,train,2,crack,0.256757,0.242268,0.088803,0.185567,enhanced_detection
0495.JPEG,train,9,windshield,0.256757,0.242268,0.088803,0.185567,enhanced_detection
0495.JPEG,train,16,medium,0.256757,0.242268,0.088803,0.185567,enhanced_detection
0495.JPEG,train,0,dent,0.486486,0.804124,0.185328,0.206186,enhanced_detection
0495.JPEG,train,6,front_bumper,0.486486,0.804124,0.185328,0.206186,enhanced_detection
0495.JPEG,train,16,medium,0.486486,0.804124,0.185328,0.206186,enhanced_detection
0497.JPEG,train,0,dent,0.220077,0.842784,0.123552,0.128866,enhanced_detection
0497.JPEG,train,6,front_bumper,0.220077,0.842784,0.123552,0.128866,enhanced_detection
0497.JPEG,train,15,low,0.220077,0.842784,0.123552,0.128866,enhanced_detection
0499.JPEG,train,2,crack,0.059761,0.768657,0.119522,0.19403,enhanced_detection
0499.JPEG,train,10,left_door,0.059761,0.768657,0.119522,0.19403,enhanced_detection
0499.JPEG,train,16,medium,0.059761,0.768657,0.119522,0.19403,enhanced_detection
0500.JPEG,train,2,crack,0.916376,0.838068,0.132404,0.3125,enhanced_detection
0500.JPEG,train,11,right_door,0.916376,0.838068,0.132404,0.3125,enhanced_detection
0500.JPEG,train,16,medium,0.916376,0.838068,0.132404,0.3125,enhanced_detection
0500.JPEG,train,2,crack,0.792683,0.326705,0.407666,0.653409,enhanced_detection
0500.JPEG,train,11,right_door,0.792683,0.326705,0.407666,0.653409,enhanced_detection
0500.JPEG,train,17,high,0.792683,0.326705,0.407666,0.653409,enhanced_detection
0500.JPEG,train,2,crack,0.336237,0.403409,0.672474,0.806818,enhanced_detection
0500.JPEG,train,14,other_location,0.336237,0.403409,0.672474,0.806818,enhanced_detection
0500.JPEG,train,17,high,0.336237,0.403409,0.672474,0.806818,enhanced_detection
0500.JPEG,train,2,crack,0.674216,0.5625,0.630662,0.659091,enhanced_detection
0500.JPEG,train,13,side_panel,0.674216,0.5625,0.630662,0.659091,enhanced_detection
0500.JPEG,train,17,high,0.674216,0.5625,0.630662,0.659091,enhanced_detection
0500.JPEG,train,4,paint_damage,0.815331,0.886364,0.111498,0.215909,enhanced_detection
0500.JPEG,train,6,front_bumper,0.815331,0.886364,0.111498,0.215909,enhanced_detection
0500.JPEG,train,16,medium,0.815331,0.886364,0.111498,0.215909,enhanced_detection
0500.JPEG,train,0,dent,0.391986,0.767045,0.212544,0.454545,enhanced_detection
0500.JPEG,train,6,front_bumper,0.391986,0.767045,0.212544,0.454545,enhanced_detection
0500.JPEG,train,16,medium,0.391986,0.767045,0.212544,0.454545,enhanced_detection
0500.JPEG,train,0,dent,0.818815,0.392045,0.10453,0.125,enhanced_detection
0500.JPEG,train,11,right_door,0.818815,0.392045,0.10453,0.125,enhanced_detection
0500.JPEG,train,15,low,0.818815,0.392045,0.10453,0.125,enhanced_detection
0500.JPEG,train,0,dent,0.508711,0.678977,0.076655,0.164773,enhanced_detection
0500.JPEG,train,13,side_panel,0.508711,0.678977,0.076655,0.164773,enhanced_detection
0500.JPEG,train,15,low,0.508711,0.678977,0.076655,0.164773,enhanced_detection
0500.JPEG,train,0,dent,0.968641,0.170455,0.055749,0.113636,enhanced_detection
0500.JPEG,train,11,right_door,0.968641,0.170455,0.055749,0.113636,enhanced_detection
0500.JPEG,train,15,low,0.968641,0.170455,0.055749,0.113636,enhanced_detection
0500.JPEG,train,0,dent,0.379791,0.392045,0.083624,0.125,enhanced_detection
0500.JPEG,train,13,side_panel,0.379791,0.392045,0.083624,0.125,enhanced_detection
0500.JPEG,train,15,low,0.379791,0.392045,0.083624,0.125,enhanced_detection
0500.JPEG,train,0,dent,0.808362,0.568182,0.069686,0.125,enhanced_detection
0500.JPEG,train,11,right_door,0.808362,0.568182,0.069686,0.125,enhanced_detection
0500.JPEG,train,15,low,0.808362,0.568182,0.069686,0.125,enhanced_detection
0501.JPEG,train,4,paint_damage,0.290385,0.863402,0.065385,0.07732,enhanced_detection
0501.JPEG,train,6,front_bumper,0.290385,0.863402,0.065385,0.07732,enhanced_detection
0501.JPEG,train,15,low,0.290385,0.863402,0.065385,0.07732,enhanced_detection
0502.JPEG,train,2,crack,0.094595,0.53866,0.088803,0.139175,enhanced_detection
0502.JPEG,train,10,left_door,0.094595,0.53866,0.088803,0.139175,enhanced_detection
0502.JPEG,train,15,low,0.094595,0.53866,0.088803,0.139175,enhanced_detection
0502.JPEG,train,0,dent,0.264479,0.623711,0.111969,0.103093,enhanced_detection
0502.JPEG,train,10,left_door,0.264479,0.623711,0.111969,0.103093,enhanced_detection
0502.JPEG,train,15,low,0.264479,0.623711,0.111969,0.103093,enhanced_detection
0502.JPEG,train,2,crack,0.449807,0.93299,0.065637,0.082474,enhanced_detection
0502.JPEG,train,6,front_bumper,0.449807,0.93299,0.065637,0.082474,enhanced_detection
0502.JPEG,train,16,medium,0.449807,0.93299,0.065637,0.082474,enhanced_detection
0502.JPEG,train,0,dent,0.032819,0.628866,0.065637,0.082474,enhanced_detection
0502.JPEG,train,10,left_door,0.032819,0.628866,0.065637,0.082474,enhanced_detection
0502.JPEG,train,15,low,0.032819,0.628866,0.065637,0.082474,enhanced_detection
0505.JPEG,train,2,crack,0.509653,0.902062,0.316602,0.185567,enhanced_detection
0505.JPEG,train,6,front_bumper,0.509653,0.902062,0.316602,0.185567,enhanced_detection
0505.JPEG,train,16,medium,0.509653,0.902062,0.316602,0.185567,enhanced_detection
0505.JPEG,train,0,dent,0.048263,0.847938,0.096525,0.159794,enhanced_detection
0505.JPEG,train,10,left_door,0.048263,0.847938,0.096525,0.159794,enhanced_detection
0505.JPEG,train,15,low,0.048263,0.847938,0.096525,0.159794,enhanced_detection
0506.JPEG,train,2,crack,0.776536,0.030249,0.435754,0.060498,enhanced_detection
0506.JPEG,train,12,roof,0.776536,0.030249,0.435754,0.060498,enhanced_detection
0506.JPEG,train,16,medium,0.776536,0.030249,0.435754,0.060498,enhanced_detection
0507.JPEG,train,0,dent,0.903475,0.481959,0.185328,0.139175,enhanced_detection
0507.JPEG,train,11,right_door,0.903475,0.481959,0.185328,0.139175,enhanced_detection
0507.JPEG,train,15,low,0.903475,0.481959,0.185328,0.139175,enhanced_detection
0509.JPEG,train,3,broken_part,0.961538,0.912371,0.069231,0.164948,enhanced_detection
0509.JPEG,train,11,right_door,0.961538,0.912371,0.069231,0.164948,enhanced_detection
0509.JPEG,train,16,medium,0.961538,0.912371,0.069231,0.164948,enhanced_detection
0510.JPEG,train,2,crack,0.130556,0.082437,0.116667,0.078853,enhanced_detection
0510.JPEG,train,7,rear_bumper,0.130556,0.082437,0.116667,0.078853,enhanced_detection
0510.JPEG,train,15,low,0.130556,0.082437,0.116667,0.078853,enhanced_detection
0510.JPEG,train,0,dent,0.172222,0.483871,0.222222,0.143369,enhanced_detection
0510.JPEG,train,10,left_door,0.172222,0.483871,0.222222,0.143369,enhanced_detection
0510.JPEG,train,15,low,0.172222,0.483871,0.222222,0.143369,enhanced_detection
0510.JPEG,train,0,dent,0.511111,0.38172,0.177778,0.111111,enhanced_detection
0510.JPEG,train,8,hood,0.511111,0.38172,0.177778,0.111111,enhanced_detection
0510.JPEG,train,15,low,0.511111,0.38172,0.177778,0.111111,enhanced_detection
0510.JPEG,train,0,dent,0.219444,0.523297,0.138889,0.071685,enhanced_detection
0510.JPEG,train,10,left_door,0.219444,0.523297,0.138889,0.071685,enhanced_detection
0510.JPEG,train,15,low,0.219444,0.523297,0.138889,0.071685,enhanced_detection
0511.JPEG,train,0,dent,0.876448,0.865979,0.239382,0.257732,enhanced_detection
0511.JPEG,train,6,front_bumper,0.876448,0.865979,0.239382,0.257732,enhanced_detection
0511.JPEG,train,16,medium,0.876448,0.865979,0.239382,0.257732,enhanced_detection
0511.JPEG,train,2,crack,0.225869,0.690722,0.196911,0.164948,enhanced_detection
0511.JPEG,train,10,left_door,0.225869,0.690722,0.196911,0.164948,enhanced_detection
0511.JPEG,train,16,medium,0.225869,0.690722,0.196911,0.164948,enhanced_detection
0512.JPEG,train,2,crack,0.477586,0.267241,0.955172,0.534483,enhanced_detection
0512.JPEG,train,8,hood,0.477586,0.267241,0.955172,0.534483,enhanced_detection
0512.JPEG,train,17,high,0.477586,0.267241,0.955172,0.534483,enhanced_detection
0512.JPEG,train,0,dent,0.462069,0.951149,0.055172,0.086207,enhanced_detection
0512.JPEG,train,6,front_bumper,0.462069,0.951149,0.055172,0.086207,enhanced_detection
0512.JPEG,train,15,low,0.462069,0.951149,0.055172,0.086207,enhanced_detection
0512.JPEG,train,0,dent,0.037931,0.436782,0.055172,0.126437,enhanced_detection
0512.JPEG,train,10,left_door,0.037931,0.436782,0.055172,0.126437,enhanced_detection
0512.JPEG,train,15,low,0.037931,0.436782,0.055172,0.126437,enhanced_detection
0512.JPEG,train,2,crack,0.146552,0.594828,0.265517,0.212644,enhanced_detection
0512.JPEG,train,10,left_door,0.146552,0.594828,0.265517,0.212644,enhanced_detection
0512.JPEG,train,16,medium,0.146552,0.594828,0.265517,0.212644,enhanced_detection
0512.JPEG,train,2,crack,0.612069,0.606322,0.555172,0.304598,enhanced_detection
0512.JPEG,train,13,side_panel,0.612069,0.606322,0.555172,0.304598,enhanced_detection
0512.JPEG,train,16,medium,0.612069,0.606322,0.555172,0.304598,enhanced_detection
0513.JPEG,train,3,broken_part,0.040541,0.920103,0.081081,0.149485,enhanced_detection
0513.JPEG,train,13,side_panel,0.040541,0.920103,0.081081,0.149485,enhanced_detection
0513.JPEG,train,16,medium,0.040541,0.920103,0.081081,0.149485,enhanced_detection
0515.JPEG,train,2,crack,0.48,0.95082,0.487273,0.087432,enhanced_detection
0515.JPEG,train,6,front_bumper,0.48,0.95082,0.487273,0.087432,enhanced_detection
0515.JPEG,train,16,medium,0.48,0.95082,0.487273,0.087432,enhanced_detection
0515.JPEG,train,2,crack,0.852727,0.942623,0.236364,0.103825,enhanced_detection
0515.JPEG,train,6,front_bumper,0.852727,0.942623,0.236364,0.103825,enhanced_detection
0515.JPEG,train,16,medium,0.852727,0.942623,0.236364,0.103825,enhanced_detection
0515.JPEG,train,2,crack,0.498182,0.836066,0.996364,0.31694,enhanced_detection
0515.JPEG,train,6,front_bumper,0.498182,0.836066,0.996364,0.31694,enhanced_detection
0515.JPEG,train,17,high,0.498182,0.836066,0.996364,0.31694,enhanced_detection
0515.JPEG,train,2,crack,0.498182,0.513661,0.996364,0.699454,enhanced_detection
0515.JPEG,train,14,other_location,0.498182,0.513661,0.996364,0.699454,enhanced_detection
0515.JPEG,train,17,high,0.498182,0.513661,0.996364,0.699454,enhanced_detection
0515.JPEG,train,2,crack,0.781818,0.106557,0.429091,0.180328,enhanced_detection
0515.JPEG,train,7,rear_bumper,0.781818,0.106557,0.429091,0.180328,enhanced_detection
0515.JPEG,train,16,medium,0.781818,0.106557,0.429091,0.180328,enhanced_detection
0516.JPEG,train,4,paint_damage,0.754545,0.909836,0.149091,0.125683,enhanced_detection
0516.JPEG,train,6,front_bumper,0.754545,0.909836,0.149091,0.125683,enhanced_detection
0516.JPEG,train,15,low,0.754545,0.909836,0.149091,0.125683,enhanced_detection
0516.JPEG,train,0,dent,0.272727,0.095628,0.145455,0.191257,enhanced_detection
0516.JPEG,train,7,rear_bumper,0.272727,0.095628,0.145455,0.191257,enhanced_detection
0516.JPEG,train,15,low,0.272727,0.095628,0.145455,0.191257,enhanced_detection
0516.JPEG,train,2,crack,0.103636,0.352459,0.149091,0.092896,enhanced_detection
0516.JPEG,train,10,left_door,0.103636,0.352459,0.149091,0.092896,enhanced_detection
0516.JPEG,train,15,low,0.103636,0.352459,0.149091,0.092896,enhanced_detection
0516.JPEG,train,0,dent,0.894545,0.688525,0.203636,0.448087,enhanced_detection
0516.JPEG,train,11,right_door,0.894545,0.688525,0.203636,0.448087,enhanced_detection
0516.JPEG,train,16,medium,0.894545,0.688525,0.203636,0.448087,enhanced_detection
0519.JPEG,train,0,dent,0.050193,0.713918,0.100386,0.159794,enhanced_detection
0519.JPEG,train,10,left_door,0.050193,0.713918,0.100386,0.159794,enhanced_detection
0519.JPEG,train,15,low,0.050193,0.713918,0.100386,0.159794,enhanced_detection
0519.JPEG,train,4,paint_damage,0.938224,0.108247,0.11583,0.216495,enhanced_detection
0519.JPEG,train,7,rear_bumper,0.938224,0.108247,0.11583,0.216495,enhanced_detection
0519.JPEG,train,15,low,0.938224,0.108247,0.11583,0.216495,enhanced_detection
0519.JPEG,train,0,dent,0.947876,0.778351,0.096525,0.103093,enhanced_detection
0519.JPEG,train,11,right_door,0.947876,0.778351,0.096525,0.103093,enhanced_detection
0519.JPEG,train,15,low,0.947876,0.778351,0.096525,0.103093,enhanced_detection
0519.JPEG,train,0,dent,0.739382,0.775773,0.073359,0.108247,enhanced_detection
0519.JPEG,train,6,front_bumper,0.739382,0.775773,0.073359,0.108247,enhanced_detection
0519.JPEG,train,15,low,0.739382,0.775773,0.073359,0.108247,enhanced_detection
0519.JPEG,train,0,dent,0.837838,0.822165,0.131274,0.149485,enhanced_detection
0519.JPEG,train,6,front_bumper,0.837838,0.822165,0.131274,0.149485,enhanced_detection
0519.JPEG,train,15,low,0.837838,0.822165,0.131274,0.149485,enhanced_detection
0521.JPEG,train,4,paint_damage,0.032819,0.842784,0.065637,0.149485,enhanced_detection
0521.JPEG,train,10,left_door,0.032819,0.842784,0.065637,0.149485,enhanced_detection
0521.JPEG,train,15,low,0.032819,0.842784,0.065637,0.149485,enhanced_detection
0523.JPEG,train,3,broken_part,0.644788,0.943299,0.247104,0.103093,enhanced_detection
0523.JPEG,train,6,front_bumper,0.644788,0.943299,0.247104,0.103093,enhanced_detection
0523.JPEG,train,15,low,0.644788,0.943299,0.247104,0.103093,enhanced_detection
0523.JPEG,train,0,dent,0.608108,0.865979,0.111969,0.123711,enhanced_detection
0523.JPEG,train,6,front_bumper,0.608108,0.865979,0.111969,0.123711,enhanced_detection
0523.JPEG,train,15,low,0.608108,0.865979,0.111969,0.123711,enhanced_detection
0523.JPEG,train,0,dent,0.776062,0.886598,0.108108,0.206186,enhanced_detection
0523.JPEG,train,6,front_bumper,0.776062,0.886598,0.108108,0.206186,enhanced_detection
0523.JPEG,train,15,low,0.776062,0.886598,0.108108,0.206186,enhanced_detection
0523.JPEG,train,0,dent,0.835907,0.793814,0.081081,0.082474,enhanced_detection
0523.JPEG,train,11,right_door,0.835907,0.793814,0.081081,0.082474,enhanced_detection
0523.JPEG,train,15,low,0.835907,0.793814,0.081081,0.082474,enhanced_detection
0525.JPEG,train,2,crack,0.131274,0.085052,0.262548,0.170103,enhanced_detection
0525.JPEG,train,7,rear_bumper,0.131274,0.085052,0.262548,0.170103,enhanced_detection
0525.JPEG,train,16,medium,0.131274,0.085052,0.262548,0.170103,enhanced_detection
0525.JPEG,train,2,crack,0.498069,0.257732,0.996139,0.515464,enhanced_detection
0525.JPEG,train,8,hood,0.498069,0.257732,0.996139,0.515464,enhanced_detection
0525.JPEG,train,17,high,0.498069,0.257732,0.996139,0.515464,enhanced_detection
0525.JPEG,train,2,crack,0.498069,0.721649,0.996139,0.546392,enhanced_detection
0525.JPEG,train,6,front_bumper,0.498069,0.721649,0.996139,0.546392,enhanced_detection
0525.JPEG,train,17,high,0.498069,0.721649,0.996139,0.546392,enhanced_detection
0525.JPEG,train,2,crack,0.11583,0.546392,0.23166,0.371134,enhanced_detection
0525.JPEG,train,10,left_door,0.11583,0.546392,0.23166,0.371134,enhanced_detection
0525.JPEG,train,16,medium,0.11583,0.546392,0.23166,0.371134,enhanced_detection
0527.jpeg,train,4,paint_damage,0.62594,0.775132,0.146617,0.153439,enhanced_detection
0527.jpeg,train,6,front_bumper,0.62594,0.775132,0.146617,0.153439,enhanced_detection
0527.jpeg,train,16,medium,0.62594,0.775132,0.146617,0.153439,enhanced_detection
0528.JPEG,train,2,crack,0.221818,0.155738,0.443636,0.311475,enhanced_detection
0528.JPEG,train,12,roof,0.221818,0.155738,0.443636,0.311475,enhanced_detection
0528.JPEG,train,17,high,0.221818,0.155738,0.443636,0.311475,enhanced_detection
0528.JPEG,train,2,crack,0.869091,0.060109,0.058182,0.120219,enhanced_detection
0528.JPEG,train,7,rear_bumper,0.869091,0.060109,0.058182,0.120219,enhanced_detection
0528.JPEG,train,16,medium,0.869091,0.060109,0.058182,0.120219,enhanced_detection
0528.JPEG,train,2,crack,0.147273,0.882514,0.054545,0.081967,enhanced_detection
0528.JPEG,train,6,front_bumper,0.147273,0.882514,0.054545,0.081967,enhanced_detection
0528.JPEG,train,15,low,0.147273,0.882514,0.054545,0.081967,enhanced_detection
0530.JPEG,train,2,crack,0.709615,0.273196,0.188462,0.154639,enhanced_detection
0530.JPEG,train,9,windshield,0.709615,0.273196,0.188462,0.154639,enhanced_detection
0530.JPEG,train,16,medium,0.709615,0.273196,0.188462,0.154639,enhanced_detection
0530.JPEG,train,3,broken_part,0.886538,0.747423,0.219231,0.494845,enhanced_detection
0530.JPEG,train,11,right_door,0.886538,0.747423,0.219231,0.494845,enhanced_detection
0530.JPEG,train,16,medium,0.886538,0.747423,0.219231,0.494845,enhanced_detection
0530.JPEG,train,2,crack,0.730769,0.476804,0.138462,0.087629,enhanced_detection
0530.JPEG,train,11,right_door,0.730769,0.476804,0.138462,0.087629,enhanced_detection
0530.JPEG,train,16,medium,0.730769,0.476804,0.138462,0.087629,enhanced_detection
0530.JPEG,train,3,broken_part,0.423077,0.809278,0.846154,0.371134,enhanced_detection
0530.JPEG,train,6,front_bumper,0.423077,0.809278,0.846154,0.371134,enhanced_detection
0530.JPEG,train,16,medium,0.423077,0.809278,0.846154,0.371134,enhanced_detection
0530.JPEG,train,0,dent,0.290385,0.719072,0.080769,0.097938,enhanced_detection
0530.JPEG,train,10,left_door,0.290385,0.719072,0.080769,0.097938,enhanced_detection
0530.JPEG,train,15,low,0.290385,0.719072,0.080769,0.097938,enhanced_detection
0530.JPEG,train,0,dent,0.515385,0.752577,0.153846,0.154639,enhanced_detection
0530.JPEG,train,6,front_bumper,0.515385,0.752577,0.153846,0.154639,enhanced_detection
0530.JPEG,train,15,low,0.515385,0.752577,0.153846,0.154639,enhanced_detection
0530.JPEG,train,0,dent,0.196154,0.708763,0.076923,0.087629,enhanced_detection
0530.JPEG,train,10,left_door,0.196154,0.708763,0.076923,0.087629,enhanced_detection
0530.JPEG,train,15,low,0.196154,0.708763,0.076923,0.087629,enhanced_detection
0531.JPEG,train,0,dent,0.628352,0.163212,0.260536,0.326425,enhanced_detection
0531.JPEG,train,12,roof,0.628352,0.163212,0.260536,0.326425,enhanced_detection
0531.JPEG,train,16,medium,0.628352,0.163212,0.260536,0.326425,enhanced_detection
0531.JPEG,train,2,crack,0.417625,0.593264,0.835249,0.803109,enhanced_detection
0531.JPEG,train,14,other_location,0.417625,0.593264,0.835249,0.803109,enhanced_detection
0531.JPEG,train,17,high,0.417625,0.593264,0.835249,0.803109,enhanced_detection
0531.JPEG,train,2,crack,0.582375,0.375648,0.827586,0.751295,enhanced_detection
0531.JPEG,train,14,other_location,0.582375,0.375648,0.827586,0.751295,enhanced_detection
0531.JPEG,train,17,high,0.582375,0.375648,0.827586,0.751295,enhanced_detection
0533.JPEG,train,2,crack,0.725869,0.100515,0.540541,0.201031,enhanced_detection
0533.JPEG,train,7,rear_bumper,0.725869,0.100515,0.540541,0.201031,enhanced_detection
0533.JPEG,train,17,high,0.725869,0.100515,0.540541,0.201031,enhanced_detection
0533.JPEG,train,3,broken_part,0.03668,0.943299,0.073359,0.103093,enhanced_detection
0533.JPEG,train,13,side_panel,0.03668,0.943299,0.073359,0.103093,enhanced_detection
0533.JPEG,train,16,medium,0.03668,0.943299,0.073359,0.103093,enhanced_detection
0533.JPEG,train,2,crack,0.249035,0.404639,0.498069,0.809278,enhanced_detection
0533.JPEG,train,10,left_door,0.249035,0.404639,0.498069,0.809278,enhanced_detection
0533.JPEG,train,16,medium,0.249035,0.404639,0.498069,0.809278,enhanced_detection
0533.JPEG,train,2,crack,0.710425,0.798969,0.571429,0.381443,enhanced_detection
0533.JPEG,train,6,front_bumper,0.710425,0.798969,0.571429,0.381443,enhanced_detection
0533.JPEG,train,16,medium,0.710425,0.798969,0.571429,0.381443,enhanced_detection
0533.JPEG,train,2,crack,0.563707,0.945876,0.11583,0.097938,enhanced_detection
0533.JPEG,train,6,front_bumper,0.563707,0.945876,0.11583,0.097938,enhanced_detection
0533.JPEG,train,16,medium,0.563707,0.945876,0.11583,0.097938,enhanced_detection
0533.JPEG,train,0,dent,0.218147,0.755155,0.119691,0.128866,enhanced_detection
0533.JPEG,train,10,left_door,0.218147,0.755155,0.119691,0.128866,enhanced_detection
0533.JPEG,train,15,low,0.218147,0.755155,0.119691,0.128866,enhanced_detection
0533.JPEG,train,2,crack,0.409266,0.943299,0.177606,0.103093,enhanced_detection
0533.JPEG,train,6,front_bumper,0.409266,0.943299,0.177606,0.103093,enhanced_detection
0533.JPEG,train,16,medium,0.409266,0.943299,0.177606,0.103093,enhanced_detection
0533.JPEG,train,0,dent,0.899614,0.840206,0.19305,0.175258,enhanced_detection
0533.JPEG,train,11,right_door,0.899614,0.840206,0.19305,0.175258,enhanced_detection
0533.JPEG,train,15,low,0.899614,0.840206,0.19305,0.175258,enhanced_detection
0533.JPEG,train,0,dent,0.542471,0.278351,0.150579,0.226804,enhanced_detection
0533.JPEG,train,9,windshield,0.542471,0.278351,0.150579,0.226804,enhanced_detection
0533.JPEG,train,15,low,0.542471,0.278351,0.150579,0.226804,enhanced_detection
0533.JPEG,train,0,dent,0.675676,0.345361,0.108108,0.154639,enhanced_detection
0533.JPEG,train,8,hood,0.675676,0.345361,0.108108,0.154639,enhanced_detection
0533.JPEG,train,15,low,0.675676,0.345361,0.108108,0.154639,enhanced_detection
0533.JPEG,train,3,broken_part,0.505792,0.533505,0.455598,0.262887,enhanced_detection
0533.JPEG,train,13,side_panel,0.505792,0.533505,0.455598,0.262887,enhanced_detection
0533.JPEG,train,16,medium,0.505792,0.533505,0.455598,0.262887,enhanced_detection
0533.JPEG,train,0,dent,0.370656,0.628866,0.200772,0.257732,enhanced_detection
0533.JPEG,train,13,side_panel,0.370656,0.628866,0.200772,0.257732,enhanced_detection
0533.JPEG,train,16,medium,0.370656,0.628866,0.200772,0.257732,enhanced_detection
0533.JPEG,train,0,dent,0.581081,0.152062,0.096525,0.097938,enhanced_detection
0533.JPEG,train,7,rear_bumper,0.581081,0.152062,0.096525,0.097938,enhanced_detection
0533.JPEG,train,15,low,0.581081,0.152062,0.096525,0.097938,enhanced_detection
0534.JPEG,train,2,crack,0.866795,0.201031,0.258687,0.402062,enhanced_detection
0534.JPEG,train,11,right_door,0.866795,0.201031,0.258687,0.402062,enhanced_detection
0534.JPEG,train,16,medium,0.866795,0.201031,0.258687,0.402062,enhanced_detection
0534.JPEG,train,2,crack,0.362934,0.224227,0.725869,0.448454,enhanced_detection
0534.JPEG,train,9,windshield,0.362934,0.224227,0.725869,0.448454,enhanced_detection
0534.JPEG,train,17,high,0.362934,0.224227,0.725869,0.448454,enhanced_detection
0534.JPEG,train,2,crack,0.698842,0.654639,0.594595,0.680412,enhanced_detection
0534.JPEG,train,11,right_door,0.698842,0.654639,0.594595,0.680412,enhanced_detection
0534.JPEG,train,17,high,0.698842,0.654639,0.594595,0.680412,enhanced_detection
0534.JPEG,train,2,crack,0.254826,0.631443,0.23166,0.170103,enhanced_detection
0534.JPEG,train,10,left_door,0.254826,0.631443,0.23166,0.170103,enhanced_detection
0534.JPEG,train,16,medium,0.254826,0.631443,0.23166,0.170103,enhanced_detection
0534.JPEG,train,0,dent,0.096525,0.574742,0.19305,0.314433,enhanced_detection
0534.JPEG,train,10,left_door,0.096525,0.574742,0.19305,0.314433,enhanced_detection
0534.JPEG,train,16,medium,0.096525,0.574742,0.19305,0.314433,enhanced_detection
0534.JPEG,train,0,dent,0.133205,0.81701,0.266409,0.21134,enhanced_detection
0534.JPEG,train,6,front_bumper,0.133205,0.81701,0.266409,0.21134,enhanced_detection
0534.JPEG,train,16,medium,0.133205,0.81701,0.266409,0.21134,enhanced_detection
0534.JPEG,train,0,dent,0.426641,0.376289,0.266409,0.381443,enhanced_detection
0534.JPEG,train,13,side_panel,0.426641,0.376289,0.266409,0.381443,enhanced_detection
0534.JPEG,train,16,medium,0.426641,0.376289,0.266409,0.381443,enhanced_detection
0534.JPEG,train,0,dent,0.918919,0.693299,0.15444,0.139175,enhanced_detection
0534.JPEG,train,11,right_door,0.918919,0.693299,0.15444,0.139175,enhanced_detection
0534.JPEG,train,15,low,0.918919,0.693299,0.15444,0.139175,enhanced_detection
0534.JPEG,train,0,dent,0.965251,0.760309,0.061776,0.07732,enhanced_detection
0534.JPEG,train,11,right_door,0.965251,0.760309,0.061776,0.07732,enhanced_detection
0534.JPEG,train,15,low,0.965251,0.760309,0.061776,0.07732,enhanced_detection
0535.JPEG,train,2,crack,0.755932,0.824561,0.128814,0.315789,enhanced_detection
0535.JPEG,train,6,front_bumper,0.755932,0.824561,0.128814,0.315789,enhanced_detection
0535.JPEG,train,16,medium,0.755932,0.824561,0.128814,0.315789,enhanced_detection
0536.JPEG,train,2,crack,0.18,0.937158,0.178182,0.114754,enhanced_detection
0536.JPEG,train,6,front_bumper,0.18,0.937158,0.178182,0.114754,enhanced_detection
0536.JPEG,train,16,medium,0.18,0.937158,0.178182,0.114754,enhanced_detection
0536.JPEG,train,0,dent,0.512727,0.163934,0.290909,0.327869,enhanced_detection
0536.JPEG,train,12,roof,0.512727,0.163934,0.290909,0.327869,enhanced_detection
0536.JPEG,train,16,medium,0.512727,0.163934,0.290909,0.327869,enhanced_detection
0536.JPEG,train,0,dent,0.592727,0.584699,0.24,0.20765,enhanced_detection
0536.JPEG,train,13,side_panel,0.592727,0.584699,0.24,0.20765,enhanced_detection
0536.JPEG,train,15,low,0.592727,0.584699,0.24,0.20765,enhanced_detection
0536.JPEG,train,0,dent,0.123636,0.418033,0.101818,0.15847,enhanced_detection
0536.JPEG,train,10,left_door,0.123636,0.418033,0.101818,0.15847,enhanced_detection
0536.JPEG,train,15,low,0.123636,0.418033,0.101818,0.15847,enhanced_detection
0536.JPEG,train,0,dent,0.134545,0.653005,0.269091,0.224044,enhanced_detection
0536.JPEG,train,10,left_door,0.134545,0.653005,0.269091,0.224044,enhanced_detection
0536.JPEG,train,15,low,0.134545,0.653005,0.269091,0.224044,enhanced_detection
0536.JPEG,train,0,dent,0.190909,0.169399,0.149091,0.218579,enhanced_detection
0536.JPEG,train,12,roof,0.190909,0.169399,0.149091,0.218579,enhanced_detection
0536.JPEG,train,15,low,0.190909,0.169399,0.149091,0.218579,enhanced_detection
0536.JPEG,train,0,dent,0.036364,0.379781,0.072727,0.114754,enhanced_detection
0536.JPEG,train,10,left_door,0.036364,0.379781,0.072727,0.114754,enhanced_detection
0536.JPEG,train,15,low,0.036364,0.379781,0.072727,0.114754,enhanced_detection
0536.JPEG,train,0,dent,0.807273,0.278689,0.283636,0.131148,enhanced_detection
0536.JPEG,train,11,right_door,0.807273,0.278689,0.283636,0.131148,enhanced_detection
0536.JPEG,train,15,low,0.807273,0.278689,0.283636,0.131148,enhanced_detection
0536.JPEG,train,0,dent,0.3,0.778689,0.214545,0.398907,enhanced_detection
0536.JPEG,train,6,front_bumper,0.3,0.778689,0.214545,0.398907,enhanced_detection
0536.JPEG,train,16,medium,0.3,0.778689,0.214545,0.398907,enhanced_detection
0536.JPEG,train,0,dent,0.269091,0.060109,0.087273,0.120219,enhanced_detection
0536.JPEG,train,7,rear_bumper,0.269091,0.060109,0.087273,0.120219,enhanced_detection
0536.JPEG,train,15,low,0.269091,0.060109,0.087273,0.120219,enhanced_detection
0536.JPEG,train,0,dent,0.067273,0.803279,0.069091,0.10929,enhanced_detection
0536.JPEG,train,10,left_door,0.067273,0.803279,0.069091,0.10929,enhanced_detection
0536.JPEG,train,15,low,0.067273,0.803279,0.069091,0.10929,enhanced_detection
0539.JPEG,train,0,dent,0.220077,0.935567,0.11583,0.118557,enhanced_detection
0539.JPEG,train,6,front_bumper,0.220077,0.935567,0.11583,0.118557,enhanced_detection
0539.JPEG,train,15,low,0.220077,0.935567,0.11583,0.118557,enhanced_detection
0539.JPEG,train,0,dent,0.092664,0.791237,0.185328,0.252577,enhanced_detection
0539.JPEG,train,10,left_door,0.092664,0.791237,0.185328,0.252577,enhanced_detection
0539.JPEG,train,15,low,0.092664,0.791237,0.185328,0.252577,enhanced_detection
0540.JPEG,train,2,crack,0.772727,0.948087,0.170909,0.092896,enhanced_detection
0540.JPEG,train,6,front_bumper,0.772727,0.948087,0.170909,0.092896,enhanced_detection
0540.JPEG,train,15,low,0.772727,0.948087,0.170909,0.092896,enhanced_detection
0541.JPEG,train,2,crack,0.059846,0.814433,0.119691,0.360825,enhanced_detection
0541.JPEG,train,10,left_door,0.059846,0.814433,0.119691,0.360825,enhanced_detection
0541.JPEG,train,16,medium,0.059846,0.814433,0.119691,0.360825,enhanced_detection
0541.JPEG,train,0,dent,0.048263,0.329897,0.073359,0.092784,enhanced_detection
0541.JPEG,train,10,left_door,0.048263,0.329897,0.073359,0.092784,enhanced_detection
0541.JPEG,train,15,low,0.048263,0.329897,0.073359,0.092784,enhanced_detection
0543.JPEG,train,0,dent,0.418182,0.166667,0.181818,0.169399,enhanced_detection
0543.JPEG,train,12,roof,0.418182,0.166667,0.181818,0.169399,enhanced_detection
0543.JPEG,train,15,low,0.418182,0.166667,0.181818,0.169399,enhanced_detection
0544.JPEG,train,2,crack,0.105705,0.281065,0.057047,0.218935,enhanced_detection
0544.JPEG,train,10,left_door,0.105705,0.281065,0.057047,0.218935,enhanced_detection
0544.JPEG,train,15,low,0.105705,0.281065,0.057047,0.218935,enhanced_detection
0545.JPEG,train,0,dent,0.951737,0.693299,0.088803,0.097938,enhanced_detection
0545.JPEG,train,11,right_door,0.951737,0.693299,0.088803,0.097938,enhanced_detection
0545.JPEG,train,15,low,0.951737,0.693299,0.088803,0.097938,enhanced_detection
0546.JPEG,train,0,dent,0.909266,0.884021,0.173745,0.221649,enhanced_detection
0546.JPEG,train,6,front_bumper,0.909266,0.884021,0.173745,0.221649,enhanced_detection
0546.JPEG,train,16,medium,0.909266,0.884021,0.173745,0.221649,enhanced_detection
0546.JPEG,train,4,paint_damage,0.256757,0.832474,0.119691,0.097938,enhanced_detection
0546.JPEG,train,6,front_bumper,0.256757,0.832474,0.119691,0.097938,enhanced_detection
0546.JPEG,train,15,low,0.256757,0.832474,0.119691,0.097938,enhanced_detection
0546.JPEG,train,2,crack,0.415058,0.896907,0.150579,0.092784,enhanced_detection
0546.JPEG,train,6,front_bumper,0.415058,0.896907,0.150579,0.092784,enhanced_detection
0546.JPEG,train,15,low,0.415058,0.896907,0.150579,0.092784,enhanced_detection
0546.JPEG,train,0,dent,0.509653,0.912371,0.069498,0.103093,enhanced_detection
0546.JPEG,train,6,front_bumper,0.509653,0.912371,0.069498,0.103093,enhanced_detection
0546.JPEG,train,15,low,0.509653,0.912371,0.069498,0.103093,enhanced_detection
0547.JPEG,train,2,crack,0.107692,0.943299,0.215385,0.103093,enhanced_detection
0547.JPEG,train,6,front_bumper,0.107692,0.943299,0.215385,0.103093,enhanced_detection
0547.JPEG,train,15,low,0.107692,0.943299,0.215385,0.103093,enhanced_detection
0547.JPEG,train,2,crack,0.273077,0.082474,0.546154,0.164948,enhanced_detection
0547.JPEG,train,7,rear_bumper,0.273077,0.082474,0.546154,0.164948,enhanced_detection
0547.JPEG,train,16,medium,0.273077,0.082474,0.546154,0.164948,enhanced_detection
0547.JPEG,train,3,broken_part,0.584615,0.878866,0.823077,0.231959,enhanced_detection
0547.JPEG,train,6,front_bumper,0.584615,0.878866,0.823077,0.231959,enhanced_detection
0547.JPEG,train,16,medium,0.584615,0.878866,0.823077,0.231959,enhanced_detection
0549.JPEG,train,2,crack,0.072491,0.18883,0.144981,0.37766,enhanced_detection
0549.JPEG,train,10,left_door,0.072491,0.18883,0.144981,0.37766,enhanced_detection
0549.JPEG,train,16,medium,0.072491,0.18883,0.144981,0.37766,enhanced_detection
0550.JPEG,train,2,crack,0.074349,0.172872,0.148699,0.345745,enhanced_detection
0550.JPEG,train,10,left_door,0.074349,0.172872,0.148699,0.345745,enhanced_detection
0550.JPEG,train,16,medium,0.074349,0.172872,0.148699,0.345745,enhanced_detection
0550.JPEG,train,3,broken_part,0.124535,0.718085,0.249071,0.414894,enhanced_detection
0550.JPEG,train,10,left_door,0.124535,0.718085,0.249071,0.414894,enhanced_detection
0550.JPEG,train,17,high,0.124535,0.718085,0.249071,0.414894,enhanced_detection
0551.JPEG,train,2,crack,0.06,0.931548,0.12,0.125,enhanced_detection
0551.JPEG,train,6,front_bumper,0.06,0.931548,0.12,0.125,enhanced_detection
0551.JPEG,train,16,medium,0.06,0.931548,0.12,0.125,enhanced_detection
0551.JPEG,train,2,crack,0.363333,0.497024,0.726667,0.994048,enhanced_detection
0551.JPEG,train,14,other_location,0.363333,0.497024,0.726667,0.994048,enhanced_detection
0551.JPEG,train,17,high,0.363333,0.497024,0.726667,0.994048,enhanced_detection
0551.JPEG,train,2,crack,0.835,0.208333,0.323333,0.416667,enhanced_detection
0551.JPEG,train,11,right_door,0.835,0.208333,0.323333,0.416667,enhanced_detection
0551.JPEG,train,17,high,0.835,0.208333,0.323333,0.416667,enhanced_detection
0551.JPEG,train,2,crack,0.666667,0.693452,0.66,0.60119,enhanced_detection
0551.JPEG,train,13,side_panel,0.666667,0.693452,0.66,0.60119,enhanced_detection
0551.JPEG,train,17,high,0.666667,0.693452,0.66,0.60119,enhanced_detection
0552.JPEG,train,2,crack,0.497778,0.366667,0.995556,0.724444,enhanced_detection
0552.JPEG,train,14,other_location,0.497778,0.366667,0.995556,0.724444,enhanced_detection
0552.JPEG,train,17,high,0.497778,0.366667,0.995556,0.724444,enhanced_detection
0552.JPEG,train,2,crack,0.908889,0.8,0.173333,0.08,enhanced_detection
0552.JPEG,train,11,right_door,0.908889,0.8,0.173333,0.08,enhanced_detection
0552.JPEG,train,16,medium,0.908889,0.8,0.173333,0.08,enhanced_detection
0552.JPEG,train,2,crack,0.497778,0.713333,0.995556,0.297778,enhanced_detection
0552.JPEG,train,6,front_bumper,0.497778,0.713333,0.995556,0.297778,enhanced_detection
0552.JPEG,train,17,high,0.497778,0.713333,0.995556,0.297778,enhanced_detection
0552.JPEG,train,2,crack,0.328889,0.104444,0.471111,0.208889,enhanced_detection
0552.JPEG,train,7,rear_bumper,0.328889,0.104444,0.471111,0.208889,enhanced_detection
0552.JPEG,train,16,medium,0.328889,0.104444,0.471111,0.208889,enhanced_detection
0552.JPEG,train,4,paint_damage,0.622222,0.868889,0.213333,0.093333,enhanced_detection
0552.JPEG,train,6,front_bumper,0.622222,0.868889,0.213333,0.093333,enhanced_detection
0552.JPEG,train,15,low,0.622222,0.868889,0.213333,0.093333,enhanced_detection
0552.JPEG,train,0,dent,0.857778,0.608889,0.106667,0.106667,enhanced_detection
0552.JPEG,train,11,right_door,0.857778,0.608889,0.106667,0.106667,enhanced_detection
0552.JPEG,train,15,low,0.857778,0.608889,0.106667,0.106667,enhanced_detection
0552.JPEG,train,2,crack,0.631111,0.122222,0.364444,0.093333,enhanced_detection
0552.JPEG,train,7,rear_bumper,0.631111,0.122222,0.364444,0.093333,enhanced_detection
0552.JPEG,train,16,medium,0.631111,0.122222,0.364444,0.093333,enhanced_detection
0556.JPEG,train,4,paint_damage,0.913127,0.902062,0.166023,0.185567,enhanced_detection
0556.JPEG,train,6,front_bumper,0.913127,0.902062,0.166023,0.185567,enhanced_detection
0556.JPEG,train,16,medium,0.913127,0.902062,0.166023,0.185567,enhanced_detection
0556.JPEG,train,2,crack,0.88417,0.103093,0.061776,0.082474,enhanced_detection
0556.JPEG,train,7,rear_bumper,0.88417,0.103093,0.061776,0.082474,enhanced_detection
0556.JPEG,train,16,medium,0.88417,0.103093,0.061776,0.082474,enhanced_detection
0556.JPEG,train,4,paint_damage,0.689189,0.716495,0.104247,0.154639,enhanced_detection
0556.JPEG,train,13,side_panel,0.689189,0.716495,0.104247,0.154639,enhanced_detection
0556.JPEG,train,15,low,0.689189,0.716495,0.104247,0.154639,enhanced_detection
0556.JPEG,train,0,dent,0.741313,0.768041,0.07722,0.103093,enhanced_detection
0556.JPEG,train,6,front_bumper,0.741313,0.768041,0.07722,0.103093,enhanced_detection
0556.JPEG,train,15,low,0.741313,0.768041,0.07722,0.103093,enhanced_detection
0556.JPEG,train,0,dent,0.063707,0.554124,0.127413,0.139175,enhanced_detection
0556.JPEG,train,10,left_door,0.063707,0.554124,0.127413,0.139175,enhanced_detection
0556.JPEG,train,16,medium,0.063707,0.554124,0.127413,0.139175,enhanced_detection
0557.JPEG,train,0,dent,0.353282,0.786082,0.057915,0.07732,enhanced_detection
0557.JPEG,train,6,front_bumper,0.353282,0.786082,0.057915,0.07732,enhanced_detection
0557.JPEG,train,15,low,0.353282,0.786082,0.057915,0.07732,enhanced_detection
0562.JPEG,train,2,crack,0.789575,0.365979,0.073359,0.113402,enhanced_detection
0562.JPEG,train,11,right_door,0.789575,0.365979,0.073359,0.113402,enhanced_detection
0562.JPEG,train,15,low,0.789575,0.365979,0.073359,0.113402,enhanced_detection
0562.JPEG,train,2,crack,0.079151,0.53866,0.158301,0.149485,enhanced_detection
0562.JPEG,train,10,left_door,0.079151,0.53866,0.158301,0.149485,enhanced_detection
0562.JPEG,train,16,medium,0.079151,0.53866,0.158301,0.149485,enhanced_detection
0562.JPEG,train,0,dent,0.525097,0.914948,0.100386,0.108247,enhanced_detection
0562.JPEG,train,6,front_bumper,0.525097,0.914948,0.100386,0.108247,enhanced_detection
0562.JPEG,train,15,low,0.525097,0.914948,0.100386,0.108247,enhanced_detection
0563.JPEG,train,2,crack,0.80695,0.85567,0.138996,0.123711,enhanced_detection
0563.JPEG,train,6,front_bumper,0.80695,0.85567,0.138996,0.123711,enhanced_detection
0563.JPEG,train,16,medium,0.80695,0.85567,0.138996,0.123711,enhanced_detection
0563.JPEG,train,4,paint_damage,0.667954,0.85567,0.169884,0.082474,enhanced_detection
0563.JPEG,train,6,front_bumper,0.667954,0.85567,0.169884,0.082474,enhanced_detection
0563.JPEG,train,15,low,0.667954,0.85567,0.169884,0.082474,enhanced_detection
0565.JPEG,train,2,crack,0.498069,0.353093,0.996139,0.706186,enhanced_detection
0565.JPEG,train,14,other_location,0.498069,0.353093,0.996139,0.706186,enhanced_detection
0565.JPEG,train,17,high,0.498069,0.353093,0.996139,0.706186,enhanced_detection
0565.JPEG,train,3,broken_part,0.650579,0.951031,0.220077,0.087629,enhanced_detection
0565.JPEG,train,6,front_bumper,0.650579,0.951031,0.220077,0.087629,enhanced_detection
0565.JPEG,train,15,low,0.650579,0.951031,0.220077,0.087629,enhanced_detection
0565.JPEG,train,2,crack,0.264479,0.747423,0.528958,0.494845,enhanced_detection
0565.JPEG,train,6,front_bumper,0.264479,0.747423,0.528958,0.494845,enhanced_detection
0565.JPEG,train,17,high,0.264479,0.747423,0.528958,0.494845,enhanced_detection
0565.JPEG,train,2,crack,0.702703,0.832474,0.131274,0.07732,enhanced_detection
0565.JPEG,train,6,front_bumper,0.702703,0.832474,0.131274,0.07732,enhanced_detection
0565.JPEG,train,16,medium,0.702703,0.832474,0.131274,0.07732,enhanced_detection
0565.JPEG,train,2,crack,0.530888,0.618557,0.173745,0.103093,enhanced_detection
0565.JPEG,train,13,side_panel,0.530888,0.618557,0.173745,0.103093,enhanced_detection
0565.JPEG,train,15,low,0.530888,0.618557,0.173745,0.103093,enhanced_detection
0566.JPEG,train,2,crack,0.656364,0.431694,0.68,0.863388,enhanced_detection
0566.JPEG,train,14,other_location,0.656364,0.431694,0.68,0.863388,enhanced_detection
0566.JPEG,train,17,high,0.656364,0.431694,0.68,0.863388,enhanced_detection
0567.JPEG,train,0,dent,0.046332,0.152062,0.092664,0.21134,enhanced_detection
0567.JPEG,train,10,left_door,0.046332,0.152062,0.092664,0.21134,enhanced_detection
0567.JPEG,train,15,low,0.046332,0.152062,0.092664,0.21134,enhanced_detection
0567.JPEG,train,0,dent,0.194981,0.090206,0.250965,0.180412,enhanced_detection
0567.JPEG,train,7,rear_bumper,0.194981,0.090206,0.250965,0.180412,enhanced_detection
0567.JPEG,train,16,medium,0.194981,0.090206,0.250965,0.180412,enhanced_detection
0568.JPEG,train,0,dent,0.071429,0.917526,0.073359,0.154639,enhanced_detection
0568.JPEG,train,6,front_bumper,0.071429,0.917526,0.073359,0.154639,enhanced_detection
0568.JPEG,train,15,low,0.071429,0.917526,0.073359,0.154639,enhanced_detection
0568.JPEG,train,0,dent,0.03668,0.798969,0.065637,0.082474,enhanced_detection
0568.JPEG,train,10,left_door,0.03668,0.798969,0.065637,0.082474,enhanced_detection
0568.JPEG,train,15,low,0.03668,0.798969,0.065637,0.082474,enhanced_detection
0570.JPEG,train,2,crack,0.35,0.883333,0.7,0.222222,enhanced_detection
0570.JPEG,train,6,front_bumper,0.35,0.883333,0.7,0.222222,enhanced_detection
0570.JPEG,train,17,high,0.35,0.883333,0.7,0.222222,enhanced_detection
0572.JPEG,train,0,dent,0.32,0.059524,0.106667,0.119048,enhanced_detection
0572.JPEG,train,7,rear_bumper,0.32,0.059524,0.106667,0.119048,enhanced_detection
0572.JPEG,train,15,low,0.32,0.059524,0.106667,0.119048,enhanced_detection
0572.JPEG,train,3,broken_part,0.815,0.66369,0.363333,0.660714,enhanced_detection
0572.JPEG,train,11,right_door,0.815,0.66369,0.363333,0.660714,enhanced_detection
0572.JPEG,train,16,medium,0.815,0.66369,0.363333,0.660714,enhanced_detection
0572.JPEG,train,2,crack,0.071667,0.616071,0.143333,0.089286,enhanced_detection
0572.JPEG,train,10,left_door,0.071667,0.616071,0.143333,0.089286,enhanced_detection
0572.JPEG,train,15,low,0.071667,0.616071,0.143333,0.089286,enhanced_detection
0573.JPEG,train,0,dent,0.580729,0.313688,0.192708,0.064639,enhanced_detection
0573.JPEG,train,8,hood,0.580729,0.313688,0.192708,0.064639,enhanced_detection
0573.JPEG,train,15,low,0.580729,0.313688,0.192708,0.064639,enhanced_detection
0576.JPEG,train,2,crack,0.079151,0.858974,0.158301,0.271795,enhanced_detection
0576.JPEG,train,10,left_door,0.079151,0.858974,0.158301,0.271795,enhanced_detection
0576.JPEG,train,16,medium,0.079151,0.858974,0.158301,0.271795,enhanced_detection
0577.JPEG,train,0,dent,0.793436,0.951031,0.127413,0.087629,enhanced_detection
0577.JPEG,train,6,front_bumper,0.793436,0.951031,0.127413,0.087629,enhanced_detection
0577.JPEG,train,15,low,0.793436,0.951031,0.127413,0.087629,enhanced_detection
0577.JPEG,train,0,dent,0.667954,0.938144,0.108108,0.113402,enhanced_detection
0577.JPEG,train,6,front_bumper,0.667954,0.938144,0.108108,0.113402,enhanced_detection
0577.JPEG,train,15,low,0.667954,0.938144,0.108108,0.113402,enhanced_detection
0577.JPEG,train,3,broken_part,0.318533,0.775773,0.637066,0.438144,enhanced_detection
0577.JPEG,train,6,front_bumper,0.318533,0.775773,0.637066,0.438144,enhanced_detection
0577.JPEG,train,17,high,0.318533,0.775773,0.637066,0.438144,enhanced_detection
0577.JPEG,train,0,dent,0.044402,0.520619,0.088803,0.103093,enhanced_detection
0577.JPEG,train,10,left_door,0.044402,0.520619,0.088803,0.103093,enhanced_detection
0577.JPEG,train,15,low,0.044402,0.520619,0.088803,0.103093,enhanced_detection
0577.JPEG,train,0,dent,0.030888,0.412371,0.061776,0.103093,enhanced_detection
0577.JPEG,train,10,left_door,0.030888,0.412371,0.061776,0.103093,enhanced_detection
0577.JPEG,train,15,low,0.030888,0.412371,0.061776,0.103093,enhanced_detection
0577.JPEG,train,0,dent,0.517375,0.737113,0.069498,0.092784,enhanced_detection
0577.JPEG,train,6,front_bumper,0.517375,0.737113,0.069498,0.092784,enhanced_detection
0577.JPEG,train,15,low,0.517375,0.737113,0.069498,0.092784,enhanced_detection
0578.JPEG,train,2,crack,0.498069,0.889175,0.996139,0.21134,enhanced_detection
0578.JPEG,train,6,front_bumper,0.498069,0.889175,0.996139,0.21134,enhanced_detection
0578.JPEG,train,17,high,0.498069,0.889175,0.996139,0.21134,enhanced_detection
0579.JPEG,train,0,dent,0.852727,0.161202,0.287273,0.322404,enhanced_detection
0579.JPEG,train,7,rear_bumper,0.852727,0.161202,0.287273,0.322404,enhanced_detection
0579.JPEG,train,16,medium,0.852727,0.161202,0.287273,0.322404,enhanced_detection
0579.JPEG,train,2,crack,0.498182,0.691257,0.996364,0.606557,enhanced_detection
0579.JPEG,train,14,other_location,0.498182,0.691257,0.996364,0.606557,enhanced_detection
0579.JPEG,train,16,medium,0.498182,0.691257,0.996364,0.606557,enhanced_detection
0579.JPEG,train,2,crack,0.141818,0.210383,0.196364,0.103825,enhanced_detection
0579.JPEG,train,10,left_door,0.141818,0.210383,0.196364,0.103825,enhanced_detection
0579.JPEG,train,16,medium,0.141818,0.210383,0.196364,0.103825,enhanced_detection
0579.JPEG,train,0,dent,0.941818,0.576503,0.109091,0.114754,enhanced_detection
0579.JPEG,train,11,right_door,0.941818,0.576503,0.109091,0.114754,enhanced_detection
0579.JPEG,train,15,low,0.941818,0.576503,0.109091,0.114754,enhanced_detection
0582.JPEG,train,2,crack,0.069498,0.474227,0.092664,0.14433,enhanced_detection
0582.JPEG,train,10,left_door,0.069498,0.474227,0.092664,0.14433,enhanced_detection
0582.JPEG,train,16,medium,0.069498,0.474227,0.092664,0.14433,enhanced_detection
0582.JPEG,train,3,broken_part,0.069498,0.631443,0.138996,0.108247,enhanced_detection
0582.JPEG,train,10,left_door,0.069498,0.631443,0.138996,0.108247,enhanced_detection
0582.JPEG,train,16,medium,0.069498,0.631443,0.138996,0.108247,enhanced_detection
0583.JPEG,train,3,broken_part,0.079151,0.829897,0.158301,0.329897,enhanced_detection
0583.JPEG,train,10,left_door,0.079151,0.829897,0.158301,0.329897,enhanced_detection
0583.JPEG,train,16,medium,0.079151,0.829897,0.158301,0.329897,enhanced_detection
0583.JPEG,train,0,dent,0.059846,0.53866,0.088803,0.07732,enhanced_detection
0583.JPEG,train,10,left_door,0.059846,0.53866,0.088803,0.07732,enhanced_detection
0583.JPEG,train,15,low,0.059846,0.53866,0.088803,0.07732,enhanced_detection
0585.JPEG,train,3,broken_part,0.735849,0.889474,0.45283,0.210526,enhanced_detection
0585.JPEG,train,6,front_bumper,0.735849,0.889474,0.45283,0.210526,enhanced_detection
0585.JPEG,train,16,medium,0.735849,0.889474,0.45283,0.210526,enhanced_detection
0585.JPEG,train,0,dent,0.939623,0.913158,0.083019,0.163158,enhanced_detection
0585.JPEG,train,6,front_bumper,0.939623,0.913158,0.083019,0.163158,enhanced_detection
0585.JPEG,train,15,low,0.939623,0.913158,0.083019,0.163158,enhanced_detection
0585.JPEG,train,3,broken_part,0.233962,0.786842,0.467925,0.415789,enhanced_detection
0585.JPEG,train,6,front_bumper,0.233962,0.786842,0.467925,0.415789,enhanced_detection
0585.JPEG,train,16,medium,0.233962,0.786842,0.467925,0.415789,enhanced_detection
0586.JPEG,train,0,dent,0.044014,0.951977,0.088028,0.084746,enhanced_detection
0586.JPEG,train,13,side_panel,0.044014,0.951977,0.088028,0.084746,enhanced_detection
0586.JPEG,train,15,low,0.044014,0.951977,0.088028,0.084746,enhanced_detection
0586.JPEG,train,2,crack,0.536972,0.629944,0.919014,0.728814,enhanced_detection
0586.JPEG,train,14,other_location,0.536972,0.629944,0.919014,0.728814,enhanced_detection
0586.JPEG,train,17,high,0.536972,0.629944,0.919014,0.728814,enhanced_detection
0586.JPEG,train,2,crack,0.607394,0.293785,0.778169,0.587571,enhanced_detection
0586.JPEG,train,8,hood,0.607394,0.293785,0.778169,0.587571,enhanced_detection
0586.JPEG,train,17,high,0.607394,0.293785,0.778169,0.587571,enhanced_detection
0586.JPEG,train,4,paint_damage,0.059859,0.144068,0.119718,0.163842,enhanced_detection
0586.JPEG,train,10,left_door,0.059859,0.144068,0.119718,0.163842,enhanced_detection
0586.JPEG,train,16,medium,0.059859,0.144068,0.119718,0.163842,enhanced_detection
0586.JPEG,train,0,dent,0.714789,0.29096,0.161972,0.152542,enhanced_detection
0586.JPEG,train,9,windshield,0.714789,0.29096,0.161972,0.152542,enhanced_detection
0586.JPEG,train,16,medium,0.714789,0.29096,0.161972,0.152542,enhanced_detection
0586.JPEG,train,0,dent,0.242958,0.177966,0.105634,0.129944,enhanced_detection
0586.JPEG,train,12,roof,0.242958,0.177966,0.105634,0.129944,enhanced_detection
0586.JPEG,train,15,low,0.242958,0.177966,0.105634,0.129944,enhanced_detection
0587.JPEG,train,2,crack,0.903846,0.262887,0.107692,0.195876,enhanced_detection
0587.JPEG,train,11,right_door,0.903846,0.262887,0.107692,0.195876,enhanced_detection
0587.JPEG,train,16,medium,0.903846,0.262887,0.107692,0.195876,enhanced_detection
0588.JPEG,train,2,crack,0.49,0.910714,0.213333,0.166667,enhanced_detection
0588.JPEG,train,6,front_bumper,0.49,0.910714,0.213333,0.166667,enhanced_detection
0588.JPEG,train,16,medium,0.49,0.910714,0.213333,0.166667,enhanced_detection
0589.JPEG,train,2,crack,0.617761,0.945876,0.07722,0.097938,enhanced_detection
0589.JPEG,train,6,front_bumper,0.617761,0.945876,0.07722,0.097938,enhanced_detection
0589.JPEG,train,15,low,0.617761,0.945876,0.07722,0.097938,enhanced_detection
0589.JPEG,train,2,crack,0.498069,0.280928,0.996139,0.561856,enhanced_detection
0589.JPEG,train,8,hood,0.498069,0.280928,0.996139,0.561856,enhanced_detection
0589.JPEG,train,16,medium,0.498069,0.280928,0.996139,0.561856,enhanced_detection
0589.JPEG,train,2,crack,0.285714,0.507732,0.571429,0.974227,enhanced_detection
0589.JPEG,train,14,other_location,0.285714,0.507732,0.571429,0.974227,enhanced_detection
0589.JPEG,train,16,medium,0.285714,0.507732,0.571429,0.974227,enhanced_detection
0589.JPEG,train,0,dent,0.820463,0.744845,0.351351,0.5,enhanced_detection
0589.JPEG,train,11,right_door,0.820463,0.744845,0.351351,0.5,enhanced_detection
0589.JPEG,train,16,medium,0.820463,0.744845,0.351351,0.5,enhanced_detection
0589.JPEG,train,0,dent,0.766409,0.585052,0.328185,0.273196,enhanced_detection
0589.JPEG,train,11,right_door,0.766409,0.585052,0.328185,0.273196,enhanced_detection
0589.JPEG,train,16,medium,0.766409,0.585052,0.328185,0.273196,enhanced_detection
0589.JPEG,train,0,dent,0.372587,0.641753,0.088803,0.097938,enhanced_detection
0589.JPEG,train,13,side_panel,0.372587,0.641753,0.088803,0.097938,enhanced_detection
0589.JPEG,train,15,low,0.372587,0.641753,0.088803,0.097938,enhanced_detection
0589.JPEG,train,0,dent,0.53668,0.811856,0.138996,0.170103,enhanced_detection
0589.JPEG,train,6,front_bumper,0.53668,0.811856,0.138996,0.170103,enhanced_detection
0589.JPEG,train,15,low,0.53668,0.811856,0.138996,0.170103,enhanced_detection
0590.JPEG,train,2,crack,0.698529,0.064865,0.080882,0.12973,enhanced_detection
0590.JPEG,train,7,rear_bumper,0.698529,0.064865,0.080882,0.12973,enhanced_detection
0590.JPEG,train,16,medium,0.698529,0.064865,0.080882,0.12973,enhanced_detection
0592.JPEG,train,2,crack,0.446488,0.755952,0.143813,0.130952,enhanced_detection
0592.JPEG,train,6,front_bumper,0.446488,0.755952,0.143813,0.130952,enhanced_detection
0592.JPEG,train,16,medium,0.446488,0.755952,0.143813,0.130952,enhanced_detection
0593.JPEG,train,2,crack,0.169884,0.298969,0.339768,0.597938,enhanced_detection
0593.JPEG,train,10,left_door,0.169884,0.298969,0.339768,0.597938,enhanced_detection
0593.JPEG,train,17,high,0.169884,0.298969,0.339768,0.597938,enhanced_detection
0593.JPEG,train,2,crack,0.498069,0.337629,0.996139,0.675258,enhanced_detection
0593.JPEG,train,14,other_location,0.498069,0.337629,0.996139,0.675258,enhanced_detection
0593.JPEG,train,17,high,0.498069,0.337629,0.996139,0.675258,enhanced_detection
0593.JPEG,train,2,crack,0.498069,0.791237,0.996139,0.407216,enhanced_detection
0593.JPEG,train,6,front_bumper,0.498069,0.791237,0.996139,0.407216,enhanced_detection
0593.JPEG,train,16,medium,0.498069,0.791237,0.996139,0.407216,enhanced_detection
0593.JPEG,train,0,dent,0.712355,0.809278,0.235521,0.278351,enhanced_detection
0593.JPEG,train,6,front_bumper,0.712355,0.809278,0.235521,0.278351,enhanced_detection
0593.JPEG,train,15,low,0.712355,0.809278,0.235521,0.278351,enhanced_detection
0593.JPEG,train,3,broken_part,0.84556,0.868557,0.108108,0.118557,enhanced_detection
0593.JPEG,train,6,front_bumper,0.84556,0.868557,0.108108,0.118557,enhanced_detection
0593.JPEG,train,15,low,0.84556,0.868557,0.108108,0.118557,enhanced_detection
0593.JPEG,train,0,dent,0.081081,0.610825,0.162162,0.159794,enhanced_detection
0593.JPEG,train,10,left_door,0.081081,0.610825,0.162162,0.159794,enhanced_detection
0593.JPEG,train,16,medium,0.081081,0.610825,0.162162,0.159794,enhanced_detection
0593.JPEG,train,0,dent,0.583012,0.68299,0.138996,0.139175,enhanced_detection
0593.JPEG,train,13,side_panel,0.583012,0.68299,0.138996,0.139175,enhanced_detection
0593.JPEG,train,15,low,0.583012,0.68299,0.138996,0.139175,enhanced_detection
0593.JPEG,train,0,dent,0.496139,0.757732,0.104247,0.14433,enhanced_detection
0593.JPEG,train,6,front_bumper,0.496139,0.757732,0.104247,0.14433,enhanced_detection
0593.JPEG,train,15,low,0.496139,0.757732,0.104247,0.14433,enhanced_detection
0593.JPEG,train,0,dent,0.214286,0.257732,0.142857,0.164948,enhanced_detection
0593.JPEG,train,10,left_door,0.214286,0.257732,0.142857,0.164948,enhanced_detection
0593.JPEG,train,15,low,0.214286,0.257732,0.142857,0.164948,enhanced_detection
0593.JPEG,train,0,dent,0.46139,0.832474,0.212355,0.097938,enhanced_detection
0593.JPEG,train,6,front_bumper,0.46139,0.832474,0.212355,0.097938,enhanced_detection
0593.JPEG,train,15,low,0.46139,0.832474,0.212355,0.097938,enhanced_detection
0593.JPEG,train,0,dent,0.92278,0.726804,0.07722,0.113402,enhanced_detection
0593.JPEG,train,11,right_door,0.92278,0.726804,0.07722,0.113402,enhanced_detection
0593.JPEG,train,15,low,0.92278,0.726804,0.07722,0.113402,enhanced_detection
0595.JPEG,train,2,crack,0.092664,0.085052,0.185328,0.170103,enhanced_detection
0595.JPEG,train,7,rear_bumper,0.092664,0.085052,0.185328,0.170103,enhanced_detection
0595.JPEG,train,16,medium,0.092664,0.085052,0.185328,0.170103,enhanced_detection
0595.JPEG,train,0,dent,0.938224,0.896907,0.11583,0.195876,enhanced_detection
0595.JPEG,train,6,front_bumper,0.938224,0.896907,0.11583,0.195876,enhanced_detection
0595.JPEG,train,16,medium,0.938224,0.896907,0.11583,0.195876,enhanced_detection
0595.JPEG,train,4,paint_damage,0.949807,0.201031,0.092664,0.092784,enhanced_detection
0595.JPEG,train,11,right_door,0.949807,0.201031,0.092664,0.092784,enhanced_detection
0595.JPEG,train,16,medium,0.949807,0.201031,0.092664,0.092784,enhanced_detection
0595.JPEG,train,0,dent,0.048263,0.938144,0.096525,0.113402,enhanced_detection
0595.JPEG,train,13,side_panel,0.048263,0.938144,0.096525,0.113402,enhanced_detection
0595.JPEG,train,15,low,0.048263,0.938144,0.096525,0.113402,enhanced_detection
0598.JPEG,train,0,dent,0.5,0.744845,0.266409,0.231959,enhanced_detection
0598.JPEG,train,6,front_bumper,0.5,0.744845,0.266409,0.231959,enhanced_detection
0598.JPEG,train,16,medium,0.5,0.744845,0.266409,0.231959,enhanced_detection
0599.JPEG,train,4,paint_damage,0.090301,0.116071,0.180602,0.232143,enhanced_detection
0599.JPEG,train,7,rear_bumper,0.090301,0.116071,0.180602,0.232143,enhanced_detection
0599.JPEG,train,16,medium,0.090301,0.116071,0.180602,0.232143,enhanced_detection
0599.JPEG,train,2,crack,0.416388,0.89881,0.672241,0.190476,enhanced_detection
0599.JPEG,train,6,front_bumper,0.416388,0.89881,0.672241,0.190476,enhanced_detection
0599.JPEG,train,16,medium,0.416388,0.89881,0.672241,0.190476,enhanced_detection
0599.JPEG,train,0,dent,0.90301,0.845238,0.053512,0.130952,enhanced_detection
0599.JPEG,train,11,right_door,0.90301,0.845238,0.053512,0.130952,enhanced_detection
0599.JPEG,train,15,low,0.90301,0.845238,0.053512,0.130952,enhanced_detection
0599.JPEG,train,0,dent,0.968227,0.08631,0.050167,0.125,enhanced_detection
0599.JPEG,train,13,side_panel,0.968227,0.08631,0.050167,0.125,enhanced_detection
0599.JPEG,train,15,low,0.968227,0.08631,0.050167,0.125,enhanced_detection
0599.JPEG,train,0,dent,0.939799,0.532738,0.053512,0.10119,enhanced_detection
0599.JPEG,train,11,right_door,0.939799,0.532738,0.053512,0.10119,enhanced_detection
0599.JPEG,train,15,low,0.939799,0.532738,0.053512,0.10119,enhanced_detection
0599.JPEG,train,0,dent,0.090301,0.354167,0.180602,0.14881,enhanced_detection
0599.JPEG,train,10,left_door,0.090301,0.354167,0.180602,0.14881,enhanced_detection
0599.JPEG,train,15,low,0.090301,0.354167,0.180602,0.14881,enhanced_detection
0602.JPEG,train,0,dent,0.240964,0.955446,0.080321,0.079208,enhanced_detection
0602.JPEG,train,6,front_bumper,0.240964,0.955446,0.080321,0.079208,enhanced_detection
0602.JPEG,train,15,low,0.240964,0.955446,0.080321,0.079208,enhanced_detection
0604.JPEG,train,2,crack,0.509653,0.559278,0.223938,0.221649,enhanced_detection
0604.JPEG,train,13,side_panel,0.509653,0.559278,0.223938,0.221649,enhanced_detection
0604.JPEG,train,16,medium,0.509653,0.559278,0.223938,0.221649,enhanced_detection
0604.JPEG,train,0,dent,0.34749,0.425258,0.084942,0.087629,enhanced_detection
0604.JPEG,train,13,side_panel,0.34749,0.425258,0.084942,0.087629,enhanced_detection
0604.JPEG,train,15,low,0.34749,0.425258,0.084942,0.087629,enhanced_detection
0605.JPEG,train,2,crack,0.786496,0.888587,0.419708,0.211957,enhanced_detection
0605.JPEG,train,6,front_bumper,0.786496,0.888587,0.419708,0.211957,enhanced_detection
0605.JPEG,train,16,medium,0.786496,0.888587,0.419708,0.211957,enhanced_detection
0605.JPEG,train,2,crack,0.498175,0.361413,0.99635,0.722826,enhanced_detection
0605.JPEG,train,14,other_location,0.498175,0.361413,0.99635,0.722826,enhanced_detection
0605.JPEG,train,16,medium,0.498175,0.361413,0.99635,0.722826,enhanced_detection
0606.JPEG,train,2,crack,0.721818,0.122951,0.112727,0.245902,enhanced_detection
0606.JPEG,train,12,roof,0.721818,0.122951,0.112727,0.245902,enhanced_detection
0606.JPEG,train,16,medium,0.721818,0.122951,0.112727,0.245902,enhanced_detection
0606.JPEG,train,2,crack,0.92,0.308743,0.152727,0.081967,enhanced_detection
0606.JPEG,train,11,right_door,0.92,0.308743,0.152727,0.081967,enhanced_detection
0606.JPEG,train,15,low,0.92,0.308743,0.152727,0.081967,enhanced_detection
0606.JPEG,train,0,dent,0.952727,0.057377,0.087273,0.092896,enhanced_detection
0606.JPEG,train,13,side_panel,0.952727,0.057377,0.087273,0.092896,enhanced_detection
0606.JPEG,train,15,low,0.952727,0.057377,0.087273,0.092896,enhanced_detection
0608.JPEG,train,0,dent,0.946281,0.951923,0.090909,0.086538,enhanced_detection
0608.JPEG,train,13,side_panel,0.946281,0.951923,0.090909,0.086538,enhanced_detection
0608.JPEG,train,15,low,0.946281,0.951923,0.090909,0.086538,enhanced_detection
0608.JPEG,train,4,paint_damage,0.952479,0.574519,0.086777,0.081731,enhanced_detection
0608.JPEG,train,11,right_door,0.952479,0.574519,0.086777,0.081731,enhanced_detection
0608.JPEG,train,15,low,0.952479,0.574519,0.086777,0.081731,enhanced_detection
0609.JPEG,train,2,crack,0.156371,0.154639,0.312741,0.309278,enhanced_detection
0609.JPEG,train,7,rear_bumper,0.156371,0.154639,0.312741,0.309278,enhanced_detection
0609.JPEG,train,16,medium,0.156371,0.154639,0.312741,0.309278,enhanced_detection
0609.JPEG,train,2,crack,0.947876,0.847938,0.096525,0.170103,enhanced_detection
0609.JPEG,train,11,right_door,0.947876,0.847938,0.096525,0.170103,enhanced_detection
0609.JPEG,train,16,medium,0.947876,0.847938,0.096525,0.170103,enhanced_detection
0609.JPEG,train,2,crack,0.055985,0.118557,0.111969,0.237113,enhanced_detection
0609.JPEG,train,10,left_door,0.055985,0.118557,0.111969,0.237113,enhanced_detection
0609.JPEG,train,16,medium,0.055985,0.118557,0.111969,0.237113,enhanced_detection
0610.JPEG,train,0,dent,0.168896,0.71131,0.337793,0.565476,enhanced_detection
0610.JPEG,train,10,left_door,0.168896,0.71131,0.337793,0.565476,enhanced_detection
0610.JPEG,train,16,medium,0.168896,0.71131,0.337793,0.565476,enhanced_detection
0610.JPEG,train,0,dent,0.120401,0.41369,0.220736,0.196429,enhanced_detection
0610.JPEG,train,10,left_door,0.120401,0.41369,0.220736,0.196429,enhanced_detection
0610.JPEG,train,15,low,0.120401,0.41369,0.220736,0.196429,enhanced_detection
0610.JPEG,train,0,dent,0.347826,0.458333,0.093645,0.107143,enhanced_detection
0610.JPEG,train,13,side_panel,0.347826,0.458333,0.093645,0.107143,enhanced_detection
0610.JPEG,train,15,low,0.347826,0.458333,0.093645,0.107143,enhanced_detection
0610.JPEG,train,0,dent,0.546823,0.324405,0.056856,0.113095,enhanced_detection
0610.JPEG,train,8,hood,0.546823,0.324405,0.056856,0.113095,enhanced_detection
0610.JPEG,train,15,low,0.546823,0.324405,0.056856,0.113095,enhanced_detection
0610.JPEG,train,0,dent,0.48495,0.404762,0.073579,0.119048,enhanced_detection
0610.JPEG,train,13,side_panel,0.48495,0.404762,0.073579,0.119048,enhanced_detection
0610.JPEG,train,15,low,0.48495,0.404762,0.073579,0.119048,enhanced_detection
0610.JPEG,train,0,dent,0.279264,0.46131,0.070234,0.10119,enhanced_detection
0610.JPEG,train,10,left_door,0.279264,0.46131,0.070234,0.10119,enhanced_detection
0610.JPEG,train,15,low,0.279264,0.46131,0.070234,0.10119,enhanced_detection
0611.JPEG,train,0,dent,0.725869,0.956186,0.07722,0.07732,enhanced_detection
0611.JPEG,train,6,front_bumper,0.725869,0.956186,0.07722,0.07732,enhanced_detection
0611.JPEG,train,15,low,0.725869,0.956186,0.07722,0.07732,enhanced_detection
0611.JPEG,train,2,crack,0.138996,0.742268,0.185328,0.113402,enhanced_detection
0611.JPEG,train,10,left_door,0.138996,0.742268,0.185328,0.113402,enhanced_detection
0611.JPEG,train,15,low,0.138996,0.742268,0.185328,0.113402,enhanced_detection
0612.JPEG,train,4,paint_damage,0.88417,0.945876,0.223938,0.097938,enhanced_detection
0612.JPEG,train,6,front_bumper,0.88417,0.945876,0.223938,0.097938,enhanced_detection
0612.JPEG,train,16,medium,0.88417,0.945876,0.223938,0.097938,enhanced_detection
0614.JPEG,train,4,paint_damage,0.255556,0.937778,0.084444,0.115556,enhanced_detection
0614.JPEG,train,6,front_bumper,0.255556,0.937778,0.084444,0.115556,enhanced_detection
0614.JPEG,train,15,low,0.255556,0.937778,0.084444,0.115556,enhanced_detection
0614.JPEG,train,0,dent,0.286667,0.775556,0.102222,0.093333,enhanced_detection
0614.JPEG,train,6,front_bumper,0.286667,0.775556,0.102222,0.093333,enhanced_detection
0614.JPEG,train,15,low,0.286667,0.775556,0.102222,0.093333,enhanced_detection
0615.JPEG,train,0,dent,0.083929,0.883333,0.082143,0.133333,enhanced_detection
0615.JPEG,train,6,front_bumper,0.083929,0.883333,0.082143,0.133333,enhanced_detection
0615.JPEG,train,15,low,0.083929,0.883333,0.082143,0.133333,enhanced_detection
0615.JPEG,train,4,paint_damage,0.421429,0.744444,0.071429,0.144444,enhanced_detection
0615.JPEG,train,6,front_bumper,0.421429,0.744444,0.071429,0.144444,enhanced_detection
0615.JPEG,train,16,medium,0.421429,0.744444,0.071429,0.144444,enhanced_detection
0616.JPEG,train,0,dent,0.124542,0.527174,0.058608,0.086957,enhanced_detection
0616.JPEG,train,10,left_door,0.124542,0.527174,0.058608,0.086957,enhanced_detection
0616.JPEG,train,15,low,0.124542,0.527174,0.058608,0.086957,enhanced_detection
0617.JPEG,train,2,crack,0.498182,0.765027,0.996364,0.459016,enhanced_detection
0617.JPEG,train,6,front_bumper,0.498182,0.765027,0.996364,0.459016,enhanced_detection
0617.JPEG,train,17,high,0.498182,0.765027,0.996364,0.459016,enhanced_detection
0617.JPEG,train,4,paint_damage,0.674545,0.762295,0.367273,0.344262,enhanced_detection
0617.JPEG,train,6,front_bumper,0.674545,0.762295,0.367273,0.344262,enhanced_detection
0617.JPEG,train,16,medium,0.674545,0.762295,0.367273,0.344262,enhanced_detection
0617.JPEG,train,0,dent,0.127273,0.226776,0.254545,0.245902,enhanced_detection
0617.JPEG,train,10,left_door,0.127273,0.226776,0.254545,0.245902,enhanced_detection
0617.JPEG,train,16,medium,0.127273,0.226776,0.254545,0.245902,enhanced_detection
0617.JPEG,train,2,crack,0.263636,0.808743,0.527273,0.262295,enhanced_detection
0617.JPEG,train,6,front_bumper,0.263636,0.808743,0.527273,0.262295,enhanced_detection
0617.JPEG,train,17,high,0.263636,0.808743,0.527273,0.262295,enhanced_detection
0617.JPEG,train,0,dent,0.841818,0.478142,0.069091,0.092896,enhanced_detection
0617.JPEG,train,11,right_door,0.841818,0.478142,0.069091,0.092896,enhanced_detection
0617.JPEG,train,15,low,0.841818,0.478142,0.069091,0.092896,enhanced_detection
0619.jpeg,train,0,dent,0.383895,0.944444,0.138577,0.100529,enhanced_detection
0619.jpeg,train,6,front_bumper,0.383895,0.944444,0.138577,0.100529,enhanced_detection
0619.jpeg,train,15,low,0.383895,0.944444,0.138577,0.100529,enhanced_detection
0619.jpeg,train,0,dent,0.749064,0.915344,0.164794,0.15873,enhanced_detection
0619.jpeg,train,6,front_bumper,0.749064,0.915344,0.164794,0.15873,enhanced_detection
0619.jpeg,train,16,medium,0.749064,0.915344,0.164794,0.15873,enhanced_detection
0619.jpeg,train,0,dent,0.078652,0.857143,0.142322,0.116402,enhanced_detection
0619.jpeg,train,10,left_door,0.078652,0.857143,0.142322,0.116402,enhanced_detection
0619.jpeg,train,15,low,0.078652,0.857143,0.142322,0.116402,enhanced_detection
0621.JPEG,train,0,dent,0.180212,0.853933,0.162544,0.213483,enhanced_detection
0621.JPEG,train,6,front_bumper,0.180212,0.853933,0.162544,0.213483,enhanced_detection
0621.JPEG,train,15,low,0.180212,0.853933,0.162544,0.213483,enhanced_detection
0621.JPEG,train,0,dent,0.047703,0.77809,0.095406,0.095506,enhanced_detection
0621.JPEG,train,10,left_door,0.047703,0.77809,0.095406,0.095506,enhanced_detection
0621.JPEG,train,15,low,0.047703,0.77809,0.095406,0.095506,enhanced_detection
0623.JPEG,train,0,dent,0.849421,0.956186,0.084942,0.07732,enhanced_detection
0623.JPEG,train,6,front_bumper,0.849421,0.956186,0.084942,0.07732,enhanced_detection
0623.JPEG,train,15,low,0.849421,0.956186,0.084942,0.07732,enhanced_detection
0623.JPEG,train,0,dent,0.498069,0.07732,0.996139,0.154639,enhanced_detection
0623.JPEG,train,7,rear_bumper,0.498069,0.07732,0.996139,0.154639,enhanced_detection
0623.JPEG,train,16,medium,0.498069,0.07732,0.996139,0.154639,enhanced_detection
0623.JPEG,train,0,dent,0.673745,0.92268,0.096525,0.14433,enhanced_detection
0623.JPEG,train,6,front_bumper,0.673745,0.92268,0.096525,0.14433,enhanced_detection
0623.JPEG,train,15,low,0.673745,0.92268,0.096525,0.14433,enhanced_detection
0624.JPEG,train,2,crack,0.497778,0.111111,0.995556,0.222222,enhanced_detection
0624.JPEG,train,7,rear_bumper,0.497778,0.111111,0.995556,0.222222,enhanced_detection
0624.JPEG,train,17,high,0.497778,0.111111,0.995556,0.222222,enhanced_detection
0625.JPEG,train,2,crack,0.436255,0.860697,0.87251,0.268657,enhanced_detection
0625.JPEG,train,6,front_bumper,0.436255,0.860697,0.87251,0.268657,enhanced_detection
0625.JPEG,train,17,high,0.436255,0.860697,0.87251,0.268657,enhanced_detection
0625.JPEG,train,2,crack,0.679283,0.803483,0.418327,0.243781,enhanced_detection
0625.JPEG,train,6,front_bumper,0.679283,0.803483,0.418327,0.243781,enhanced_detection
0625.JPEG,train,16,medium,0.679283,0.803483,0.418327,0.243781,enhanced_detection
0625.JPEG,train,3,broken_part,0.758964,0.323383,0.370518,0.40796,enhanced_detection
0625.JPEG,train,11,right_door,0.758964,0.323383,0.370518,0.40796,enhanced_detection
0625.JPEG,train,17,high,0.758964,0.323383,0.370518,0.40796,enhanced_detection
0625.JPEG,train,0,dent,0.539841,0.176617,0.187251,0.134328,enhanced_detection
0625.JPEG,train,12,roof,0.539841,0.176617,0.187251,0.134328,enhanced_detection
0625.JPEG,train,15,low,0.539841,0.176617,0.187251,0.134328,enhanced_detection
0625.JPEG,train,0,dent,0.444223,0.567164,0.282869,0.298507,enhanced_detection
0625.JPEG,train,13,side_panel,0.444223,0.567164,0.282869,0.298507,enhanced_detection
0625.JPEG,train,16,medium,0.444223,0.567164,0.282869,0.298507,enhanced_detection
0625.JPEG,train,0,dent,0.181275,0.437811,0.099602,0.149254,enhanced_detection
0625.JPEG,train,10,left_door,0.181275,0.437811,0.099602,0.149254,enhanced_detection
0625.JPEG,train,15,low,0.181275,0.437811,0.099602,0.149254,enhanced_detection
0625.JPEG,train,0,dent,0.087649,0.676617,0.119522,0.119403,enhanced_detection
0625.JPEG,train,10,left_door,0.087649,0.676617,0.119522,0.119403,enhanced_detection
0625.JPEG,train,15,low,0.087649,0.676617,0.119522,0.119403,enhanced_detection
0625.JPEG,train,0,dent,0.183267,0.70398,0.087649,0.124378,enhanced_detection
0625.JPEG,train,10,left_door,0.183267,0.70398,0.087649,0.124378,enhanced_detection
0625.JPEG,train,15,low,0.183267,0.70398,0.087649,0.124378,enhanced_detection
0626.JPEG,train,0,dent,0.955598,0.737113,0.081081,0.082474,enhanced_detection
0626.JPEG,train,11,right_door,0.955598,0.737113,0.081081,0.082474,enhanced_detection
0626.JPEG,train,15,low,0.955598,0.737113,0.081081,0.082474,enhanced_detection
0626.JPEG,train,0,dent,0.135135,0.75,0.185328,0.149485,enhanced_detection
0626.JPEG,train,10,left_door,0.135135,0.75,0.185328,0.149485,enhanced_detection
0626.JPEG,train,15,low,0.135135,0.75,0.185328,0.149485,enhanced_detection
0629.JPEG,train,0,dent,0.916988,0.909794,0.158301,0.170103,enhanced_detection
0629.JPEG,train,6,front_bumper,0.916988,0.909794,0.158301,0.170103,enhanced_detection
0629.JPEG,train,16,medium,0.916988,0.909794,0.158301,0.170103,enhanced_detection
0629.JPEG,train,2,crack,0.472973,0.907216,0.096525,0.113402,enhanced_detection
0629.JPEG,train,6,front_bumper,0.472973,0.907216,0.096525,0.113402,enhanced_detection
0629.JPEG,train,16,medium,0.472973,0.907216,0.096525,0.113402,enhanced_detection
0629.JPEG,train,0,dent,0.940154,0.75,0.111969,0.201031,enhanced_detection
0629.JPEG,train,11,right_door,0.940154,0.75,0.111969,0.201031,enhanced_detection
0629.JPEG,train,16,medium,0.940154,0.75,0.111969,0.201031,enhanced_detection
0629.JPEG,train,3,broken_part,0.878378,0.768041,0.096525,0.082474,enhanced_detection
0629.JPEG,train,11,right_door,0.878378,0.768041,0.096525,0.082474,enhanced_detection
0629.JPEG,train,15,low,0.878378,0.768041,0.096525,0.082474,enhanced_detection
0630.JPEG,train,2,crack,0.498069,0.283505,0.996139,0.56701,enhanced_detection
0630.JPEG,train,8,hood,0.498069,0.283505,0.996139,0.56701,enhanced_detection
0630.JPEG,train,17,high,0.498069,0.283505,0.996139,0.56701,enhanced_detection
0630.JPEG,train,2,crack,0.436293,0.600515,0.872587,0.592784,enhanced_detection
0630.JPEG,train,13,side_panel,0.436293,0.600515,0.872587,0.592784,enhanced_detection
0630.JPEG,train,17,high,0.436293,0.600515,0.872587,0.592784,enhanced_detection
0630.JPEG,train,0,dent,0.837838,0.445876,0.108108,0.262887,enhanced_detection
0630.JPEG,train,11,right_door,0.837838,0.445876,0.108108,0.262887,enhanced_detection
0630.JPEG,train,15,low,0.837838,0.445876,0.108108,0.262887,enhanced_detection
0630.JPEG,train,2,crack,0.92471,0.5,0.142857,0.082474,enhanced_detection
0630.JPEG,train,11,right_door,0.92471,0.5,0.142857,0.082474,enhanced_detection
0630.JPEG,train,15,low,0.92471,0.5,0.142857,0.082474,enhanced_detection
0630.JPEG,train,0,dent,0.895753,0.721649,0.07722,0.123711,enhanced_detection
0630.JPEG,train,11,right_door,0.895753,0.721649,0.07722,0.123711,enhanced_detection
0630.JPEG,train,15,low,0.895753,0.721649,0.07722,0.123711,enhanced_detection
0631.JPEG,train,4,paint_damage,0.1171,0.954545,0.211896,0.080214,enhanced_detection
0631.JPEG,train,6,front_bumper,0.1171,0.954545,0.211896,0.080214,enhanced_detection
0631.JPEG,train,16,medium,0.1171,0.954545,0.211896,0.080214,enhanced_detection
0631.JPEG,train,2,crack,0.960967,0.411765,0.070632,0.128342,enhanced_detection
0631.JPEG,train,11,right_door,0.960967,0.411765,0.070632,0.128342,enhanced_detection
0631.JPEG,train,16,medium,0.960967,0.411765,0.070632,0.128342,enhanced_detection
0631.JPEG,train,4,paint_damage,0.085502,0.879679,0.141264,0.080214,enhanced_detection
0631.JPEG,train,10,left_door,0.085502,0.879679,0.141264,0.080214,enhanced_detection
0631.JPEG,train,15,low,0.085502,0.879679,0.141264,0.080214,enhanced_detection
0631.JPEG,train,0,dent,0.815985,0.906417,0.107807,0.080214,enhanced_detection
0631.JPEG,train,6,front_bumper,0.815985,0.906417,0.107807,0.080214,enhanced_detection
0631.JPEG,train,15,low,0.815985,0.906417,0.107807,0.080214,enhanced_detection
0634.JPEG,train,0,dent,0.065637,0.100515,0.084942,0.201031,enhanced_detection
0634.JPEG,train,7,rear_bumper,0.065637,0.100515,0.084942,0.201031,enhanced_detection
0634.JPEG,train,16,medium,0.065637,0.100515,0.084942,0.201031,enhanced_detection
0634.JPEG,train,0,dent,0.125483,0.93299,0.104247,0.123711,enhanced_detection
0634.JPEG,train,6,front_bumper,0.125483,0.93299,0.104247,0.123711,enhanced_detection
0634.JPEG,train,15,low,0.125483,0.93299,0.104247,0.123711,enhanced_detection
0634.JPEG,train,0,dent,0.621622,0.543814,0.069498,0.097938,enhanced_detection
0634.JPEG,train,13,side_panel,0.621622,0.543814,0.069498,0.097938,enhanced_detection
0634.JPEG,train,15,low,0.621622,0.543814,0.069498,0.097938,enhanced_detection
0634.JPEG,train,0,dent,0.509653,0.42268,0.069498,0.082474,enhanced_detection
0634.JPEG,train,13,side_panel,0.509653,0.42268,0.069498,0.082474,enhanced_detection
0634.JPEG,train,15,low,0.509653,0.42268,0.069498,0.082474,enhanced_detection
0636.JPEG,train,2,crack,0.664444,0.757778,0.662222,0.333333,enhanced_detection
0636.JPEG,train,6,front_bumper,0.664444,0.757778,0.662222,0.333333,enhanced_detection
0636.JPEG,train,17,high,0.664444,0.757778,0.662222,0.333333,enhanced_detection
0636.JPEG,train,2,crack,0.111111,0.668889,0.222222,0.457778,enhanced_detection
0636.JPEG,train,10,left_door,0.111111,0.668889,0.222222,0.457778,enhanced_detection
0636.JPEG,train,17,high,0.111111,0.668889,0.222222,0.457778,enhanced_detection
0636.JPEG,train,4,paint_damage,0.497778,0.442222,0.995556,0.733333,enhanced_detection
0636.JPEG,train,14,other_location,0.497778,0.442222,0.995556,0.733333,enhanced_detection
0636.JPEG,train,17,high,0.497778,0.442222,0.995556,0.733333,enhanced_detection
0636.JPEG,train,4,paint_damage,0.331111,0.168889,0.662222,0.337778,enhanced_detection
0636.JPEG,train,12,roof,0.331111,0.168889,0.662222,0.337778,enhanced_detection
0636.JPEG,train,17,high,0.331111,0.168889,0.662222,0.337778,enhanced_detection
0636.JPEG,train,4,paint_damage,0.324444,0.802222,0.124444,0.066667,enhanced_detection
0636.JPEG,train,6,front_bumper,0.324444,0.802222,0.124444,0.066667,enhanced_detection
0636.JPEG,train,15,low,0.324444,0.802222,0.124444,0.066667,enhanced_detection
0636.JPEG,train,2,crack,0.691111,0.886667,0.608889,0.146667,enhanced_detection
0636.JPEG,train,6,front_bumper,0.691111,0.886667,0.608889,0.146667,enhanced_detection
0636.JPEG,train,16,medium,0.691111,0.886667,0.608889,0.146667,enhanced_detection
0637.JPEG,train,0,dent,0.205,0.869048,0.403333,0.25,enhanced_detection
0637.JPEG,train,6,front_bumper,0.205,0.869048,0.403333,0.25,enhanced_detection
0637.JPEG,train,16,medium,0.205,0.869048,0.403333,0.25,enhanced_detection
0637.JPEG,train,0,dent,0.033333,0.720238,0.066667,0.130952,enhanced_detection
0637.JPEG,train,10,left_door,0.033333,0.720238,0.066667,0.130952,enhanced_detection
0637.JPEG,train,15,low,0.033333,0.720238,0.066667,0.130952,enhanced_detection
0638.JPEG,train,2,crack,0.498069,0.322165,0.996139,0.64433,enhanced_detection
0638.JPEG,train,8,hood,0.498069,0.322165,0.996139,0.64433,enhanced_detection
0638.JPEG,train,17,high,0.498069,0.322165,0.996139,0.64433,enhanced_detection
0638.JPEG,train,2,crack,0.805019,0.881443,0.382239,0.226804,enhanced_detection
0638.JPEG,train,6,front_bumper,0.805019,0.881443,0.382239,0.226804,enhanced_detection
0638.JPEG,train,16,medium,0.805019,0.881443,0.382239,0.226804,enhanced_detection
0638.JPEG,train,2,crack,0.335907,0.706186,0.671815,0.57732,enhanced_detection
0638.JPEG,train,6,front_bumper,0.335907,0.706186,0.671815,0.57732,enhanced_detection
0638.JPEG,train,16,medium,0.335907,0.706186,0.671815,0.57732,enhanced_detection
0638.JPEG,train,4,paint_damage,0.617761,0.798969,0.084942,0.082474,enhanced_detection
0638.JPEG,train,6,front_bumper,0.617761,0.798969,0.084942,0.082474,enhanced_detection
0638.JPEG,train,15,low,0.617761,0.798969,0.084942,0.082474,enhanced_detection
0638.JPEG,train,0,dent,0.480695,0.646907,0.142857,0.118557,enhanced_detection
0638.JPEG,train,13,side_panel,0.480695,0.646907,0.142857,0.118557,enhanced_detection
0638.JPEG,train,15,low,0.480695,0.646907,0.142857,0.118557,enhanced_detection
0639.JPEG,train,2,crack,0.167273,0.937158,0.152727,0.114754,enhanced_detection
0639.JPEG,train,6,front_bumper,0.167273,0.937158,0.152727,0.114754,enhanced_detection
0639.JPEG,train,15,low,0.167273,0.937158,0.152727,0.114754,enhanced_detection
0639.JPEG,train,0,dent,0.478182,0.928962,0.098182,0.131148,enhanced_detection
0639.JPEG,train,6,front_bumper,0.478182,0.928962,0.098182,0.131148,enhanced_detection
0639.JPEG,train,15,low,0.478182,0.928962,0.098182,0.131148,enhanced_detection
0639.JPEG,train,3,broken_part,0.225455,0.724044,0.283636,0.47541,enhanced_detection
0639.JPEG,train,10,left_door,0.225455,0.724044,0.283636,0.47541,enhanced_detection
0639.JPEG,train,16,medium,0.225455,0.724044,0.283636,0.47541,enhanced_detection
0639.JPEG,train,0,dent,0.563636,0.814208,0.363636,0.262295,enhanced_detection
0639.JPEG,train,6,front_bumper,0.563636,0.814208,0.363636,0.262295,enhanced_detection
0639.JPEG,train,16,medium,0.563636,0.814208,0.363636,0.262295,enhanced_detection
0640.JPEG,train,2,crack,0.593333,0.822222,0.804444,0.346667,enhanced_detection
0640.JPEG,train,6,front_bumper,0.593333,0.822222,0.804444,0.346667,enhanced_detection
0640.JPEG,train,17,high,0.593333,0.822222,0.804444,0.346667,enhanced_detection
0640.JPEG,train,2,crack,0.497778,0.215556,0.995556,0.075556,enhanced_detection
0640.JPEG,train,12,roof,0.497778,0.215556,0.995556,0.075556,enhanced_detection
0640.JPEG,train,16,medium,0.497778,0.215556,0.995556,0.075556,enhanced_detection
0640.JPEG,train,0,dent,0.562222,0.397778,0.866667,0.146667,enhanced_detection
0640.JPEG,train,8,hood,0.562222,0.397778,0.866667,0.146667,enhanced_detection
0640.JPEG,train,16,medium,0.562222,0.397778,0.866667,0.146667,enhanced_detection
0641.JPEG,train,0,dent,0.284615,0.713918,0.138462,0.170103,enhanced_detection
0641.JPEG,train,10,left_door,0.284615,0.713918,0.138462,0.170103,enhanced_detection
0641.JPEG,train,15,low,0.284615,0.713918,0.138462,0.170103,enhanced_detection
0645.JPEG,train,3,broken_part,0.102317,0.134021,0.204633,0.226804,enhanced_detection
0645.JPEG,train,7,rear_bumper,0.102317,0.134021,0.204633,0.226804,enhanced_detection
0645.JPEG,train,16,medium,0.102317,0.134021,0.204633,0.226804,enhanced_detection
0646.JPEG,train,2,crack,0.281853,0.497423,0.563707,0.994845,enhanced_detection
0646.JPEG,train,14,other_location,0.281853,0.497423,0.563707,0.994845,enhanced_detection
0646.JPEG,train,17,high,0.281853,0.497423,0.563707,0.994845,enhanced_detection
0646.JPEG,train,4,paint_damage,0.658301,0.342784,0.498069,0.685567,enhanced_detection
0646.JPEG,train,8,hood,0.658301,0.342784,0.498069,0.685567,enhanced_detection
0646.JPEG,train,17,high,0.658301,0.342784,0.498069,0.685567,enhanced_detection
0646.JPEG,train,0,dent,0.872587,0.515464,0.247104,0.247423,enhanced_detection
0646.JPEG,train,11,right_door,0.872587,0.515464,0.247104,0.247423,enhanced_detection
0646.JPEG,train,16,medium,0.872587,0.515464,0.247104,0.247423,enhanced_detection
0646.JPEG,train,0,dent,0.640927,0.726804,0.332046,0.536082,enhanced_detection
0646.JPEG,train,6,front_bumper,0.640927,0.726804,0.332046,0.536082,enhanced_detection
0646.JPEG,train,16,medium,0.640927,0.726804,0.332046,0.536082,enhanced_detection
0648.JPEG,train,3,broken_part,0.886646,0.945513,0.220497,0.096154,enhanced_detection
0648.JPEG,train,6,front_bumper,0.886646,0.945513,0.220497,0.096154,enhanced_detection
0648.JPEG,train,16,medium,0.886646,0.945513,0.220497,0.096154,enhanced_detection
0649.JPEG,train,2,crack,0.362928,0.347134,0.345794,0.261146,enhanced_detection
0649.JPEG,train,8,hood,0.362928,0.347134,0.345794,0.261146,enhanced_detection
0649.JPEG,train,16,medium,0.362928,0.347134,0.345794,0.261146,enhanced_detection
0651.JPEG,train,2,crack,0.03668,0.951031,0.073359,0.087629,enhanced_detection
0651.JPEG,train,13,side_panel,0.03668,0.951031,0.073359,0.087629,enhanced_detection
0651.JPEG,train,16,medium,0.03668,0.951031,0.073359,0.087629,enhanced_detection
0651.JPEG,train,2,crack,0.090734,0.858247,0.181467,0.201031,enhanced_detection
0651.JPEG,train,6,front_bumper,0.090734,0.858247,0.181467,0.201031,enhanced_detection
0651.JPEG,train,16,medium,0.090734,0.858247,0.181467,0.201031,enhanced_detection
0652.JPEG,train,2,crack,0.069498,0.03866,0.108108,0.07732,enhanced_detection
0652.JPEG,train,7,rear_bumper,0.069498,0.03866,0.108108,0.07732,enhanced_detection
0652.JPEG,train,16,medium,0.069498,0.03866,0.108108,0.07732,enhanced_detection
0652.JPEG,train,3,broken_part,0.449807,0.061856,0.088803,0.123711,enhanced_detection
0652.JPEG,train,7,rear_bumper,0.449807,0.061856,0.088803,0.123711,enhanced_detection
0652.JPEG,train,16,medium,0.449807,0.061856,0.088803,0.123711,enhanced_detection
0652.JPEG,train,3,broken_part,0.102317,0.899485,0.204633,0.190722,enhanced_detection
0652.JPEG,train,6,front_bumper,0.102317,0.899485,0.204633,0.190722,enhanced_detection
0652.JPEG,train,16,medium,0.102317,0.899485,0.204633,0.190722,enhanced_detection
0652.JPEG,train,3,broken_part,0.395753,0.701031,0.235521,0.443299,enhanced_detection
0652.JPEG,train,13,side_panel,0.395753,0.701031,0.235521,0.443299,enhanced_detection
0652.JPEG,train,16,medium,0.395753,0.701031,0.235521,0.443299,enhanced_detection
0652.JPEG,train,0,dent,0.196911,0.097938,0.138996,0.103093,enhanced_detection
0652.JPEG,train,7,rear_bumper,0.196911,0.097938,0.138996,0.103093,enhanced_detection
0652.JPEG,train,16,medium,0.196911,0.097938,0.138996,0.103093,enhanced_detection
0652.JPEG,train,2,crack,0.965251,0.149485,0.061776,0.216495,enhanced_detection
0652.JPEG,train,11,right_door,0.965251,0.149485,0.061776,0.216495,enhanced_detection
0652.JPEG,train,16,medium,0.965251,0.149485,0.061776,0.216495,enhanced_detection
0653.JPEG,train,0,dent,0.830116,0.917526,0.15444,0.154639,enhanced_detection
0653.JPEG,train,6,front_bumper,0.830116,0.917526,0.15444,0.154639,enhanced_detection
0653.JPEG,train,15,low,0.830116,0.917526,0.15444,0.154639,enhanced_detection
0653.JPEG,train,4,paint_damage,0.955598,0.896907,0.081081,0.195876,enhanced_detection
0653.JPEG,train,11,right_door,0.955598,0.896907,0.081081,0.195876,enhanced_detection
0653.JPEG,train,16,medium,0.955598,0.896907,0.081081,0.195876,enhanced_detection
0653.JPEG,train,3,broken_part,0.054054,0.548969,0.108108,0.118557,enhanced_detection
0653.JPEG,train,10,left_door,0.054054,0.548969,0.108108,0.118557,enhanced_detection
0653.JPEG,train,16,medium,0.054054,0.548969,0.108108,0.118557,enhanced_detection
0653.JPEG,train,4,paint_damage,0.07722,0.365979,0.15444,0.298969,enhanced_detection
0653.JPEG,train,10,left_door,0.07722,0.365979,0.15444,0.298969,enhanced_detection
0653.JPEG,train,16,medium,0.07722,0.365979,0.15444,0.298969,enhanced_detection
0653.JPEG,train,0,dent,0.913127,0.154639,0.119691,0.113402,enhanced_detection
0653.JPEG,train,11,right_door,0.913127,0.154639,0.119691,0.113402,enhanced_detection
0653.JPEG,train,15,low,0.913127,0.154639,0.119691,0.113402,enhanced_detection
0653.JPEG,train,0,dent,0.264479,0.507732,0.073359,0.07732,enhanced_detection
0653.JPEG,train,10,left_door,0.264479,0.507732,0.073359,0.07732,enhanced_detection
0653.JPEG,train,15,low,0.264479,0.507732,0.073359,0.07732,enhanced_detection
0654.JPEG,train,0,dent,0.393822,0.533505,0.084942,0.128866,enhanced_detection
0654.JPEG,train,13,side_panel,0.393822,0.533505,0.084942,0.128866,enhanced_detection
0654.JPEG,train,15,low,0.393822,0.533505,0.084942,0.128866,enhanced_detection
0654.JPEG,train,2,crack,0.310811,0.701031,0.081081,0.082474,enhanced_detection
0654.JPEG,train,13,side_panel,0.310811,0.701031,0.081081,0.082474,enhanced_detection
0654.JPEG,train,15,low,0.310811,0.701031,0.081081,0.082474,enhanced_detection
0654.JPEG,train,0,dent,0.677606,0.701031,0.142857,0.103093,enhanced_detection
0654.JPEG,train,13,side_panel,0.677606,0.701031,0.142857,0.103093,enhanced_detection
0654.JPEG,train,15,low,0.677606,0.701031,0.142857,0.103093,enhanced_detection
0655.JPEG,train,0,dent,0.185328,0.93299,0.123552,0.123711,enhanced_detection
0655.JPEG,train,6,front_bumper,0.185328,0.93299,0.123552,0.123711,enhanced_detection
0655.JPEG,train,16,medium,0.185328,0.93299,0.123552,0.123711,enhanced_detection
0655.JPEG,train,2,crack,0.530888,0.742268,0.467181,0.505155,enhanced_detection
0655.JPEG,train,6,front_bumper,0.530888,0.742268,0.467181,0.505155,enhanced_detection
0655.JPEG,train,17,high,0.530888,0.742268,0.467181,0.505155,enhanced_detection
0655.JPEG,train,2,crack,0.03861,0.244845,0.07722,0.149485,enhanced_detection
0655.JPEG,train,10,left_door,0.03861,0.244845,0.07722,0.149485,enhanced_detection
0655.JPEG,train,16,medium,0.03861,0.244845,0.07722,0.149485,enhanced_detection
0655.JPEG,train,0,dent,0.222008,0.298969,0.096525,0.103093,enhanced_detection
0655.JPEG,train,10,left_door,0.222008,0.298969,0.096525,0.103093,enhanced_detection
0655.JPEG,train,15,low,0.222008,0.298969,0.096525,0.103093,enhanced_detection
0656.JPEG,train,0,dent,0.892606,0.115169,0.207746,0.174157,enhanced_detection
0656.JPEG,train,7,rear_bumper,0.892606,0.115169,0.207746,0.174157,enhanced_detection
0656.JPEG,train,16,medium,0.892606,0.115169,0.207746,0.174157,enhanced_detection
0657.JPEG,train,2,crack,0.036364,0.153005,0.072727,0.10929,enhanced_detection
0657.JPEG,train,10,left_door,0.036364,0.153005,0.072727,0.10929,enhanced_detection
0657.JPEG,train,16,medium,0.036364,0.153005,0.072727,0.10929,enhanced_detection
0659.JPEG,train,3,broken_part,0.956186,0.065385,0.07732,0.084615,enhanced_detection
0659.JPEG,train,13,side_panel,0.956186,0.065385,0.07732,0.084615,enhanced_detection
0659.JPEG,train,16,medium,0.956186,0.065385,0.07732,0.084615,enhanced_detection
0659.JPEG,train,3,broken_part,0.056701,0.932692,0.113402,0.126923,enhanced_detection
0659.JPEG,train,6,front_bumper,0.056701,0.932692,0.113402,0.126923,enhanced_detection
0659.JPEG,train,16,medium,0.056701,0.932692,0.113402,0.126923,enhanced_detection
0659.JPEG,train,2,crack,0.497423,0.280769,0.994845,0.561538,enhanced_detection
0659.JPEG,train,8,hood,0.497423,0.280769,0.994845,0.561538,enhanced_detection
0659.JPEG,train,16,medium,0.497423,0.280769,0.994845,0.561538,enhanced_detection
0659.JPEG,train,2,crack,0.497423,0.688462,0.994845,0.569231,enhanced_detection
0659.JPEG,train,14,other_location,0.497423,0.688462,0.994845,0.569231,enhanced_detection
0659.JPEG,train,17,high,0.497423,0.688462,0.994845,0.569231,enhanced_detection
0659.JPEG,train,2,crack,0.39433,0.669231,0.170103,0.138462,enhanced_detection
0659.JPEG,train,13,side_panel,0.39433,0.669231,0.170103,0.138462,enhanced_detection
0659.JPEG,train,16,medium,0.39433,0.669231,0.170103,0.138462,enhanced_detection
0659.JPEG,train,0,dent,0.765464,0.615385,0.242268,0.161538,enhanced_detection
0659.JPEG,train,11,right_door,0.765464,0.615385,0.242268,0.161538,enhanced_detection
0659.JPEG,train,16,medium,0.765464,0.615385,0.242268,0.161538,enhanced_detection
0659.JPEG,train,2,crack,0.945876,0.913462,0.097938,0.088462,enhanced_detection
0659.JPEG,train,11,right_door,0.945876,0.913462,0.097938,0.088462,enhanced_detection
0659.JPEG,train,15,low,0.945876,0.913462,0.097938,0.088462,enhanced_detection
0660.JPEG,train,2,crack,0.498077,0.255155,0.996154,0.510309,enhanced_detection
0660.JPEG,train,8,hood,0.498077,0.255155,0.996154,0.510309,enhanced_detection
0660.JPEG,train,17,high,0.498077,0.255155,0.996154,0.510309,enhanced_detection
0660.JPEG,train,2,crack,0.503846,0.726804,0.984615,0.536082,enhanced_detection
0660.JPEG,train,6,front_bumper,0.503846,0.726804,0.984615,0.536082,enhanced_detection
0660.JPEG,train,17,high,0.503846,0.726804,0.984615,0.536082,enhanced_detection
0660.JPEG,train,0,dent,0.063462,0.752577,0.073077,0.14433,enhanced_detection
0660.JPEG,train,10,left_door,0.063462,0.752577,0.073077,0.14433,enhanced_detection
0660.JPEG,train,15,low,0.063462,0.752577,0.073077,0.14433,enhanced_detection
0660.JPEG,train,0,dent,0.057692,0.337629,0.084615,0.07732,enhanced_detection
0660.JPEG,train,10,left_door,0.057692,0.337629,0.084615,0.07732,enhanced_detection
0660.JPEG,train,15,low,0.057692,0.337629,0.084615,0.07732,enhanced_detection
0661.JPEG,train,0,dent,0.853282,0.886598,0.285714,0.216495,enhanced_detection
0661.JPEG,train,6,front_bumper,0.853282,0.886598,0.285714,0.216495,enhanced_detection
0661.JPEG,train,16,medium,0.853282,0.886598,0.285714,0.216495,enhanced_detection
0661.JPEG,train,0,dent,0.777992,0.858247,0.119691,0.159794,enhanced_detection
0661.JPEG,train,6,front_bumper,0.777992,0.858247,0.119691,0.159794,enhanced_detection
0661.JPEG,train,15,low,0.777992,0.858247,0.119691,0.159794,enhanced_detection
0661.JPEG,train,0,dent,0.955598,0.876289,0.081081,0.113402,enhanced_detection
0661.JPEG,train,11,right_door,0.955598,0.876289,0.081081,0.113402,enhanced_detection
0661.JPEG,train,15,low,0.955598,0.876289,0.081081,0.113402,enhanced_detection
0662.JPEG,train,0,dent,0.947876,0.680412,0.096525,0.123711,enhanced_detection
0662.JPEG,train,11,right_door,0.947876,0.680412,0.096525,0.123711,enhanced_detection
0662.JPEG,train,15,low,0.947876,0.680412,0.096525,0.123711,enhanced_detection
0663.JPEG,train,2,crack,0.503484,0.92,0.261324,0.148571,enhanced_detection
0663.JPEG,train,6,front_bumper,0.503484,0.92,0.261324,0.148571,enhanced_detection
0663.JPEG,train,15,low,0.503484,0.92,0.261324,0.148571,enhanced_detection
0664.JPEG,train,0,dent,0.358333,0.919643,0.11,0.10119,enhanced_detection
0664.JPEG,train,6,front_bumper,0.358333,0.919643,0.11,0.10119,enhanced_detection
0664.JPEG,train,15,low,0.358333,0.919643,0.11,0.10119,enhanced_detection
0665.JPEG,train,3,broken_part,0.828185,0.917526,0.305019,0.154639,enhanced_detection
0665.JPEG,train,6,front_bumper,0.828185,0.917526,0.305019,0.154639,enhanced_detection
0665.JPEG,train,16,medium,0.828185,0.917526,0.305019,0.154639,enhanced_detection
0665.JPEG,train,0,dent,0.249035,0.871134,0.181467,0.247423,enhanced_detection
0665.JPEG,train,6,front_bumper,0.249035,0.871134,0.181467,0.247423,enhanced_detection
0665.JPEG,train,15,low,0.249035,0.871134,0.181467,0.247423,enhanced_detection
0665.JPEG,train,2,crack,0.72973,0.134021,0.15444,0.082474,enhanced_detection
0665.JPEG,train,7,rear_bumper,0.72973,0.134021,0.15444,0.082474,enhanced_detection
0665.JPEG,train,16,medium,0.72973,0.134021,0.15444,0.082474,enhanced_detection
0665.JPEG,train,0,dent,0.438224,0.773196,0.235521,0.350515,enhanced_detection
0665.JPEG,train,6,front_bumper,0.438224,0.773196,0.235521,0.350515,enhanced_detection
0665.JPEG,train,16,medium,0.438224,0.773196,0.235521,0.350515,enhanced_detection
0665.JPEG,train,0,dent,0.117761,0.716495,0.166023,0.195876,enhanced_detection
0665.JPEG,train,10,left_door,0.117761,0.716495,0.166023,0.195876,enhanced_detection
0665.JPEG,train,15,low,0.117761,0.716495,0.166023,0.195876,enhanced_detection
0665.JPEG,train,0,dent,0.959459,0.239691,0.073359,0.479381,enhanced_detection
0665.JPEG,train,11,right_door,0.959459,0.239691,0.073359,0.479381,enhanced_detection
0665.JPEG,train,15,low,0.959459,0.239691,0.073359,0.479381,enhanced_detection
0666.JPEG,train,3,broken_part,0.868726,0.087629,0.254826,0.175258,enhanced_detection
0666.JPEG,train,7,rear_bumper,0.868726,0.087629,0.254826,0.175258,enhanced_detection
0666.JPEG,train,16,medium,0.868726,0.087629,0.254826,0.175258,enhanced_detection
0666.JPEG,train,4,paint_damage,0.158301,0.412371,0.316602,0.309278,enhanced_detection
0666.JPEG,train,10,left_door,0.158301,0.412371,0.316602,0.309278,enhanced_detection
0666.JPEG,train,17,high,0.158301,0.412371,0.316602,0.309278,enhanced_detection
0666.JPEG,train,2,crack,0.822394,0.226804,0.34749,0.14433,enhanced_detection
0666.JPEG,train,11,right_door,0.822394,0.226804,0.34749,0.14433,enhanced_detection
0666.JPEG,train,16,medium,0.822394,0.226804,0.34749,0.14433,enhanced_detection
0667.JPEG,train,2,crack,0.127273,0.04918,0.094545,0.098361,enhanced_detection
0667.JPEG,train,7,rear_bumper,0.127273,0.04918,0.094545,0.098361,enhanced_detection
0667.JPEG,train,16,medium,0.127273,0.04918,0.094545,0.098361,enhanced_detection
0667.JPEG,train,0,dent,0.447273,0.710383,0.101818,0.251366,enhanced_detection
0667.JPEG,train,13,side_panel,0.447273,0.710383,0.101818,0.251366,enhanced_detection
0667.JPEG,train,16,medium,0.447273,0.710383,0.101818,0.251366,enhanced_detection
0667.JPEG,train,2,crack,0.669091,0.513661,0.058182,0.185792,enhanced_detection
0667.JPEG,train,13,side_panel,0.669091,0.513661,0.058182,0.185792,enhanced_detection
0667.JPEG,train,15,low,0.669091,0.513661,0.058182,0.185792,enhanced_detection
0667.JPEG,train,0,dent,0.145455,0.89071,0.181818,0.20765,enhanced_detection
0667.JPEG,train,6,front_bumper,0.145455,0.89071,0.181818,0.20765,enhanced_detection
0667.JPEG,train,16,medium,0.145455,0.89071,0.181818,0.20765,enhanced_detection
0668.JPEG,train,2,crack,0.9,0.051913,0.192727,0.103825,enhanced_detection
0668.JPEG,train,7,rear_bumper,0.9,0.051913,0.192727,0.103825,enhanced_detection
0668.JPEG,train,16,medium,0.9,0.051913,0.192727,0.103825,enhanced_detection
0668.JPEG,train,3,broken_part,0.498182,0.920765,0.996364,0.147541,enhanced_detection
0668.JPEG,train,6,front_bumper,0.498182,0.920765,0.996364,0.147541,enhanced_detection
0668.JPEG,train,17,high,0.498182,0.920765,0.996364,0.147541,enhanced_detection
0668.JPEG,train,2,crack,0.498182,0.653005,0.996364,0.639344,enhanced_detection
0668.JPEG,train,14,other_location,0.498182,0.653005,0.996364,0.639344,enhanced_detection
0668.JPEG,train,17,high,0.498182,0.653005,0.996364,0.639344,enhanced_detection
0668.JPEG,train,3,broken_part,0.536364,0.128415,0.483636,0.256831,enhanced_detection
0668.JPEG,train,12,roof,0.536364,0.128415,0.483636,0.256831,enhanced_detection
0668.JPEG,train,16,medium,0.536364,0.128415,0.483636,0.256831,enhanced_detection
0668.JPEG,train,4,paint_damage,0.1,0.874317,0.076364,0.120219,enhanced_detection
0668.JPEG,train,6,front_bumper,0.1,0.874317,0.076364,0.120219,enhanced_detection
0668.JPEG,train,16,medium,0.1,0.874317,0.076364,0.120219,enhanced_detection
0670.JPEG,train,0,dent,0.949091,0.877049,0.094545,0.234973,enhanced_detection
0670.JPEG,train,11,right_door,0.949091,0.877049,0.094545,0.234973,enhanced_detection
0670.JPEG,train,15,low,0.949091,0.877049,0.094545,0.234973,enhanced_detection
0670.JPEG,train,0,dent,0.034545,0.516393,0.069091,0.081967,enhanced_detection
0670.JPEG,train,10,left_door,0.034545,0.516393,0.069091,0.081967,enhanced_detection
0670.JPEG,train,15,low,0.034545,0.516393,0.069091,0.081967,enhanced_detection
0672.JPEG,train,0,dent,0.498361,0.748485,0.072131,0.151515,enhanced_detection
0672.JPEG,train,6,front_bumper,0.498361,0.748485,0.072131,0.151515,enhanced_detection
0672.JPEG,train,15,low,0.498361,0.748485,0.072131,0.151515,enhanced_detection
0673.JPEG,train,0,dent,0.286232,0.865385,0.072464,0.093407,enhanced_detection
0673.JPEG,train,6,front_bumper,0.286232,0.865385,0.072464,0.093407,enhanced_detection
0673.JPEG,train,15,low,0.286232,0.865385,0.072464,0.093407,enhanced_detection
0676.JPEG,train,2,crack,0.501908,0.877604,0.438931,0.234375,enhanced_detection
0676.JPEG,train,6,front_bumper,0.501908,0.877604,0.438931,0.234375,enhanced_detection
0676.JPEG,train,16,medium,0.501908,0.877604,0.438931,0.234375,enhanced_detection
0676.JPEG,train,0,dent,0.041985,0.942708,0.083969,0.104167,enhanced_detection
0676.JPEG,train,13,side_panel,0.041985,0.942708,0.083969,0.104167,enhanced_detection
0676.JPEG,train,15,low,0.041985,0.942708,0.083969,0.104167,enhanced_detection
0676.JPEG,train,4,paint_damage,0.257634,0.940104,0.171756,0.109375,enhanced_detection
0676.JPEG,train,6,front_bumper,0.257634,0.940104,0.171756,0.109375,enhanced_detection
0676.JPEG,train,15,low,0.257634,0.940104,0.171756,0.109375,enhanced_detection
0676.JPEG,train,0,dent,0.454198,0.955729,0.083969,0.078125,enhanced_detection
0676.JPEG,train,6,front_bumper,0.454198,0.955729,0.083969,0.078125,enhanced_detection
0676.JPEG,train,15,low,0.454198,0.955729,0.083969,0.078125,enhanced_detection
0677.JPEG,train,0,dent,0.20073,0.779891,0.072993,0.092391,enhanced_detection
0677.JPEG,train,10,left_door,0.20073,0.779891,0.072993,0.092391,enhanced_detection
0677.JPEG,train,15,low,0.20073,0.779891,0.072993,0.092391,enhanced_detection
0678.JPEG,train,2,crack,0.185328,0.945876,0.108108,0.097938,enhanced_detection
0678.JPEG,train,6,front_bumper,0.185328,0.945876,0.108108,0.097938,enhanced_detection
0678.JPEG,train,16,medium,0.185328,0.945876,0.108108,0.097938,enhanced_detection
0679.JPEG,train,2,crack,0.814672,0.072165,0.15444,0.14433,enhanced_detection
0679.JPEG,train,7,rear_bumper,0.814672,0.072165,0.15444,0.14433,enhanced_detection
0679.JPEG,train,16,medium,0.814672,0.072165,0.15444,0.14433,enhanced_detection
0679.JPEG,train,0,dent,0.660232,0.896907,0.07722,0.123711,enhanced_detection
0679.JPEG,train,6,front_bumper,0.660232,0.896907,0.07722,0.123711,enhanced_detection
0679.JPEG,train,15,low,0.660232,0.896907,0.07722,0.123711,enhanced_detection
0679.JPEG,train,0,dent,0.239382,0.664948,0.100386,0.154639,enhanced_detection
0679.JPEG,train,10,left_door,0.239382,0.664948,0.100386,0.154639,enhanced_detection
0679.JPEG,train,15,low,0.239382,0.664948,0.100386,0.154639,enhanced_detection
0681.JPEG,train,0,dent,0.358182,0.336066,0.105455,0.114754,enhanced_detection
0681.JPEG,train,8,hood,0.358182,0.336066,0.105455,0.114754,enhanced_detection
0681.JPEG,train,15,low,0.358182,0.336066,0.105455,0.114754,enhanced_detection
0682.JPEG,train,2,crack,0.028958,0.154639,0.057915,0.278351,enhanced_detection
0682.JPEG,train,10,left_door,0.028958,0.154639,0.057915,0.278351,enhanced_detection
0682.JPEG,train,15,low,0.028958,0.154639,0.057915,0.278351,enhanced_detection
0684.JPEG,train,0,dent,0.96139,0.265464,0.069498,0.139175,enhanced_detection
0684.JPEG,train,11,right_door,0.96139,0.265464,0.069498,0.139175,enhanced_detection
0684.JPEG,train,15,low,0.96139,0.265464,0.069498,0.139175,enhanced_detection
0685.JPEG,train,0,dent,0.497423,0.73166,0.139175,0.104247,enhanced_detection
0685.JPEG,train,6,front_bumper,0.497423,0.73166,0.139175,0.104247,enhanced_detection
0685.JPEG,train,15,low,0.497423,0.73166,0.139175,0.104247,enhanced_detection
0686.JPEG,train,2,crack,0.667308,0.760309,0.180769,0.324742,enhanced_detection
0686.JPEG,train,6,front_bumper,0.667308,0.760309,0.180769,0.324742,enhanced_detection
0686.JPEG,train,16,medium,0.667308,0.760309,0.180769,0.324742,enhanced_detection
0686.JPEG,train,0,dent,0.721154,0.564433,0.096154,0.097938,enhanced_detection
0686.JPEG,train,11,right_door,0.721154,0.564433,0.096154,0.097938,enhanced_detection
0686.JPEG,train,15,low,0.721154,0.564433,0.096154,0.097938,enhanced_detection
0686.JPEG,train,0,dent,0.925,0.68299,0.111538,0.097938,enhanced_detection
0686.JPEG,train,11,right_door,0.925,0.68299,0.111538,0.097938,enhanced_detection
0686.JPEG,train,15,low,0.925,0.68299,0.111538,0.097938,enhanced_detection
0687.JPEG,train,2,crack,0.891892,0.945876,0.208494,0.097938,enhanced_detection
0687.JPEG,train,6,front_bumper,0.891892,0.945876,0.208494,0.097938,enhanced_detection
0687.JPEG,train,16,medium,0.891892,0.945876,0.208494,0.097938,enhanced_detection
0687.JPEG,train,0,dent,0.15444,0.693299,0.30888,0.21134,enhanced_detection
0687.JPEG,train,10,left_door,0.15444,0.693299,0.30888,0.21134,enhanced_detection
0687.JPEG,train,15,low,0.15444,0.693299,0.30888,0.21134,enhanced_detection
0688.JPEG,train,2,crack,0.410473,0.923529,0.226351,0.141176,enhanced_detection
0688.JPEG,train,6,front_bumper,0.410473,0.923529,0.226351,0.141176,enhanced_detection
0688.JPEG,train,16,medium,0.410473,0.923529,0.226351,0.141176,enhanced_detection
0688.JPEG,train,0,dent,0.16723,0.926471,0.219595,0.135294,enhanced_detection
0688.JPEG,train,6,front_bumper,0.16723,0.926471,0.219595,0.135294,enhanced_detection
0688.JPEG,train,15,low,0.16723,0.926471,0.219595,0.135294,enhanced_detection
0689.JPEG,train,2,crack,0.498069,0.365979,0.996139,0.731959,enhanced_detection
0689.JPEG,train,14,other_location,0.498069,0.365979,0.996139,0.731959,enhanced_detection
0689.JPEG,train,17,high,0.498069,0.365979,0.996139,0.731959,enhanced_detection
0689.JPEG,train,0,dent,0.880309,0.878866,0.23166,0.231959,enhanced_detection
0689.JPEG,train,6,front_bumper,0.880309,0.878866,0.23166,0.231959,enhanced_detection
0689.JPEG,train,15,low,0.880309,0.878866,0.23166,0.231959,enhanced_detection
0689.JPEG,train,0,dent,0.598456,0.590206,0.162162,0.149485,enhanced_detection
0689.JPEG,train,13,side_panel,0.598456,0.590206,0.162162,0.149485,enhanced_detection
0689.JPEG,train,15,low,0.598456,0.590206,0.162162,0.149485,enhanced_detection
0689.JPEG,train,0,dent,0.428571,0.89433,0.285714,0.201031,enhanced_detection
0689.JPEG,train,6,front_bumper,0.428571,0.89433,0.285714,0.201031,enhanced_detection
0689.JPEG,train,15,low,0.428571,0.89433,0.285714,0.201031,enhanced_detection
0689.JPEG,train,0,dent,0.675676,0.878866,0.23166,0.231959,enhanced_detection
0689.JPEG,train,6,front_bumper,0.675676,0.878866,0.23166,0.231959,enhanced_detection
0689.JPEG,train,15,low,0.675676,0.878866,0.23166,0.231959,enhanced_detection
0689.JPEG,train,0,dent,0.129344,0.847938,0.258687,0.293814,enhanced_detection
0689.JPEG,train,6,front_bumper,0.129344,0.847938,0.258687,0.293814,enhanced_detection
0689.JPEG,train,16,medium,0.129344,0.847938,0.258687,0.293814,enhanced_detection
0689.JPEG,train,0,dent,0.747104,0.543814,0.088803,0.118557,enhanced_detection
0689.JPEG,train,11,right_door,0.747104,0.543814,0.088803,0.118557,enhanced_detection
0689.JPEG,train,15,low,0.747104,0.543814,0.088803,0.118557,enhanced_detection
0689.JPEG,train,0,dent,0.965251,0.56701,0.061776,0.113402,enhanced_detection
0689.JPEG,train,11,right_door,0.965251,0.56701,0.061776,0.113402,enhanced_detection
0689.JPEG,train,15,low,0.965251,0.56701,0.061776,0.113402,enhanced_detection
0689.JPEG,train,0,dent,0.513514,0.832474,0.092664,0.139175,enhanced_detection
0689.JPEG,train,6,front_bumper,0.513514,0.832474,0.092664,0.139175,enhanced_detection
0689.JPEG,train,15,low,0.513514,0.832474,0.092664,0.139175,enhanced_detection
0690.JPEG,train,0,dent,0.868726,0.677835,0.254826,0.180412,enhanced_detection
0690.JPEG,train,11,right_door,0.868726,0.677835,0.254826,0.180412,enhanced_detection
0690.JPEG,train,15,low,0.868726,0.677835,0.254826,0.180412,enhanced_detection
0692.JPEG,train,0,dent,0.071429,0.061856,0.142857,0.123711,enhanced_detection
0692.JPEG,train,7,rear_bumper,0.071429,0.061856,0.142857,0.123711,enhanced_detection
0692.JPEG,train,15,low,0.071429,0.061856,0.142857,0.123711,enhanced_detection
0692.JPEG,train,0,dent,0.750965,0.878866,0.490347,0.231959,enhanced_detection
0692.JPEG,train,6,front_bumper,0.750965,0.878866,0.490347,0.231959,enhanced_detection
0692.JPEG,train,16,medium,0.750965,0.878866,0.490347,0.231959,enhanced_detection
0692.JPEG,train,0,dent,0.895753,0.703608,0.092664,0.108247,enhanced_detection
0692.JPEG,train,11,right_door,0.895753,0.703608,0.092664,0.108247,enhanced_detection
0692.JPEG,train,15,low,0.895753,0.703608,0.092664,0.108247,enhanced_detection
0692.JPEG,train,2,crack,0.030888,0.445876,0.061776,0.097938,enhanced_detection
0692.JPEG,train,10,left_door,0.030888,0.445876,0.061776,0.097938,enhanced_detection
0692.JPEG,train,15,low,0.030888,0.445876,0.061776,0.097938,enhanced_detection
0692.JPEG,train,0,dent,0.835907,0.752577,0.065637,0.082474,enhanced_detection
0692.JPEG,train,11,right_door,0.835907,0.752577,0.065637,0.082474,enhanced_detection
0692.JPEG,train,15,low,0.835907,0.752577,0.065637,0.082474,enhanced_detection
0692.JPEG,train,2,crack,0.110039,0.829897,0.220077,0.082474,enhanced_detection
0692.JPEG,train,10,left_door,0.110039,0.829897,0.220077,0.082474,enhanced_detection
0692.JPEG,train,15,low,0.110039,0.829897,0.220077,0.082474,enhanced_detection
0693.JPEG,train,4,paint_damage,0.955598,0.252577,0.081081,0.164948,enhanced_detection
0693.JPEG,train,11,right_door,0.955598,0.252577,0.081081,0.164948,enhanced_detection
0693.JPEG,train,16,medium,0.955598,0.252577,0.081081,0.164948,enhanced_detection
0693.JPEG,train,3,broken_part,0.855212,0.092784,0.281853,0.185567,enhanced_detection
0693.JPEG,train,7,rear_bumper,0.855212,0.092784,0.281853,0.185567,enhanced_detection
0693.JPEG,train,16,medium,0.855212,0.092784,0.281853,0.185567,enhanced_detection
0693.JPEG,train,2,crack,0.611969,0.048969,0.081081,0.097938,enhanced_detection
0693.JPEG,train,7,rear_bumper,0.611969,0.048969,0.081081,0.097938,enhanced_detection
0693.JPEG,train,16,medium,0.611969,0.048969,0.081081,0.097938,enhanced_detection
0693.JPEG,train,0,dent,0.496139,0.67268,0.474903,0.427835,enhanced_detection
0693.JPEG,train,13,side_panel,0.496139,0.67268,0.474903,0.427835,enhanced_detection
0693.JPEG,train,16,medium,0.496139,0.67268,0.474903,0.427835,enhanced_detection
0693.JPEG,train,2,crack,0.048263,0.742268,0.096525,0.123711,enhanced_detection
0693.JPEG,train,10,left_door,0.048263,0.742268,0.096525,0.123711,enhanced_detection
0693.JPEG,train,16,medium,0.048263,0.742268,0.096525,0.123711,enhanced_detection
0693.JPEG,train,0,dent,0.196911,0.507732,0.146718,0.097938,enhanced_detection
0693.JPEG,train,10,left_door,0.196911,0.507732,0.146718,0.097938,enhanced_detection
0693.JPEG,train,15,low,0.196911,0.507732,0.146718,0.097938,enhanced_detection
0693.JPEG,train,0,dent,0.600386,0.768041,0.057915,0.082474,enhanced_detection
0693.JPEG,train,6,front_bumper,0.600386,0.768041,0.057915,0.082474,enhanced_detection
0693.JPEG,train,15,low,0.600386,0.768041,0.057915,0.082474,enhanced_detection
0693.JPEG,train,0,dent,0.967181,0.865979,0.057915,0.103093,enhanced_detection
0693.JPEG,train,11,right_door,0.967181,0.865979,0.057915,0.103093,enhanced_detection
0693.JPEG,train,15,low,0.967181,0.865979,0.057915,0.103093,enhanced_detection
0694.JPEG,train,2,crack,0.138182,0.043716,0.276364,0.087432,enhanced_detection
0694.JPEG,train,7,rear_bumper,0.138182,0.043716,0.276364,0.087432,enhanced_detection
0694.JPEG,train,16,medium,0.138182,0.043716,0.276364,0.087432,enhanced_detection
0694.JPEG,train,0,dent,0.150909,0.213115,0.301818,0.360656,enhanced_detection
0694.JPEG,train,10,left_door,0.150909,0.213115,0.301818,0.360656,enhanced_detection
0694.JPEG,train,16,medium,0.150909,0.213115,0.301818,0.360656,enhanced_detection
0694.JPEG,train,2,crack,0.078182,0.680328,0.156364,0.442623,enhanced_detection
0694.JPEG,train,10,left_door,0.078182,0.680328,0.156364,0.442623,enhanced_detection
0694.JPEG,train,16,medium,0.078182,0.680328,0.156364,0.442623,enhanced_detection
0694.JPEG,train,0,dent,0.161818,0.439891,0.185455,0.180328,enhanced_detection
0694.JPEG,train,10,left_door,0.161818,0.439891,0.185455,0.180328,enhanced_detection
0694.JPEG,train,16,medium,0.161818,0.439891,0.185455,0.180328,enhanced_detection
0696.JPEG,train,2,crack,0.498016,0.9525,0.488095,0.085,enhanced_detection
0696.JPEG,train,6,front_bumper,0.498016,0.9525,0.488095,0.085,enhanced_detection
0696.JPEG,train,16,medium,0.498016,0.9525,0.488095,0.085,enhanced_detection
0699.JPEG,train,2,crack,0.743243,0.713918,0.505792,0.314433,enhanced_detection
0699.JPEG,train,11,right_door,0.743243,0.713918,0.505792,0.314433,enhanced_detection
0699.JPEG,train,16,medium,0.743243,0.713918,0.505792,0.314433,enhanced_detection
0699.JPEG,train,0,dent,0.140927,0.876289,0.220077,0.154639,enhanced_detection
0699.JPEG,train,6,front_bumper,0.140927,0.876289,0.220077,0.154639,enhanced_detection
0699.JPEG,train,15,low,0.140927,0.876289,0.220077,0.154639,enhanced_detection
0699.JPEG,train,2,crack,0.370656,0.762887,0.30888,0.175258,enhanced_detection
0699.JPEG,train,6,front_bumper,0.370656,0.762887,0.30888,0.175258,enhanced_detection
0699.JPEG,train,16,medium,0.370656,0.762887,0.30888,0.175258,enhanced_detection
0700.jpeg,train,2,crack,0.498069,0.280928,0.996139,0.561856,enhanced_detection
0700.jpeg,train,8,hood,0.498069,0.280928,0.996139,0.561856,enhanced_detection
0700.jpeg,train,17,high,0.498069,0.280928,0.996139,0.561856,enhanced_detection
0700.jpeg,train,2,crack,0.918919,0.185567,0.15444,0.371134,enhanced_detection
0700.jpeg,train,11,right_door,0.918919,0.185567,0.15444,0.371134,enhanced_detection
0700.jpeg,train,16,medium,0.918919,0.185567,0.15444,0.371134,enhanced_detection
0700.jpeg,train,0,dent,0.46332,0.510309,0.42471,0.57732,enhanced_detection
0700.jpeg,train,13,side_panel,0.46332,0.510309,0.42471,0.57732,enhanced_detection
0700.jpeg,train,16,medium,0.46332,0.510309,0.42471,0.57732,enhanced_detection
0700.jpeg,train,0,dent,0.696911,0.631443,0.158301,0.242268,enhanced_detection
0700.jpeg,train,11,right_door,0.696911,0.631443,0.158301,0.242268,enhanced_detection
0700.jpeg,train,15,low,0.696911,0.631443,0.158301,0.242268,enhanced_detection
0700.jpeg,train,2,crack,0.498069,0.765464,0.996139,0.180412,enhanced_detection
0700.jpeg,train,6,front_bumper,0.498069,0.765464,0.996139,0.180412,enhanced_detection
0700.jpeg,train,17,high,0.498069,0.765464,0.996139,0.180412,enhanced_detection
0703.JPEG,train,2,crack,0.073333,0.78869,0.146667,0.410714,enhanced_detection
0703.JPEG,train,10,left_door,0.073333,0.78869,0.146667,0.410714,enhanced_detection
0703.JPEG,train,16,medium,0.073333,0.78869,0.146667,0.410714,enhanced_detection
0703.JPEG,train,0,dent,0.633333,0.116071,0.313333,0.232143,enhanced_detection
0703.JPEG,train,12,roof,0.633333,0.116071,0.313333,0.232143,enhanced_detection
0703.JPEG,train,16,medium,0.633333,0.116071,0.313333,0.232143,enhanced_detection
0703.JPEG,train,0,dent,0.853333,0.901786,0.286667,0.14881,enhanced_detection
0703.JPEG,train,6,front_bumper,0.853333,0.901786,0.286667,0.14881,enhanced_detection
0703.JPEG,train,15,low,0.853333,0.901786,0.286667,0.14881,enhanced_detection
0703.JPEG,train,0,dent,0.905,0.172619,0.123333,0.297619,enhanced_detection
0703.JPEG,train,11,right_door,0.905,0.172619,0.123333,0.297619,enhanced_detection
0703.JPEG,train,15,low,0.905,0.172619,0.123333,0.297619,enhanced_detection
0703.JPEG,train,0,dent,0.781667,0.127976,0.123333,0.220238,enhanced_detection
0703.JPEG,train,12,roof,0.781667,0.127976,0.123333,0.220238,enhanced_detection
0703.JPEG,train,15,low,0.781667,0.127976,0.123333,0.220238,enhanced_detection
0705.jpeg,train,2,crack,0.918919,0.389175,0.15444,0.407216,enhanced_detection
0705.jpeg,train,11,right_door,0.918919,0.389175,0.15444,0.407216,enhanced_detection
0705.jpeg,train,16,medium,0.918919,0.389175,0.15444,0.407216,enhanced_detection
0705.jpeg,train,0,dent,0.783784,0.384021,0.108108,0.097938,enhanced_detection
0705.jpeg,train,11,right_door,0.783784,0.384021,0.108108,0.097938,enhanced_detection
0705.jpeg,train,15,low,0.783784,0.384021,0.108108,0.097938,enhanced_detection
0707.JPEG,train,3,broken_part,0.167954,0.868557,0.335907,0.252577,enhanced_detection
0707.JPEG,train,6,front_bumper,0.167954,0.868557,0.335907,0.252577,enhanced_detection
0707.JPEG,train,16,medium,0.167954,0.868557,0.335907,0.252577,enhanced_detection
0707.JPEG,train,0,dent,0.932432,0.806701,0.127413,0.108247,enhanced_detection
0707.JPEG,train,11,right_door,0.932432,0.806701,0.127413,0.108247,enhanced_detection
0707.JPEG,train,15,low,0.932432,0.806701,0.127413,0.108247,enhanced_detection
0709.JPEG,train,2,crack,0.891892,0.193299,0.208494,0.386598,enhanced_detection
0709.JPEG,train,11,right_door,0.891892,0.193299,0.208494,0.386598,enhanced_detection
0709.JPEG,train,16,medium,0.891892,0.193299,0.208494,0.386598,enhanced_detection
0709.JPEG,train,4,paint_damage,0.104247,0.164948,0.208494,0.329897,enhanced_detection
0709.JPEG,train,10,left_door,0.104247,0.164948,0.208494,0.329897,enhanced_detection
0709.JPEG,train,16,medium,0.104247,0.164948,0.208494,0.329897,enhanced_detection
0709.JPEG,train,3,broken_part,0.312741,0.631443,0.625483,0.726804,enhanced_detection
0709.JPEG,train,13,side_panel,0.312741,0.631443,0.625483,0.726804,enhanced_detection
0709.JPEG,train,17,high,0.312741,0.631443,0.625483,0.726804,enhanced_detection
0709.JPEG,train,2,crack,0.72973,0.082474,0.092664,0.164948,enhanced_detection
0709.JPEG,train,7,rear_bumper,0.72973,0.082474,0.092664,0.164948,enhanced_detection
0709.JPEG,train,16,medium,0.72973,0.082474,0.092664,0.164948,enhanced_detection
0709.JPEG,train,0,dent,0.857143,0.847938,0.277992,0.293814,enhanced_detection
0709.JPEG,train,6,front_bumper,0.857143,0.847938,0.277992,0.293814,enhanced_detection
0709.JPEG,train,16,medium,0.857143,0.847938,0.277992,0.293814,enhanced_detection
0709.JPEG,train,0,dent,0.660232,0.56701,0.486486,0.71134,enhanced_detection
0709.JPEG,train,13,side_panel,0.660232,0.56701,0.486486,0.71134,enhanced_detection
0709.JPEG,train,16,medium,0.660232,0.56701,0.486486,0.71134,enhanced_detection
0709.JPEG,train,0,dent,0.22973,0.203608,0.088803,0.097938,enhanced_detection
0709.JPEG,train,12,roof,0.22973,0.203608,0.088803,0.097938,enhanced_detection
0709.JPEG,train,15,low,0.22973,0.203608,0.088803,0.097938,enhanced_detection
0709.JPEG,train,0,dent,0.3861,0.162371,0.123552,0.170103,enhanced_detection
0709.JPEG,train,12,roof,0.3861,0.162371,0.123552,0.170103,enhanced_detection
0709.JPEG,train,15,low,0.3861,0.162371,0.123552,0.170103,enhanced_detection
0709.JPEG,train,0,dent,0.457529,0.536082,0.096525,0.113402,enhanced_detection
0709.JPEG,train,13,side_panel,0.457529,0.536082,0.096525,0.113402,enhanced_detection
0709.JPEG,train,15,low,0.457529,0.536082,0.096525,0.113402,enhanced_detection
0710.jpeg,train,0,dent,0.862876,0.547619,0.107023,0.166667,enhanced_detection
0710.jpeg,train,11,right_door,0.862876,0.547619,0.107023,0.166667,enhanced_detection
0710.jpeg,train,15,low,0.862876,0.547619,0.107023,0.166667,enhanced_detection
0711.JPEG,train,4,paint_damage,0.893116,0.751366,0.206522,0.36612,enhanced_detection
0711.JPEG,train,11,right_door,0.893116,0.751366,0.206522,0.36612,enhanced_detection
0711.JPEG,train,16,medium,0.893116,0.751366,0.206522,0.36612,enhanced_detection
0711.JPEG,train,2,crack,0.768116,0.639344,0.086957,0.185792,enhanced_detection
0711.JPEG,train,11,right_door,0.768116,0.639344,0.086957,0.185792,enhanced_detection
0711.JPEG,train,15,low,0.768116,0.639344,0.086957,0.185792,enhanced_detection
0711.JPEG,train,2,crack,0.894928,0.336066,0.202899,0.606557,enhanced_detection
0711.JPEG,train,11,right_door,0.894928,0.336066,0.202899,0.606557,enhanced_detection
0711.JPEG,train,16,medium,0.894928,0.336066,0.202899,0.606557,enhanced_detection
0711.JPEG,train,4,paint_damage,0.585145,0.844262,0.235507,0.169399,enhanced_detection
0711.JPEG,train,6,front_bumper,0.585145,0.844262,0.235507,0.169399,enhanced_detection
0711.JPEG,train,15,low,0.585145,0.844262,0.235507,0.169399,enhanced_detection
0711.JPEG,train,2,crack,0.498188,0.857923,0.996377,0.273224,enhanced_detection
0711.JPEG,train,6,front_bumper,0.498188,0.857923,0.996377,0.273224,enhanced_detection
0711.JPEG,train,16,medium,0.498188,0.857923,0.996377,0.273224,enhanced_detection
0711.JPEG,train,2,crack,0.326087,0.704918,0.108696,0.10929,enhanced_detection
0711.JPEG,train,13,side_panel,0.326087,0.704918,0.108696,0.10929,enhanced_detection
0711.JPEG,train,15,low,0.326087,0.704918,0.108696,0.10929,enhanced_detection
0711.JPEG,train,0,dent,0.699275,0.770492,0.108696,0.10929,enhanced_detection
0711.JPEG,train,6,front_bumper,0.699275,0.770492,0.108696,0.10929,enhanced_detection
0711.JPEG,train,15,low,0.699275,0.770492,0.108696,0.10929,enhanced_detection
0711.JPEG,train,0,dent,0.943841,0.918033,0.105072,0.098361,enhanced_detection
0711.JPEG,train,11,right_door,0.943841,0.918033,0.105072,0.098361,enhanced_detection
0711.JPEG,train,15,low,0.943841,0.918033,0.105072,0.098361,enhanced_detection
0712.JPEG,train,2,crack,0.932432,0.079897,0.127413,0.159794,enhanced_detection
0712.JPEG,train,7,rear_bumper,0.932432,0.079897,0.127413,0.159794,enhanced_detection
0712.JPEG,train,16,medium,0.932432,0.079897,0.127413,0.159794,enhanced_detection
0712.JPEG,train,0,dent,0.353282,0.904639,0.258687,0.180412,enhanced_detection
0712.JPEG,train,6,front_bumper,0.353282,0.904639,0.258687,0.180412,enhanced_detection
0712.JPEG,train,16,medium,0.353282,0.904639,0.258687,0.180412,enhanced_detection
0712.JPEG,train,3,broken_part,0.602317,0.948454,0.293436,0.092784,enhanced_detection
0712.JPEG,train,6,front_bumper,0.602317,0.948454,0.293436,0.092784,enhanced_detection
0712.JPEG,train,16,medium,0.602317,0.948454,0.293436,0.092784,enhanced_detection
0712.JPEG,train,3,broken_part,0.096525,0.618557,0.19305,0.381443,enhanced_detection
0712.JPEG,train,10,left_door,0.096525,0.618557,0.19305,0.381443,enhanced_detection
0712.JPEG,train,16,medium,0.096525,0.618557,0.19305,0.381443,enhanced_detection
0713.JPEG,train,2,crack,0.276364,0.786885,0.247273,0.415301,enhanced_detection
0713.JPEG,train,6,front_bumper,0.276364,0.786885,0.247273,0.415301,enhanced_detection
0713.JPEG,train,16,medium,0.276364,0.786885,0.247273,0.415301,enhanced_detection
0713.JPEG,train,2,crack,0.145455,0.79235,0.290909,0.404372,enhanced_detection
0713.JPEG,train,10,left_door,0.145455,0.79235,0.290909,0.404372,enhanced_detection
0713.JPEG,train,16,medium,0.145455,0.79235,0.290909,0.404372,enhanced_detection
0713.JPEG,train,2,crack,0.909091,0.327869,0.174545,0.655738,enhanced_detection
0713.JPEG,train,11,right_door,0.909091,0.327869,0.174545,0.655738,enhanced_detection
0713.JPEG,train,16,medium,0.909091,0.327869,0.174545,0.655738,enhanced_detection
0713.JPEG,train,2,crack,0.267273,0.581967,0.069091,0.092896,enhanced_detection
0713.JPEG,train,10,left_door,0.267273,0.581967,0.069091,0.092896,enhanced_detection
0713.JPEG,train,16,medium,0.267273,0.581967,0.069091,0.092896,enhanced_detection
0713.JPEG,train,2,crack,0.045455,0.297814,0.090909,0.234973,enhanced_detection
0713.JPEG,train,10,left_door,0.045455,0.297814,0.090909,0.234973,enhanced_detection
0713.JPEG,train,16,medium,0.045455,0.297814,0.090909,0.234973,enhanced_detection
0715.JPEG,train,0,dent,0.158301,0.863402,0.316602,0.262887,enhanced_detection
0715.JPEG,train,6,front_bumper,0.158301,0.863402,0.316602,0.262887,enhanced_detection
0715.JPEG,train,16,medium,0.158301,0.863402,0.316602,0.262887,enhanced_detection
0716.jpeg,train,2,crack,0.193333,0.577381,0.386667,0.380952,enhanced_detection
0716.jpeg,train,10,left_door,0.193333,0.577381,0.386667,0.380952,enhanced_detection
0716.jpeg,train,16,medium,0.193333,0.577381,0.386667,0.380952,enhanced_detection
0719.JPEG,train,4,paint_damage,0.934426,0.670909,0.120219,0.12,enhanced_detection
0719.JPEG,train,11,right_door,0.934426,0.670909,0.120219,0.12,enhanced_detection
0719.JPEG,train,16,medium,0.934426,0.670909,0.120219,0.12,enhanced_detection
0719.JPEG,train,2,crack,0.497268,0.316364,0.994536,0.254545,enhanced_detection
0719.JPEG,train,8,hood,0.497268,0.316364,0.994536,0.254545,enhanced_detection
0719.JPEG,train,16,medium,0.497268,0.316364,0.994536,0.254545,enhanced_detection
0719.JPEG,train,2,crack,0.497268,0.081818,0.994536,0.163636,enhanced_detection
0719.JPEG,train,7,rear_bumper,0.497268,0.081818,0.994536,0.163636,enhanced_detection
0719.JPEG,train,16,medium,0.497268,0.081818,0.994536,0.163636,enhanced_detection
0719.JPEG,train,4,paint_damage,0.896175,0.934545,0.196721,0.123636,enhanced_detection
0719.JPEG,train,6,front_bumper,0.896175,0.934545,0.196721,0.123636,enhanced_detection
0719.JPEG,train,16,medium,0.896175,0.934545,0.196721,0.123636,enhanced_detection
0719.JPEG,train,4,paint_damage,0.333333,0.830909,0.666667,0.330909,enhanced_detection
0719.JPEG,train,6,front_bumper,0.333333,0.830909,0.666667,0.330909,enhanced_detection
0719.JPEG,train,17,high,0.333333,0.830909,0.666667,0.330909,enhanced_detection
0719.JPEG,train,0,dent,0.36612,0.234545,0.131148,0.098182,enhanced_detection
0719.JPEG,train,9,windshield,0.36612,0.234545,0.131148,0.098182,enhanced_detection
0719.JPEG,train,16,medium,0.36612,0.234545,0.131148,0.098182,enhanced_detection
0720.JPEG,train,2,crack,0.743494,0.603723,0.237918,0.345745,enhanced_detection
0720.JPEG,train,11,right_door,0.743494,0.603723,0.237918,0.345745,enhanced_detection
0720.JPEG,train,17,high,0.743494,0.603723,0.237918,0.345745,enhanced_detection
0720.JPEG,train,0,dent,0.914498,0.81383,0.163569,0.255319,enhanced_detection
0720.JPEG,train,11,right_door,0.914498,0.81383,0.163569,0.255319,enhanced_detection
0720.JPEG,train,15,low,0.914498,0.81383,0.163569,0.255319,enhanced_detection
0720.JPEG,train,4,paint_damage,0.624535,0.797872,0.118959,0.244681,enhanced_detection
0720.JPEG,train,6,front_bumper,0.624535,0.797872,0.118959,0.244681,enhanced_detection
0720.JPEG,train,16,medium,0.624535,0.797872,0.118959,0.244681,enhanced_detection
0720.JPEG,train,0,dent,0.174721,0.164894,0.089219,0.106383,enhanced_detection
0720.JPEG,train,7,rear_bumper,0.174721,0.164894,0.089219,0.106383,enhanced_detection
0720.JPEG,train,15,low,0.174721,0.164894,0.089219,0.106383,enhanced_detection
0721.JPEG,train,2,crack,0.565385,0.871134,0.376923,0.247423,enhanced_detection
0721.JPEG,train,6,front_bumper,0.565385,0.871134,0.376923,0.247423,enhanced_detection
0721.JPEG,train,17,high,0.565385,0.871134,0.376923,0.247423,enhanced_detection
0721.JPEG,train,0,dent,0.825,0.938144,0.073077,0.113402,enhanced_detection
0721.JPEG,train,6,front_bumper,0.825,0.938144,0.073077,0.113402,enhanced_detection
0721.JPEG,train,15,low,0.825,0.938144,0.073077,0.113402,enhanced_detection
0721.JPEG,train,2,crack,0.940385,0.798969,0.111538,0.391753,enhanced_detection
0721.JPEG,train,11,right_door,0.940385,0.798969,0.111538,0.391753,enhanced_detection
0721.JPEG,train,16,medium,0.940385,0.798969,0.111538,0.391753,enhanced_detection
0721.JPEG,train,0,dent,0.303846,0.384021,0.084615,0.097938,enhanced_detection
0721.JPEG,train,10,left_door,0.303846,0.384021,0.084615,0.097938,enhanced_detection
0721.JPEG,train,15,low,0.303846,0.384021,0.084615,0.097938,enhanced_detection
0722.JPEG,train,2,crack,0.138996,0.072165,0.169884,0.14433,enhanced_detection
0722.JPEG,train,7,rear_bumper,0.138996,0.072165,0.169884,0.14433,enhanced_detection
0722.JPEG,train,16,medium,0.138996,0.072165,0.169884,0.14433,enhanced_detection
0722.JPEG,train,0,dent,0.326255,0.878866,0.220077,0.231959,enhanced_detection
0722.JPEG,train,6,front_bumper,0.326255,0.878866,0.220077,0.231959,enhanced_detection
0722.JPEG,train,16,medium,0.326255,0.878866,0.220077,0.231959,enhanced_detection
0722.JPEG,train,2,crack,0.911197,0.322165,0.169884,0.64433,enhanced_detection
0722.JPEG,train,11,right_door,0.911197,0.322165,0.169884,0.64433,enhanced_detection
0722.JPEG,train,16,medium,0.911197,0.322165,0.169884,0.64433,enhanced_detection
0722.JPEG,train,0,dent,0.832046,0.664948,0.104247,0.175258,enhanced_detection
0722.JPEG,train,11,right_door,0.832046,0.664948,0.104247,0.175258,enhanced_detection
0722.JPEG,train,15,low,0.832046,0.664948,0.104247,0.175258,enhanced_detection
0722.JPEG,train,0,dent,0.07529,0.523196,0.088803,0.108247,enhanced_detection
0722.JPEG,train,10,left_door,0.07529,0.523196,0.088803,0.108247,enhanced_detection
0722.JPEG,train,15,low,0.07529,0.523196,0.088803,0.108247,enhanced_detection
0722.JPEG,train,0,dent,0.544402,0.796392,0.07722,0.097938,enhanced_detection
0722.JPEG,train,6,front_bumper,0.544402,0.796392,0.07722,0.097938,enhanced_detection
0722.JPEG,train,15,low,0.544402,0.796392,0.07722,0.097938,enhanced_detection
0723.jpeg,train,2,crack,0.648699,0.922872,0.695167,0.143617,enhanced_detection
0723.jpeg,train,6,front_bumper,0.648699,0.922872,0.695167,0.143617,enhanced_detection
0723.jpeg,train,16,medium,0.648699,0.922872,0.695167,0.143617,enhanced_detection
0725.JPEG,train,0,dent,0.198182,0.945355,0.098182,0.098361,enhanced_detection
0725.JPEG,train,6,front_bumper,0.198182,0.945355,0.098182,0.098361,enhanced_detection
0725.JPEG,train,15,low,0.198182,0.945355,0.098182,0.098361,enhanced_detection
0726.JPEG,train,0,dent,0.052124,0.948454,0.104247,0.092784,enhanced_detection
0726.JPEG,train,13,side_panel,0.052124,0.948454,0.104247,0.092784,enhanced_detection
0726.JPEG,train,15,low,0.052124,0.948454,0.104247,0.092784,enhanced_detection
0726.JPEG,train,2,crack,0.772201,0.765464,0.223938,0.180412,enhanced_detection
0726.JPEG,train,11,right_door,0.772201,0.765464,0.223938,0.180412,enhanced_detection
0726.JPEG,train,16,medium,0.772201,0.765464,0.223938,0.180412,enhanced_detection
0726.JPEG,train,2,crack,0.918919,0.762887,0.15444,0.103093,enhanced_detection
0726.JPEG,train,11,right_door,0.918919,0.762887,0.15444,0.103093,enhanced_detection
0726.JPEG,train,15,low,0.918919,0.762887,0.15444,0.103093,enhanced_detection
0727.jpeg,train,0,dent,0.897683,0.889175,0.196911,0.21134,enhanced_detection
0727.jpeg,train,6,front_bumper,0.897683,0.889175,0.196911,0.21134,enhanced_detection
0727.jpeg,train,16,medium,0.897683,0.889175,0.196911,0.21134,enhanced_detection
0727.jpeg,train,2,crack,0.542471,0.778351,0.127413,0.28866,enhanced_detection
0727.jpeg,train,6,front_bumper,0.542471,0.778351,0.127413,0.28866,enhanced_detection
0727.jpeg,train,16,medium,0.542471,0.778351,0.127413,0.28866,enhanced_detection
0727.jpeg,train,2,crack,0.125483,0.943299,0.166023,0.103093,enhanced_detection
0727.jpeg,train,6,front_bumper,0.125483,0.943299,0.166023,0.103093,enhanced_detection
0727.jpeg,train,15,low,0.125483,0.943299,0.166023,0.103093,enhanced_detection
0727.jpeg,train,2,crack,0.621622,0.912371,0.185328,0.164948,enhanced_detection
0727.jpeg,train,6,front_bumper,0.621622,0.912371,0.185328,0.164948,enhanced_detection
0727.jpeg,train,16,medium,0.621622,0.912371,0.185328,0.164948,enhanced_detection
0727.jpeg,train,0,dent,0.80695,0.832474,0.254826,0.324742,enhanced_detection
0727.jpeg,train,6,front_bumper,0.80695,0.832474,0.254826,0.324742,enhanced_detection
0727.jpeg,train,16,medium,0.80695,0.832474,0.254826,0.324742,enhanced_detection
0728.JPEG,train,0,dent,0.949807,0.180412,0.092664,0.092784,enhanced_detection
0728.JPEG,train,11,right_door,0.949807,0.180412,0.092664,0.092784,enhanced_detection
0728.JPEG,train,15,low,0.949807,0.180412,0.092664,0.092784,enhanced_detection
0729.JPEG,train,2,crack,0.100352,0.070621,0.200704,0.141243,enhanced_detection
0729.JPEG,train,7,rear_bumper,0.100352,0.070621,0.200704,0.141243,enhanced_detection
0729.JPEG,train,16,medium,0.100352,0.070621,0.200704,0.141243,enhanced_detection
0730.JPEG,train,0,dent,0.109665,0.324468,0.092937,0.095745,enhanced_detection
0730.JPEG,train,10,left_door,0.109665,0.324468,0.092937,0.095745,enhanced_detection
0730.JPEG,train,16,medium,0.109665,0.324468,0.092937,0.095745,enhanced_detection
0730.JPEG,train,3,broken_part,0.360595,0.098404,0.074349,0.090426,enhanced_detection
0730.JPEG,train,7,rear_bumper,0.360595,0.098404,0.074349,0.090426,enhanced_detection
0730.JPEG,train,16,medium,0.360595,0.098404,0.074349,0.090426,enhanced_detection
0730.JPEG,train,3,broken_part,0.098513,0.148936,0.063197,0.085106,enhanced_detection
0730.JPEG,train,10,left_door,0.098513,0.148936,0.063197,0.085106,enhanced_detection
0730.JPEG,train,16,medium,0.098513,0.148936,0.063197,0.085106,enhanced_detection
0730.JPEG,train,0,dent,0.275093,0.154255,0.074349,0.095745,enhanced_detection
0730.JPEG,train,7,rear_bumper,0.275093,0.154255,0.074349,0.095745,enhanced_detection
0730.JPEG,train,15,low,0.275093,0.154255,0.074349,0.095745,enhanced_detection
0730.JPEG,train,3,broken_part,0.184015,0.095745,0.063197,0.085106,enhanced_detection
0730.JPEG,train,7,rear_bumper,0.184015,0.095745,0.063197,0.085106,enhanced_detection
0730.JPEG,train,16,medium,0.184015,0.095745,0.063197,0.085106,enhanced_detection
0730.JPEG,train,0,dent,0.888476,0.367021,0.215613,0.255319,enhanced_detection
0730.JPEG,train,11,right_door,0.888476,0.367021,0.215613,0.255319,enhanced_detection
0730.JPEG,train,16,medium,0.888476,0.367021,0.215613,0.255319,enhanced_detection
0731.JPEG,train,2,crack,0.051136,0.463351,0.102273,0.078534,enhanced_detection
0731.JPEG,train,10,left_door,0.051136,0.463351,0.102273,0.078534,enhanced_detection
0731.JPEG,train,16,medium,0.051136,0.463351,0.102273,0.078534,enhanced_detection
0732.jpeg,train,2,crack,0.878182,0.051913,0.105455,0.103825,enhanced_detection
0732.jpeg,train,7,rear_bumper,0.878182,0.051913,0.105455,0.103825,enhanced_detection
0732.jpeg,train,16,medium,0.878182,0.051913,0.105455,0.103825,enhanced_detection
0735.JPEG,train,0,dent,0.550388,0.382051,0.077519,0.097436,enhanced_detection
0735.JPEG,train,13,side_panel,0.550388,0.382051,0.077519,0.097436,enhanced_detection
0735.JPEG,train,15,low,0.550388,0.382051,0.077519,0.097436,enhanced_detection
0737.JPEG,train,2,crack,0.914545,0.057377,0.163636,0.114754,enhanced_detection
0737.JPEG,train,7,rear_bumper,0.914545,0.057377,0.163636,0.114754,enhanced_detection
0737.JPEG,train,16,medium,0.914545,0.057377,0.163636,0.114754,enhanced_detection
0738.jpeg,train,3,broken_part,0.512727,0.904372,0.247273,0.180328,enhanced_detection
0738.jpeg,train,6,front_bumper,0.512727,0.904372,0.247273,0.180328,enhanced_detection
0738.jpeg,train,16,medium,0.512727,0.904372,0.247273,0.180328,enhanced_detection
0739.JPEG,train,0,dent,0.17268,0.57722,0.345361,0.189189,enhanced_detection
0739.JPEG,train,10,left_door,0.17268,0.57722,0.345361,0.189189,enhanced_detection
0739.JPEG,train,16,medium,0.17268,0.57722,0.345361,0.189189,enhanced_detection
0739.JPEG,train,0,dent,0.095361,0.660232,0.159794,0.084942,enhanced_detection
0739.JPEG,train,10,left_door,0.095361,0.660232,0.159794,0.084942,enhanced_detection
0739.JPEG,train,15,low,0.095361,0.660232,0.159794,0.084942,enhanced_detection
0739.JPEG,train,0,dent,0.224227,0.8861,0.149485,0.220077,enhanced_detection
0739.JPEG,train,6,front_bumper,0.224227,0.8861,0.149485,0.220077,enhanced_detection
0739.JPEG,train,15,low,0.224227,0.8861,0.149485,0.220077,enhanced_detection
0739.JPEG,train,0,dent,0.229381,0.754826,0.108247,0.111969,enhanced_detection
0739.JPEG,train,10,left_door,0.229381,0.754826,0.108247,0.111969,enhanced_detection
0739.JPEG,train,15,low,0.229381,0.754826,0.108247,0.111969,enhanced_detection
0739.JPEG,train,0,dent,0.056701,0.859073,0.113402,0.274131,enhanced_detection
0739.JPEG,train,10,left_door,0.056701,0.859073,0.113402,0.274131,enhanced_detection
0739.JPEG,train,15,low,0.056701,0.859073,0.113402,0.274131,enhanced_detection
0742.JPEG,train,0,dent,0.048263,0.623711,0.073359,0.103093,enhanced_detection
0742.JPEG,train,10,left_door,0.048263,0.623711,0.073359,0.103093,enhanced_detection
0742.JPEG,train,15,low,0.048263,0.623711,0.073359,0.103093,enhanced_detection
0743.jpeg,train,0,dent,0.119691,0.791237,0.23166,0.335052,enhanced_detection
0743.jpeg,train,10,left_door,0.119691,0.791237,0.23166,0.335052,enhanced_detection
0743.jpeg,train,16,medium,0.119691,0.791237,0.23166,0.335052,enhanced_detection
0744.JPEG,train,2,crack,0.055556,0.804813,0.111111,0.379679,enhanced_detection
0744.JPEG,train,10,left_door,0.055556,0.804813,0.111111,0.379679,enhanced_detection
0744.JPEG,train,16,medium,0.055556,0.804813,0.111111,0.379679,enhanced_detection
0746.JPEG,train,0,dent,0.505455,0.125683,0.116364,0.120219,enhanced_detection
0746.JPEG,train,12,roof,0.505455,0.125683,0.116364,0.120219,enhanced_detection
0746.JPEG,train,15,low,0.505455,0.125683,0.116364,0.120219,enhanced_detection
0746.JPEG,train,0,dent,0.141818,0.36612,0.196364,0.240437,enhanced_detection
0746.JPEG,train,10,left_door,0.141818,0.36612,0.196364,0.240437,enhanced_detection
0746.JPEG,train,16,medium,0.141818,0.36612,0.196364,0.240437,enhanced_detection
0746.JPEG,train,0,dent,0.252727,0.655738,0.090909,0.153005,enhanced_detection
0746.JPEG,train,10,left_door,0.252727,0.655738,0.090909,0.153005,enhanced_detection
0746.JPEG,train,15,low,0.252727,0.655738,0.090909,0.153005,enhanced_detection
0746.JPEG,train,0,dent,0.801818,0.489071,0.12,0.169399,enhanced_detection
0746.JPEG,train,11,right_door,0.801818,0.489071,0.12,0.169399,enhanced_detection
0746.JPEG,train,15,low,0.801818,0.489071,0.12,0.169399,enhanced_detection
0747.JPEG,train,2,crack,0.678182,0.497268,0.636364,0.994536,enhanced_detection
0747.JPEG,train,14,other_location,0.678182,0.497268,0.636364,0.994536,enhanced_detection
0747.JPEG,train,17,high,0.678182,0.497268,0.636364,0.994536,enhanced_detection
0747.JPEG,train,0,dent,0.416364,0.808743,0.12,0.120219,enhanced_detection
0747.JPEG,train,6,front_bumper,0.416364,0.808743,0.12,0.120219,enhanced_detection
0747.JPEG,train,15,low,0.416364,0.808743,0.12,0.120219,enhanced_detection
0747.JPEG,train,2,crack,0.550909,0.15847,0.2,0.218579,enhanced_detection
0747.JPEG,train,12,roof,0.550909,0.15847,0.2,0.218579,enhanced_detection
0747.JPEG,train,16,medium,0.550909,0.15847,0.2,0.218579,enhanced_detection
0748.jpeg,train,0,dent,0.03668,0.270619,0.073359,0.108247,enhanced_detection
0748.jpeg,train,10,left_door,0.03668,0.270619,0.073359,0.108247,enhanced_detection
0748.jpeg,train,15,low,0.03668,0.270619,0.073359,0.108247,enhanced_detection
0749.JPEG,train,3,broken_part,0.196911,0.100515,0.393822,0.201031,enhanced_detection
0749.JPEG,train,7,rear_bumper,0.196911,0.100515,0.393822,0.201031,enhanced_detection
0749.JPEG,train,16,medium,0.196911,0.100515,0.393822,0.201031,enhanced_detection
0749.JPEG,train,0,dent,0.440154,0.113402,0.11583,0.113402,enhanced_detection
0749.JPEG,train,7,rear_bumper,0.440154,0.113402,0.11583,0.113402,enhanced_detection
0749.JPEG,train,15,low,0.440154,0.113402,0.11583,0.113402,enhanced_detection
0751.JPEG,train,3,broken_part,0.953668,0.554124,0.084942,0.087629,enhanced_detection
0751.JPEG,train,11,right_door,0.953668,0.554124,0.084942,0.087629,enhanced_detection
0751.JPEG,train,16,medium,0.953668,0.554124,0.084942,0.087629,enhanced_detection
0752.JPEG,train,4,paint_damage,0.114894,0.153488,0.229787,0.306977,enhanced_detection
0752.JPEG,train,7,rear_bumper,0.114894,0.153488,0.229787,0.306977,enhanced_detection
0752.JPEG,train,16,medium,0.114894,0.153488,0.229787,0.306977,enhanced_detection
0752.JPEG,train,2,crack,0.553191,0.111628,0.204255,0.223256,enhanced_detection
0752.JPEG,train,12,roof,0.553191,0.111628,0.204255,0.223256,enhanced_detection
0752.JPEG,train,16,medium,0.553191,0.111628,0.204255,0.223256,enhanced_detection
0752.JPEG,train,4,paint_damage,0.285106,0.262791,0.110638,0.116279,enhanced_detection
0752.JPEG,train,9,windshield,0.285106,0.262791,0.110638,0.116279,enhanced_detection
0752.JPEG,train,16,medium,0.285106,0.262791,0.110638,0.116279,enhanced_detection
0755.JPEG,train,2,crack,0.102317,0.945876,0.204633,0.097938,enhanced_detection
0755.JPEG,train,6,front_bumper,0.102317,0.945876,0.204633,0.097938,enhanced_detection
0755.JPEG,train,16,medium,0.102317,0.945876,0.204633,0.097938,enhanced_detection
0755.JPEG,train,2,crack,0.34556,0.747423,0.150579,0.185567,enhanced_detection
0755.JPEG,train,6,front_bumper,0.34556,0.747423,0.150579,0.185567,enhanced_detection
0755.JPEG,train,16,medium,0.34556,0.747423,0.150579,0.185567,enhanced_detection
0755.JPEG,train,2,crack,0.225869,0.706186,0.158301,0.14433,enhanced_detection
0755.JPEG,train,10,left_door,0.225869,0.706186,0.158301,0.14433,enhanced_detection
0755.JPEG,train,16,medium,0.225869,0.706186,0.158301,0.14433,enhanced_detection
0756.JPEG,train,0,dent,0.920849,0.698454,0.096525,0.07732,enhanced_detection
0756.JPEG,train,11,right_door,0.920849,0.698454,0.096525,0.07732,enhanced_detection
0756.JPEG,train,15,low,0.920849,0.698454,0.096525,0.07732,enhanced_detection
0759.JPEG,train,0,dent,0.965251,0.67268,0.061776,0.097938,enhanced_detection
0759.JPEG,train,11,right_door,0.965251,0.67268,0.061776,0.097938,enhanced_detection
0759.JPEG,train,15,low,0.965251,0.67268,0.061776,0.097938,enhanced_detection
0760.JPEG,train,2,crack,0.872587,0.909794,0.11583,0.170103,enhanced_detection
0760.JPEG,train,6,front_bumper,0.872587,0.909794,0.11583,0.170103,enhanced_detection
0760.JPEG,train,16,medium,0.872587,0.909794,0.11583,0.170103,enhanced_detection
0761.JPEG,train,2,crack,0.936293,0.420103,0.088803,0.097938,enhanced_detection
0761.JPEG,train,11,right_door,0.936293,0.420103,0.088803,0.097938,enhanced_detection
0761.JPEG,train,16,medium,0.936293,0.420103,0.088803,0.097938,enhanced_detection
0761.JPEG,train,0,dent,0.092664,0.103093,0.138996,0.134021,enhanced_detection
0761.JPEG,train,7,rear_bumper,0.092664,0.103093,0.138996,0.134021,enhanced_detection
0761.JPEG,train,15,low,0.092664,0.103093,0.138996,0.134021,enhanced_detection
0761.JPEG,train,0,dent,0.088803,0.231959,0.177606,0.195876,enhanced_detection
0761.JPEG,train,10,left_door,0.088803,0.231959,0.177606,0.195876,enhanced_detection
0761.JPEG,train,15,low,0.088803,0.231959,0.177606,0.195876,enhanced_detection
0761.JPEG,train,0,dent,0.222008,0.840206,0.142857,0.195876,enhanced_detection
0761.JPEG,train,6,front_bumper,0.222008,0.840206,0.142857,0.195876,enhanced_detection
0761.JPEG,train,15,low,0.222008,0.840206,0.142857,0.195876,enhanced_detection
0761.JPEG,train,0,dent,0.125483,0.907216,0.057915,0.123711,enhanced_detection
0761.JPEG,train,6,front_bumper,0.125483,0.907216,0.057915,0.123711,enhanced_detection
0761.JPEG,train,15,low,0.125483,0.907216,0.057915,0.123711,enhanced_detection
0763.JPEG,train,2,crack,0.513333,0.9,0.386667,0.191111,enhanced_detection
0763.JPEG,train,6,front_bumper,0.513333,0.9,0.386667,0.191111,enhanced_detection
0763.JPEG,train,16,medium,0.513333,0.9,0.386667,0.191111,enhanced_detection
0763.JPEG,train,2,crack,0.573333,0.664444,0.844444,0.662222,enhanced_detection
0763.JPEG,train,14,other_location,0.573333,0.664444,0.844444,0.662222,enhanced_detection
0763.JPEG,train,17,high,0.573333,0.664444,0.844444,0.662222,enhanced_detection
0763.JPEG,train,0,dent,0.073333,0.708889,0.146667,0.084444,enhanced_detection
0763.JPEG,train,10,left_door,0.073333,0.708889,0.146667,0.084444,enhanced_detection
0763.JPEG,train,15,low,0.073333,0.708889,0.146667,0.084444,enhanced_detection
0763.JPEG,train,0,dent,0.733333,0.435556,0.115556,0.124444,enhanced_detection
0763.JPEG,train,11,right_door,0.733333,0.435556,0.115556,0.124444,enhanced_detection
0763.JPEG,train,15,low,0.733333,0.435556,0.115556,0.124444,enhanced_detection
0763.JPEG,train,0,dent,0.624444,0.542222,0.075556,0.08,enhanced_detection
0763.JPEG,train,13,side_panel,0.624444,0.542222,0.075556,0.08,enhanced_detection
0763.JPEG,train,15,low,0.624444,0.542222,0.075556,0.08,enhanced_detection
0764.JPEG,train,2,crack,0.262681,0.937158,0.148551,0.103825,enhanced_detection
0764.JPEG,train,6,front_bumper,0.262681,0.937158,0.148551,0.103825,enhanced_detection
0764.JPEG,train,16,medium,0.262681,0.937158,0.148551,0.103825,enhanced_detection
0764.JPEG,train,0,dent,0.862319,0.584699,0.086957,0.185792,enhanced_detection
0764.JPEG,train,11,right_door,0.862319,0.584699,0.086957,0.185792,enhanced_detection
0764.JPEG,train,15,low,0.862319,0.584699,0.086957,0.185792,enhanced_detection
0766.JPEG,train,0,dent,0.082278,0.603774,0.094937,0.251572,enhanced_detection
0766.JPEG,train,10,left_door,0.082278,0.603774,0.094937,0.251572,enhanced_detection
0766.JPEG,train,16,medium,0.082278,0.603774,0.094937,0.251572,enhanced_detection
0767.JPEG,train,4,paint_damage,0.054545,0.948087,0.109091,0.092896,enhanced_detection
0767.JPEG,train,13,side_panel,0.054545,0.948087,0.109091,0.092896,enhanced_detection
0767.JPEG,train,16,medium,0.054545,0.948087,0.109091,0.092896,enhanced_detection
0767.JPEG,train,0,dent,0.936364,0.898907,0.12,0.191257,enhanced_detection
0767.JPEG,train,6,front_bumper,0.936364,0.898907,0.12,0.191257,enhanced_detection
0767.JPEG,train,15,low,0.936364,0.898907,0.12,0.191257,enhanced_detection
0768.JPEG,train,2,crack,0.548729,0.067757,0.105932,0.135514,enhanced_detection
0768.JPEG,train,7,rear_bumper,0.548729,0.067757,0.105932,0.135514,enhanced_detection
0768.JPEG,train,16,medium,0.548729,0.067757,0.105932,0.135514,enhanced_detection
0768.JPEG,train,2,crack,0.233051,0.123832,0.466102,0.247664,enhanced_detection
0768.JPEG,train,12,roof,0.233051,0.123832,0.466102,0.247664,enhanced_detection
0768.JPEG,train,17,high,0.233051,0.123832,0.466102,0.247664,enhanced_detection
0768.JPEG,train,3,broken_part,0.872881,0.042056,0.110169,0.084112,enhanced_detection
0768.JPEG,train,7,rear_bumper,0.872881,0.042056,0.110169,0.084112,enhanced_detection
0768.JPEG,train,16,medium,0.872881,0.042056,0.110169,0.084112,enhanced_detection
0768.JPEG,train,2,crack,0.887712,0.313084,0.114407,0.149533,enhanced_detection
0768.JPEG,train,11,right_door,0.887712,0.313084,0.114407,0.149533,enhanced_detection
0768.JPEG,train,16,medium,0.887712,0.313084,0.114407,0.149533,enhanced_detection
0768.JPEG,train,2,crack,0.949153,0.257009,0.09322,0.084112,enhanced_detection
0768.JPEG,train,11,right_door,0.949153,0.257009,0.09322,0.084112,enhanced_detection
0768.JPEG,train,16,medium,0.949153,0.257009,0.09322,0.084112,enhanced_detection
0768.JPEG,train,2,crack,0.644068,0.595794,0.601695,0.406542,enhanced_detection
0768.JPEG,train,13,side_panel,0.644068,0.595794,0.601695,0.406542,enhanced_detection
0768.JPEG,train,16,medium,0.644068,0.595794,0.601695,0.406542,enhanced_detection
0769.JPEG,train,2,crack,0.083607,0.936364,0.167213,0.115152,enhanced_detection
0769.JPEG,train,6,front_bumper,0.083607,0.936364,0.167213,0.115152,enhanced_detection
0769.JPEG,train,16,medium,0.083607,0.936364,0.167213,0.115152,enhanced_detection
0770.JPEG,train,2,crack,0.563707,0.853093,0.254826,0.283505,enhanced_detection
0770.JPEG,train,6,front_bumper,0.563707,0.853093,0.254826,0.283505,enhanced_detection
0770.JPEG,train,16,medium,0.563707,0.853093,0.254826,0.283505,enhanced_detection
0770.JPEG,train,2,crack,0.857143,0.945876,0.262548,0.097938,enhanced_detection
0770.JPEG,train,6,front_bumper,0.857143,0.945876,0.262548,0.097938,enhanced_detection
0770.JPEG,train,16,medium,0.857143,0.945876,0.262548,0.097938,enhanced_detection
0770.JPEG,train,0,dent,0.351351,0.81701,0.108108,0.108247,enhanced_detection
0770.JPEG,train,6,front_bumper,0.351351,0.81701,0.108108,0.108247,enhanced_detection
0770.JPEG,train,15,low,0.351351,0.81701,0.108108,0.108247,enhanced_detection
0770.JPEG,train,2,crack,0.951737,0.837629,0.088803,0.262887,enhanced_detection
0770.JPEG,train,11,right_door,0.951737,0.837629,0.088803,0.262887,enhanced_detection
0770.JPEG,train,15,low,0.951737,0.837629,0.088803,0.262887,enhanced_detection
0771.JPEG,train,0,dent,0.048736,0.31044,0.097473,0.115385,enhanced_detection
0771.JPEG,train,10,left_door,0.048736,0.31044,0.097473,0.115385,enhanced_detection
0771.JPEG,train,15,low,0.048736,0.31044,0.097473,0.115385,enhanced_detection
0771.JPEG,train,0,dent,0.225632,0.923077,0.090253,0.131868,enhanced_detection
0771.JPEG,train,6,front_bumper,0.225632,0.923077,0.090253,0.131868,enhanced_detection
0771.JPEG,train,15,low,0.225632,0.923077,0.090253,0.131868,enhanced_detection
0772.JPEG,train,0,dent,0.845361,0.864865,0.298969,0.131274,enhanced_detection
0772.JPEG,train,6,front_bumper,0.845361,0.864865,0.298969,0.131274,enhanced_detection
0772.JPEG,train,15,low,0.845361,0.864865,0.298969,0.131274,enhanced_detection
0773.JPEG,train,2,crack,0.052727,0.786885,0.105455,0.415301,enhanced_detection
0773.JPEG,train,10,left_door,0.052727,0.786885,0.105455,0.415301,enhanced_detection
0773.JPEG,train,16,medium,0.052727,0.786885,0.105455,0.415301,enhanced_detection
0773.JPEG,train,0,dent,0.087273,0.224044,0.116364,0.142077,enhanced_detection
0773.JPEG,train,10,left_door,0.087273,0.224044,0.116364,0.142077,enhanced_detection
0773.JPEG,train,15,low,0.087273,0.224044,0.116364,0.142077,enhanced_detection
0773.JPEG,train,0,dent,0.207273,0.20765,0.094545,0.131148,enhanced_detection
0773.JPEG,train,9,windshield,0.207273,0.20765,0.094545,0.131148,enhanced_detection
0773.JPEG,train,15,low,0.207273,0.20765,0.094545,0.131148,enhanced_detection
0775.JPEG,train,3,broken_part,0.498069,0.902062,0.996139,0.185567,enhanced_detection
0775.JPEG,train,6,front_bumper,0.498069,0.902062,0.996139,0.185567,enhanced_detection
0775.JPEG,train,16,medium,0.498069,0.902062,0.996139,0.185567,enhanced_detection
0775.JPEG,train,2,crack,0.366795,0.492268,0.092664,0.149485,enhanced_detection
0775.JPEG,train,13,side_panel,0.366795,0.492268,0.092664,0.149485,enhanced_detection
0775.JPEG,train,16,medium,0.366795,0.492268,0.092664,0.149485,enhanced_detection
0775.JPEG,train,2,crack,0.405405,0.559278,0.42471,0.561856,enhanced_detection
0775.JPEG,train,13,side_panel,0.405405,0.559278,0.42471,0.561856,enhanced_detection
0775.JPEG,train,17,high,0.405405,0.559278,0.42471,0.561856,enhanced_detection
0775.JPEG,train,0,dent,0.220077,0.814433,0.15444,0.14433,enhanced_detection
0775.JPEG,train,6,front_bumper,0.220077,0.814433,0.15444,0.14433,enhanced_detection
0775.JPEG,train,15,low,0.220077,0.814433,0.15444,0.14433,enhanced_detection
0775.JPEG,train,0,dent,0.932432,0.726804,0.127413,0.206186,enhanced_detection
0775.JPEG,train,11,right_door,0.932432,0.726804,0.127413,0.206186,enhanced_detection
0775.JPEG,train,16,medium,0.932432,0.726804,0.127413,0.206186,enhanced_detection
0776.JPEG,train,3,broken_part,0.781853,0.845361,0.382239,0.298969,enhanced_detection
0776.JPEG,train,6,front_bumper,0.781853,0.845361,0.382239,0.298969,enhanced_detection
0776.JPEG,train,17,high,0.781853,0.845361,0.382239,0.298969,enhanced_detection
0777.JPEG,train,2,crack,0.626459,0.423469,0.29572,0.193878,enhanced_detection
0777.JPEG,train,13,side_panel,0.626459,0.423469,0.29572,0.193878,enhanced_detection
0777.JPEG,train,16,medium,0.626459,0.423469,0.29572,0.193878,enhanced_detection
0777.JPEG,train,2,crack,0.929961,0.561224,0.132296,0.377551,enhanced_detection
0777.JPEG,train,11,right_door,0.929961,0.561224,0.132296,0.377551,enhanced_detection
0777.JPEG,train,16,medium,0.929961,0.561224,0.132296,0.377551,enhanced_detection
0778.JPEG,train,0,dent,0.123333,0.949405,0.08,0.089286,enhanced_detection
0778.JPEG,train,6,front_bumper,0.123333,0.949405,0.08,0.089286,enhanced_detection
0778.JPEG,train,15,low,0.123333,0.949405,0.08,0.089286,enhanced_detection
0780.JPEG,train,0,dent,0.049815,0.930108,0.099631,0.086022,enhanced_detection
0780.JPEG,train,13,side_panel,0.049815,0.930108,0.099631,0.086022,enhanced_detection
0780.JPEG,train,15,low,0.049815,0.930108,0.099631,0.086022,enhanced_detection
0780.JPEG,train,2,crack,0.95572,0.806452,0.081181,0.236559,enhanced_detection
0780.JPEG,train,11,right_door,0.95572,0.806452,0.081181,0.236559,enhanced_detection
0780.JPEG,train,15,low,0.95572,0.806452,0.081181,0.236559,enhanced_detection
0782.JPEG,train,4,paint_damage,0.083333,0.767857,0.166667,0.285714,enhanced_detection
0782.JPEG,train,10,left_door,0.083333,0.767857,0.166667,0.285714,enhanced_detection
0782.JPEG,train,16,medium,0.083333,0.767857,0.166667,0.285714,enhanced_detection
0782.JPEG,train,3,broken_part,0.041667,0.526786,0.083333,0.125,enhanced_detection
0782.JPEG,train,10,left_door,0.041667,0.526786,0.083333,0.125,enhanced_detection
0782.JPEG,train,16,medium,0.041667,0.526786,0.083333,0.125,enhanced_detection
0783.JPEG,train,2,crack,0.215385,0.78866,0.430769,0.216495,enhanced_detection
0783.JPEG,train,6,front_bumper,0.215385,0.78866,0.430769,0.216495,enhanced_detection
0783.JPEG,train,16,medium,0.215385,0.78866,0.430769,0.216495,enhanced_detection
0784.JPEG,train,4,paint_damage,0.876289,0.301158,0.237113,0.247104,enhanced_detection
0784.JPEG,train,11,right_door,0.876289,0.301158,0.237113,0.247104,enhanced_detection
0784.JPEG,train,16,medium,0.876289,0.301158,0.237113,0.247104,enhanced_detection
0784.JPEG,train,0,dent,0.340206,0.086873,0.123711,0.057915,enhanced_detection
0784.JPEG,train,7,rear_bumper,0.340206,0.086873,0.123711,0.057915,enhanced_detection
0784.JPEG,train,15,low,0.340206,0.086873,0.123711,0.057915,enhanced_detection
0784.JPEG,train,0,dent,0.824742,0.374517,0.206186,0.15444,enhanced_detection
0784.JPEG,train,11,right_door,0.824742,0.374517,0.206186,0.15444,enhanced_detection
0784.JPEG,train,15,low,0.824742,0.374517,0.206186,0.15444,enhanced_detection
0786.JPEG,train,2,crack,0.146667,0.544643,0.293333,0.89881,enhanced_detection
0786.JPEG,train,10,left_door,0.146667,0.544643,0.293333,0.89881,enhanced_detection
0786.JPEG,train,17,high,0.146667,0.544643,0.293333,0.89881,enhanced_detection
0786.JPEG,train,0,dent,0.808333,0.505952,0.13,0.261905,enhanced_detection
0786.JPEG,train,11,right_door,0.808333,0.505952,0.13,0.261905,enhanced_detection
0786.JPEG,train,16,medium,0.808333,0.505952,0.13,0.261905,enhanced_detection
0787.JPEG,train,0,dent,0.698842,0.917526,0.19305,0.154639,enhanced_detection
0787.JPEG,train,6,front_bumper,0.698842,0.917526,0.19305,0.154639,enhanced_detection
0787.JPEG,train,15,low,0.698842,0.917526,0.19305,0.154639,enhanced_detection
0787.JPEG,train,0,dent,0.22973,0.945876,0.413127,0.097938,enhanced_detection
0787.JPEG,train,6,front_bumper,0.22973,0.945876,0.413127,0.097938,enhanced_detection
0787.JPEG,train,15,low,0.22973,0.945876,0.413127,0.097938,enhanced_detection
0788.JPEG,train,2,crack,0.80888,0.304124,0.374517,0.443299,enhanced_detection
0788.JPEG,train,11,right_door,0.80888,0.304124,0.374517,0.443299,enhanced_detection
0788.JPEG,train,17,high,0.80888,0.304124,0.374517,0.443299,enhanced_detection
0788.JPEG,train,4,paint_damage,0.942085,0.546392,0.108108,0.195876,enhanced_detection
0788.JPEG,train,11,right_door,0.942085,0.546392,0.108108,0.195876,enhanced_detection
0788.JPEG,train,16,medium,0.942085,0.546392,0.108108,0.195876,enhanced_detection
0788.JPEG,train,2,crack,0.648649,0.139175,0.332046,0.14433,enhanced_detection
0788.JPEG,train,7,rear_bumper,0.648649,0.139175,0.332046,0.14433,enhanced_detection
0788.JPEG,train,16,medium,0.648649,0.139175,0.332046,0.14433,enhanced_detection
0788.JPEG,train,0,dent,0.944015,0.770619,0.104247,0.293814,enhanced_detection
0788.JPEG,train,11,right_door,0.944015,0.770619,0.104247,0.293814,enhanced_detection
0788.JPEG,train,15,low,0.944015,0.770619,0.104247,0.293814,enhanced_detection
0788.JPEG,train,0,dent,0.631274,0.783505,0.266409,0.371134,enhanced_detection
0788.JPEG,train,6,front_bumper,0.631274,0.783505,0.266409,0.371134,enhanced_detection
0788.JPEG,train,16,medium,0.631274,0.783505,0.266409,0.371134,enhanced_detection
0788.JPEG,train,2,crack,0.839768,0.533505,0.119691,0.149485,enhanced_detection
0788.JPEG,train,11,right_door,0.839768,0.533505,0.119691,0.149485,enhanced_detection
0788.JPEG,train,16,medium,0.839768,0.533505,0.119691,0.149485,enhanced_detection
0788.JPEG,train,0,dent,0.142857,0.085052,0.100386,0.149485,enhanced_detection
0788.JPEG,train,7,rear_bumper,0.142857,0.085052,0.100386,0.149485,enhanced_detection
0788.JPEG,train,15,low,0.142857,0.085052,0.100386,0.149485,enhanced_detection
0788.JPEG,train,2,crack,0.042471,0.554124,0.084942,0.654639,enhanced_detection
0788.JPEG,train,10,left_door,0.042471,0.554124,0.084942,0.654639,enhanced_detection
0788.JPEG,train,15,low,0.042471,0.554124,0.084942,0.654639,enhanced_detection
0789.JPEG,train,2,crack,0.297297,0.438144,0.447876,0.680412,enhanced_detection
0789.JPEG,train,10,left_door,0.297297,0.438144,0.447876,0.680412,enhanced_detection
0789.JPEG,train,17,high,0.297297,0.438144,0.447876,0.680412,enhanced_detection
0789.JPEG,train,4,paint_damage,0.362934,0.546392,0.162162,0.350515,enhanced_detection
0789.JPEG,train,13,side_panel,0.362934,0.546392,0.162162,0.350515,enhanced_detection
0789.JPEG,train,16,medium,0.362934,0.546392,0.162162,0.350515,enhanced_detection
0789.JPEG,train,4,paint_damage,0.048263,0.835052,0.096525,0.154639,enhanced_detection
0789.JPEG,train,10,left_door,0.048263,0.835052,0.096525,0.154639,enhanced_detection
0789.JPEG,train,15,low,0.048263,0.835052,0.096525,0.154639,enhanced_detection
0789.JPEG,train,0,dent,0.100386,0.474227,0.200772,0.360825,enhanced_detection
0789.JPEG,train,10,left_door,0.100386,0.474227,0.200772,0.360825,enhanced_detection
0789.JPEG,train,16,medium,0.100386,0.474227,0.200772,0.360825,enhanced_detection
0789.JPEG,train,0,dent,0.944015,0.097938,0.104247,0.14433,enhanced_detection
0789.JPEG,train,7,rear_bumper,0.944015,0.097938,0.104247,0.14433,enhanced_detection
0789.JPEG,train,15,low,0.944015,0.097938,0.104247,0.14433,enhanced_detection
0790.JPEG,train,2,crack,0.074074,0.350187,0.148148,0.078652,enhanced_detection
0790.JPEG,train,10,left_door,0.074074,0.350187,0.148148,0.078652,enhanced_detection
0790.JPEG,train,16,medium,0.074074,0.350187,0.148148,0.078652,enhanced_detection
0790.JPEG,train,2,crack,0.462963,0.159176,0.925926,0.303371,enhanced_detection
0790.JPEG,train,12,roof,0.462963,0.159176,0.925926,0.303371,enhanced_detection
0790.JPEG,train,16,medium,0.462963,0.159176,0.925926,0.303371,enhanced_detection
0790.JPEG,train,0,dent,0.865079,0.794007,0.111111,0.059925,enhanced_detection
0790.JPEG,train,11,right_door,0.865079,0.794007,0.111111,0.059925,enhanced_detection
0790.JPEG,train,15,low,0.865079,0.794007,0.111111,0.059925,enhanced_detection
0793.JPEG,train,2,crack,0.797131,0.898058,0.397541,0.087379,enhanced_detection
0793.JPEG,train,6,front_bumper,0.797131,0.898058,0.397541,0.087379,enhanced_detection
0793.JPEG,train,15,low,0.797131,0.898058,0.397541,0.087379,enhanced_detection
0796.JPEG,train,3,broken_part,0.042471,0.865979,0.084942,0.257732,enhanced_detection
0796.JPEG,train,10,left_door,0.042471,0.865979,0.084942,0.257732,enhanced_detection
0796.JPEG,train,16,medium,0.042471,0.865979,0.084942,0.257732,enhanced_detection
0796.JPEG,train,2,crack,0.874517,0.945876,0.243243,0.097938,enhanced_detection
0796.JPEG,train,6,front_bumper,0.874517,0.945876,0.243243,0.097938,enhanced_detection
0796.JPEG,train,16,medium,0.874517,0.945876,0.243243,0.097938,enhanced_detection
0796.JPEG,train,2,crack,0.940154,0.252577,0.111969,0.14433,enhanced_detection
0796.JPEG,train,11,right_door,0.940154,0.252577,0.111969,0.14433,enhanced_detection
0796.JPEG,train,16,medium,0.940154,0.252577,0.111969,0.14433,enhanced_detection
0796.JPEG,train,0,dent,0.953668,0.850515,0.061776,0.092784,enhanced_detection
0796.JPEG,train,11,right_door,0.953668,0.850515,0.061776,0.092784,enhanced_detection
0796.JPEG,train,15,low,0.953668,0.850515,0.061776,0.092784,enhanced_detection
0797.JPEG,train,4,paint_damage,0.208889,0.457778,0.275556,0.195556,enhanced_detection
0797.JPEG,train,10,left_door,0.208889,0.457778,0.275556,0.195556,enhanced_detection
0797.JPEG,train,16,medium,0.208889,0.457778,0.275556,0.195556,enhanced_detection
0797.JPEG,train,4,paint_damage,0.28,0.208889,0.16,0.124444,enhanced_detection
0797.JPEG,train,9,windshield,0.28,0.208889,0.16,0.124444,enhanced_detection
0797.JPEG,train,16,medium,0.28,0.208889,0.16,0.124444,enhanced_detection
0797.JPEG,train,2,crack,0.12,0.231111,0.24,0.462222,enhanced_detection
0797.JPEG,train,10,left_door,0.12,0.231111,0.24,0.462222,enhanced_detection
0797.JPEG,train,17,high,0.12,0.231111,0.24,0.462222,enhanced_detection
0797.JPEG,train,2,crack,0.933333,0.917778,0.124444,0.155556,enhanced_detection
0797.JPEG,train,6,front_bumper,0.933333,0.917778,0.124444,0.155556,enhanced_detection
0797.JPEG,train,16,medium,0.933333,0.917778,0.124444,0.155556,enhanced_detection
0797.JPEG,train,0,dent,0.695556,0.326667,0.155556,0.155556,enhanced_detection
0797.JPEG,train,9,windshield,0.695556,0.326667,0.155556,0.155556,enhanced_detection
0797.JPEG,train,15,low,0.695556,0.326667,0.155556,0.155556,enhanced_detection
0797.JPEG,train,0,dent,0.615556,0.226667,0.093333,0.071111,enhanced_detection
0797.JPEG,train,9,windshield,0.615556,0.226667,0.093333,0.071111,enhanced_detection
0797.JPEG,train,15,low,0.615556,0.226667,0.093333,0.071111,enhanced_detection
0797.JPEG,train,0,dent,0.384444,0.08,0.217778,0.16,enhanced_detection
0797.JPEG,train,7,rear_bumper,0.384444,0.08,0.217778,0.16,enhanced_detection
0797.JPEG,train,15,low,0.384444,0.08,0.217778,0.16,enhanced_detection
0797.JPEG,train,2,crack,0.828889,0.955556,0.075556,0.08,enhanced_detection
0797.JPEG,train,6,front_bumper,0.828889,0.955556,0.075556,0.08,enhanced_detection
0797.JPEG,train,15,low,0.828889,0.955556,0.075556,0.08,enhanced_detection
0798.JPEG,train,2,crack,0.9699,0.866071,0.053512,0.255952,enhanced_detection
0798.JPEG,train,11,right_door,0.9699,0.866071,0.053512,0.255952,enhanced_detection
0798.JPEG,train,16,medium,0.9699,0.866071,0.053512,0.255952,enhanced_detection
0799.JPEG,train,0,dent,0.643678,0.082902,0.176245,0.165803,enhanced_detection
0799.JPEG,train,7,rear_bumper,0.643678,0.082902,0.176245,0.165803,enhanced_detection
0799.JPEG,train,15,low,0.643678,0.082902,0.176245,0.165803,enhanced_detection
0799.JPEG,train,3,broken_part,0.87931,0.108808,0.233716,0.217617,enhanced_detection
0799.JPEG,train,7,rear_bumper,0.87931,0.108808,0.233716,0.217617,enhanced_detection
0799.JPEG,train,16,medium,0.87931,0.108808,0.233716,0.217617,enhanced_detection
0799.JPEG,train,3,broken_part,0.758621,0.510363,0.114943,0.098446,enhanced_detection
0799.JPEG,train,11,right_door,0.758621,0.510363,0.114943,0.098446,enhanced_detection
0799.JPEG,train,16,medium,0.758621,0.510363,0.114943,0.098446,enhanced_detection
0799.JPEG,train,0,dent,0.649425,0.251295,0.118774,0.07772,enhanced_detection
0799.JPEG,train,9,windshield,0.649425,0.251295,0.118774,0.07772,enhanced_detection
0799.JPEG,train,15,low,0.649425,0.251295,0.118774,0.07772,enhanced_detection
0800.JPEG,train,2,crack,0.498239,0.828652,0.996479,0.331461,enhanced_detection
0800.JPEG,train,6,front_bumper,0.498239,0.828652,0.996479,0.331461,enhanced_detection
0800.JPEG,train,17,high,0.498239,0.828652,0.996479,0.331461,enhanced_detection
0801.JPEG,train,2,crack,0.941472,0.717262,0.110368,0.339286,enhanced_detection
0801.JPEG,train,11,right_door,0.941472,0.717262,0.110368,0.339286,enhanced_detection
0801.JPEG,train,16,medium,0.941472,0.717262,0.110368,0.339286,enhanced_detection
0801.JPEG,train,0,dent,0.053512,0.208333,0.06689,0.166667,enhanced_detection
0801.JPEG,train,10,left_door,0.053512,0.208333,0.06689,0.166667,enhanced_detection
0801.JPEG,train,15,low,0.053512,0.208333,0.06689,0.166667,enhanced_detection
0801.JPEG,train,0,dent,0.384615,0.556548,0.086957,0.089286,enhanced_detection
0801.JPEG,train,13,side_panel,0.384615,0.556548,0.086957,0.089286,enhanced_detection
0801.JPEG,train,15,low,0.384615,0.556548,0.086957,0.089286,enhanced_detection
0802.JPEG,train,0,dent,0.094595,0.636598,0.158301,0.242268,enhanced_detection
0802.JPEG,train,10,left_door,0.094595,0.636598,0.158301,0.242268,enhanced_detection
0802.JPEG,train,15,low,0.094595,0.636598,0.158301,0.242268,enhanced_detection
0802.JPEG,train,0,dent,0.054054,0.425258,0.108108,0.180412,enhanced_detection
0802.JPEG,train,10,left_door,0.054054,0.425258,0.108108,0.180412,enhanced_detection
0802.JPEG,train,15,low,0.054054,0.425258,0.108108,0.180412,enhanced_detection
0802.JPEG,train,0,dent,0.073359,0.515464,0.131274,0.123711,enhanced_detection
0802.JPEG,train,10,left_door,0.073359,0.515464,0.131274,0.123711,enhanced_detection
0802.JPEG,train,15,low,0.073359,0.515464,0.131274,0.123711,enhanced_detection
0802.JPEG,train,0,dent,0.762548,0.128866,0.096525,0.103093,enhanced_detection
0802.JPEG,train,7,rear_bumper,0.762548,0.128866,0.096525,0.103093,enhanced_detection
0802.JPEG,train,15,low,0.762548,0.128866,0.096525,0.103093,enhanced_detection
0803.JPEG,train,2,crack,0.710425,0.417526,0.23166,0.185567,enhanced_detection
0803.JPEG,train,11,right_door,0.710425,0.417526,0.23166,0.185567,enhanced_detection
0803.JPEG,train,16,medium,0.710425,0.417526,0.23166,0.185567,enhanced_detection
0803.JPEG,train,2,crack,0.953668,0.713918,0.084942,0.097938,enhanced_detection
0803.JPEG,train,11,right_door,0.953668,0.713918,0.084942,0.097938,enhanced_detection
0803.JPEG,train,16,medium,0.953668,0.713918,0.084942,0.097938,enhanced_detection
0804.JPEG,train,2,crack,0.638996,0.051546,0.135135,0.103093,enhanced_detection
0804.JPEG,train,7,rear_bumper,0.638996,0.051546,0.135135,0.103093,enhanced_detection
0804.JPEG,train,16,medium,0.638996,0.051546,0.135135,0.103093,enhanced_detection
0804.JPEG,train,2,crack,0.498069,0.81701,0.996139,0.35567,enhanced_detection
0804.JPEG,train,6,front_bumper,0.498069,0.81701,0.996139,0.35567,enhanced_detection
0804.JPEG,train,16,medium,0.498069,0.81701,0.996139,0.35567,enhanced_detection
0804.JPEG,train,2,crack,0.635135,0.492268,0.166023,0.108247,enhanced_detection
0804.JPEG,train,13,side_panel,0.635135,0.492268,0.166023,0.108247,enhanced_detection
0804.JPEG,train,16,medium,0.635135,0.492268,0.166023,0.108247,enhanced_detection
0804.JPEG,train,3,broken_part,0.532819,0.533505,0.324324,0.345361,enhanced_detection
0804.JPEG,train,13,side_panel,0.532819,0.533505,0.324324,0.345361,enhanced_detection
0804.JPEG,train,16,medium,0.532819,0.533505,0.324324,0.345361,enhanced_detection
0805.JPEG,train,2,crack,0.747845,0.935484,0.49569,0.119816,enhanced_detection
0805.JPEG,train,6,front_bumper,0.747845,0.935484,0.49569,0.119816,enhanced_detection
0805.JPEG,train,16,medium,0.747845,0.935484,0.49569,0.119816,enhanced_detection
0805.JPEG,train,2,crack,0.497845,0.269585,0.99569,0.539171,enhanced_detection
0805.JPEG,train,9,windshield,0.497845,0.269585,0.99569,0.539171,enhanced_detection
0805.JPEG,train,16,medium,0.497845,0.269585,0.99569,0.539171,enhanced_detection
0805.JPEG,train,2,crack,0.040948,0.746544,0.081897,0.119816,enhanced_detection
0805.JPEG,train,10,left_door,0.040948,0.746544,0.081897,0.119816,enhanced_detection
0805.JPEG,train,16,medium,0.040948,0.746544,0.081897,0.119816,enhanced_detection
0805.JPEG,train,2,crack,0.131466,0.18894,0.133621,0.119816,enhanced_detection
0805.JPEG,train,10,left_door,0.131466,0.18894,0.133621,0.119816,enhanced_detection
0805.JPEG,train,16,medium,0.131466,0.18894,0.133621,0.119816,enhanced_detection
0805.JPEG,train,2,crack,0.202586,0.656682,0.405172,0.576037,enhanced_detection
0805.JPEG,train,10,left_door,0.202586,0.656682,0.405172,0.576037,enhanced_detection
0805.JPEG,train,16,medium,0.202586,0.656682,0.405172,0.576037,enhanced_detection
0805.JPEG,train,0,dent,0.676724,0.518433,0.198276,0.16129,enhanced_detection
0805.JPEG,train,13,side_panel,0.676724,0.518433,0.198276,0.16129,enhanced_detection
0805.JPEG,train,16,medium,0.676724,0.518433,0.198276,0.16129,enhanced_detection
0805.JPEG,train,2,crack,0.081897,0.320276,0.163793,0.096774,enhanced_detection
0805.JPEG,train,10,left_door,0.081897,0.320276,0.163793,0.096774,enhanced_detection
0805.JPEG,train,15,low,0.081897,0.320276,0.163793,0.096774,enhanced_detection
0805.JPEG,train,0,dent,0.553879,0.642857,0.176724,0.133641,enhanced_detection
0805.JPEG,train,13,side_panel,0.553879,0.642857,0.176724,0.133641,enhanced_detection
0805.JPEG,train,15,low,0.553879,0.642857,0.176724,0.133641,enhanced_detection
0805.JPEG,train,0,dent,0.693966,0.824885,0.258621,0.119816,enhanced_detection
0805.JPEG,train,6,front_bumper,0.693966,0.824885,0.258621,0.119816,enhanced_detection
0805.JPEG,train,15,low,0.693966,0.824885,0.258621,0.119816,enhanced_detection
0806.JPEG,train,2,crack,0.081126,0.646707,0.162252,0.299401,enhanced_detection
0806.JPEG,train,10,left_door,0.081126,0.646707,0.162252,0.299401,enhanced_detection
0806.JPEG,train,16,medium,0.081126,0.646707,0.162252,0.299401,enhanced_detection
0806.JPEG,train,2,crack,0.056291,0.922156,0.112583,0.143713,enhanced_detection
0806.JPEG,train,6,front_bumper,0.056291,0.922156,0.112583,0.143713,enhanced_detection
0806.JPEG,train,16,medium,0.056291,0.922156,0.112583,0.143713,enhanced_detection
0806.JPEG,train,0,dent,0.05298,0.350299,0.10596,0.101796,enhanced_detection
0806.JPEG,train,10,left_door,0.05298,0.350299,0.10596,0.101796,enhanced_detection
0806.JPEG,train,15,low,0.05298,0.350299,0.10596,0.101796,enhanced_detection
0807.JPEG,train,3,broken_part,0.6139,0.935567,0.061776,0.118557,enhanced_detection
0807.JPEG,train,6,front_bumper,0.6139,0.935567,0.061776,0.118557,enhanced_detection
0807.JPEG,train,16,medium,0.6139,0.935567,0.061776,0.118557,enhanced_detection
0807.JPEG,train,0,dent,0.739382,0.940722,0.158301,0.108247,enhanced_detection
0807.JPEG,train,6,front_bumper,0.739382,0.940722,0.158301,0.108247,enhanced_detection
0807.JPEG,train,15,low,0.739382,0.940722,0.158301,0.108247,enhanced_detection
0807.JPEG,train,2,crack,0.465251,0.255155,0.166023,0.231959,enhanced_detection
0807.JPEG,train,9,windshield,0.465251,0.255155,0.166023,0.231959,enhanced_detection
0807.JPEG,train,16,medium,0.465251,0.255155,0.166023,0.231959,enhanced_detection
0807.JPEG,train,2,crack,0.727799,0.391753,0.057915,0.092784,enhanced_detection
0807.JPEG,train,11,right_door,0.727799,0.391753,0.057915,0.092784,enhanced_detection
0807.JPEG,train,15,low,0.727799,0.391753,0.057915,0.092784,enhanced_detection
0807.JPEG,train,0,dent,0.722008,0.850515,0.11583,0.113402,enhanced_detection
0807.JPEG,train,6,front_bumper,0.722008,0.850515,0.11583,0.113402,enhanced_detection
0807.JPEG,train,15,low,0.722008,0.850515,0.11583,0.113402,enhanced_detection
0807.JPEG,train,0,dent,0.65444,0.93299,0.065637,0.082474,enhanced_detection
0807.JPEG,train,6,front_bumper,0.65444,0.93299,0.065637,0.082474,enhanced_detection
0807.JPEG,train,15,low,0.65444,0.93299,0.065637,0.082474,enhanced_detection
0809.JPEG,train,2,crack,0.438224,0.68299,0.212355,0.139175,enhanced_detection
0809.JPEG,train,13,side_panel,0.438224,0.68299,0.212355,0.139175,enhanced_detection
0809.JPEG,train,15,low,0.438224,0.68299,0.212355,0.139175,enhanced_detection
0809.JPEG,train,0,dent,0.92278,0.907216,0.146718,0.113402,enhanced_detection
0809.JPEG,train,6,front_bumper,0.92278,0.907216,0.146718,0.113402,enhanced_detection
0809.JPEG,train,15,low,0.92278,0.907216,0.146718,0.113402,enhanced_detection
0811.JPEG,train,0,dent,0.959866,0.708333,0.060201,0.130952,enhanced_detection
0811.JPEG,train,11,right_door,0.959866,0.708333,0.060201,0.130952,enhanced_detection
0811.JPEG,train,15,low,0.959866,0.708333,0.060201,0.130952,enhanced_detection
0812.JPEG,train,2,crack,0.430502,0.878866,0.212355,0.231959,enhanced_detection
0812.JPEG,train,6,front_bumper,0.430502,0.878866,0.212355,0.231959,enhanced_detection
0812.JPEG,train,16,medium,0.430502,0.878866,0.212355,0.231959,enhanced_detection
0812.JPEG,train,0,dent,0.700772,0.878866,0.281853,0.201031,enhanced_detection
0812.JPEG,train,6,front_bumper,0.700772,0.878866,0.281853,0.201031,enhanced_detection
0812.JPEG,train,16,medium,0.700772,0.878866,0.281853,0.201031,enhanced_detection
0813.JPEG,train,3,broken_part,0.169014,0.805085,0.338028,0.378531,enhanced_detection
0813.JPEG,train,6,front_bumper,0.169014,0.805085,0.338028,0.378531,enhanced_detection
0813.JPEG,train,16,medium,0.169014,0.805085,0.338028,0.378531,enhanced_detection
0813.JPEG,train,0,dent,0.424296,0.805085,0.09507,0.163842,enhanced_detection
0813.JPEG,train,6,front_bumper,0.424296,0.805085,0.09507,0.163842,enhanced_detection
0813.JPEG,train,15,low,0.424296,0.805085,0.09507,0.163842,enhanced_detection
0814.JPEG,train,3,broken_part,0.138996,0.878866,0.277992,0.231959,enhanced_detection
0814.JPEG,train,6,front_bumper,0.138996,0.878866,0.277992,0.231959,enhanced_detection
0814.JPEG,train,16,medium,0.138996,0.878866,0.277992,0.231959,enhanced_detection
0814.JPEG,train,3,broken_part,0.206564,0.621134,0.413127,0.5,enhanced_detection
0814.JPEG,train,10,left_door,0.206564,0.621134,0.413127,0.5,enhanced_detection
0814.JPEG,train,16,medium,0.206564,0.621134,0.413127,0.5,enhanced_detection
0814.JPEG,train,0,dent,0.175676,0.054124,0.081081,0.108247,enhanced_detection
0814.JPEG,train,7,rear_bumper,0.175676,0.054124,0.081081,0.108247,enhanced_detection
0814.JPEG,train,15,low,0.175676,0.054124,0.081081,0.108247,enhanced_detection
0816.jpeg,train,4,paint_damage,0.075,0.945876,0.15,0.097938,enhanced_detection
0816.jpeg,train,6,front_bumper,0.075,0.945876,0.15,0.097938,enhanced_detection
0816.jpeg,train,15,low,0.075,0.945876,0.15,0.097938,enhanced_detection
0816.jpeg,train,4,paint_damage,0.776923,0.868557,0.438462,0.252577,enhanced_detection
0816.jpeg,train,6,front_bumper,0.776923,0.868557,0.438462,0.252577,enhanced_detection
0816.jpeg,train,16,medium,0.776923,0.868557,0.438462,0.252577,enhanced_detection
0817.JPEG,train,2,crack,0.121667,0.854167,0.243333,0.279762,enhanced_detection
0817.JPEG,train,6,front_bumper,0.121667,0.854167,0.243333,0.279762,enhanced_detection
0817.JPEG,train,16,medium,0.121667,0.854167,0.243333,0.279762,enhanced_detection
0817.JPEG,train,0,dent,0.063333,0.556548,0.126667,0.136905,enhanced_detection
0817.JPEG,train,10,left_door,0.063333,0.556548,0.126667,0.136905,enhanced_detection
0817.JPEG,train,15,low,0.063333,0.556548,0.126667,0.136905,enhanced_detection
0818.JPEG,train,0,dent,0.899614,0.280928,0.092664,0.108247,enhanced_detection
0818.JPEG,train,11,right_door,0.899614,0.280928,0.092664,0.108247,enhanced_detection
0818.JPEG,train,15,low,0.899614,0.280928,0.092664,0.108247,enhanced_detection
0818.JPEG,train,3,broken_part,0.03668,0.108247,0.073359,0.216495,enhanced_detection
0818.JPEG,train,10,left_door,0.03668,0.108247,0.073359,0.216495,enhanced_detection
0818.JPEG,train,16,medium,0.03668,0.108247,0.073359,0.216495,enhanced_detection
0818.JPEG,train,0,dent,0.067568,0.876289,0.135135,0.185567,enhanced_detection
0818.JPEG,train,10,left_door,0.067568,0.876289,0.135135,0.185567,enhanced_detection
0818.JPEG,train,15,low,0.067568,0.876289,0.135135,0.185567,enhanced_detection
0819.JPEG,train,2,crack,0.9,0.095628,0.192727,0.191257,enhanced_detection
0819.JPEG,train,7,rear_bumper,0.9,0.095628,0.192727,0.191257,enhanced_detection
0819.JPEG,train,16,medium,0.9,0.095628,0.192727,0.191257,enhanced_detection
0819.JPEG,train,2,crack,0.394545,0.497268,0.672727,0.994536,enhanced_detection
0819.JPEG,train,14,other_location,0.394545,0.497268,0.672727,0.994536,enhanced_detection
0819.JPEG,train,16,medium,0.394545,0.497268,0.672727,0.994536,enhanced_detection
0819.JPEG,train,0,dent,0.06,0.169399,0.12,0.251366,enhanced_detection
0819.JPEG,train,10,left_door,0.06,0.169399,0.12,0.251366,enhanced_detection
0819.JPEG,train,15,low,0.06,0.169399,0.12,0.251366,enhanced_detection
0819.JPEG,train,0,dent,0.118182,0.718579,0.236364,0.551913,enhanced_detection
0819.JPEG,train,10,left_door,0.118182,0.718579,0.236364,0.551913,enhanced_detection
0819.JPEG,train,16,medium,0.118182,0.718579,0.236364,0.551913,enhanced_detection
0819.JPEG,train,0,dent,0.78,0.185792,0.127273,0.185792,enhanced_detection
0819.JPEG,train,12,roof,0.78,0.185792,0.127273,0.185792,enhanced_detection
0819.JPEG,train,15,low,0.78,0.185792,0.127273,0.185792,enhanced_detection
0819.JPEG,train,0,dent,0.781818,0.349727,0.16,0.174863,enhanced_detection
0819.JPEG,train,11,right_door,0.781818,0.349727,0.16,0.174863,enhanced_detection
0819.JPEG,train,15,low,0.781818,0.349727,0.16,0.174863,enhanced_detection
0819.JPEG,train,0,dent,0.689091,0.163934,0.076364,0.131148,enhanced_detection
0819.JPEG,train,12,roof,0.689091,0.163934,0.076364,0.131148,enhanced_detection
0819.JPEG,train,15,low,0.689091,0.163934,0.076364,0.131148,enhanced_detection
0820.JPEG,train,0,dent,0.876448,0.337629,0.239382,0.407216,enhanced_detection
0820.JPEG,train,11,right_door,0.876448,0.337629,0.239382,0.407216,enhanced_detection
0820.JPEG,train,16,medium,0.876448,0.337629,0.239382,0.407216,enhanced_detection
0820.JPEG,train,0,dent,0.803089,0.832474,0.100386,0.097938,enhanced_detection
0820.JPEG,train,6,front_bumper,0.803089,0.832474,0.100386,0.097938,enhanced_detection
0820.JPEG,train,16,medium,0.803089,0.832474,0.100386,0.097938,enhanced_detection
0821.JPEG,train,2,crack,0.899614,0.858247,0.19305,0.21134,enhanced_detection
0821.JPEG,train,6,front_bumper,0.899614,0.858247,0.19305,0.21134,enhanced_detection
0821.JPEG,train,16,medium,0.899614,0.858247,0.19305,0.21134,enhanced_detection
0821.JPEG,train,0,dent,0.509653,0.881443,0.138996,0.14433,enhanced_detection
0821.JPEG,train,6,front_bumper,0.509653,0.881443,0.138996,0.14433,enhanced_detection
0821.JPEG,train,15,low,0.509653,0.881443,0.138996,0.14433,enhanced_detection
0824.JPEG,train,0,dent,0.872881,0.839181,0.20678,0.309942,enhanced_detection
0824.JPEG,train,6,front_bumper,0.872881,0.839181,0.20678,0.309942,enhanced_detection
0824.JPEG,train,16,medium,0.872881,0.839181,0.20678,0.309942,enhanced_detection
0825.JPEG,train,0,dent,0.601818,0.863388,0.069091,0.098361,enhanced_detection
0825.JPEG,train,6,front_bumper,0.601818,0.863388,0.069091,0.098361,enhanced_detection
0825.JPEG,train,15,low,0.601818,0.863388,0.069091,0.098361,enhanced_detection
0826.JPEG,train,0,dent,0.887273,0.510929,0.109091,0.136612,enhanced_detection
0826.JPEG,train,11,right_door,0.887273,0.510929,0.109091,0.136612,enhanced_detection
0826.JPEG,train,15,low,0.887273,0.510929,0.109091,0.136612,enhanced_detection
0826.JPEG,train,0,dent,0.814545,0.614754,0.363636,0.333333,enhanced_detection
0826.JPEG,train,11,right_door,0.814545,0.614754,0.363636,0.333333,enhanced_detection
0826.JPEG,train,16,medium,0.814545,0.614754,0.363636,0.333333,enhanced_detection
0829.JPEG,train,0,dent,0.100386,0.945876,0.123552,0.097938,enhanced_detection
0829.JPEG,train,6,front_bumper,0.100386,0.945876,0.123552,0.097938,enhanced_detection
0829.JPEG,train,15,low,0.100386,0.945876,0.123552,0.097938,enhanced_detection
0829.JPEG,train,0,dent,0.880309,0.953608,0.177606,0.082474,enhanced_detection
0829.JPEG,train,6,front_bumper,0.880309,0.953608,0.177606,0.082474,enhanced_detection
0829.JPEG,train,15,low,0.880309,0.953608,0.177606,0.082474,enhanced_detection
0830.JPEG,train,0,dent,0.169884,0.935567,0.061776,0.118557,enhanced_detection
0830.JPEG,train,6,front_bumper,0.169884,0.935567,0.061776,0.118557,enhanced_detection
0830.JPEG,train,15,low,0.169884,0.935567,0.061776,0.118557,enhanced_detection
0830.JPEG,train,0,dent,0.071429,0.917526,0.142857,0.154639,enhanced_detection
0830.JPEG,train,6,front_bumper,0.071429,0.917526,0.142857,0.154639,enhanced_detection
0830.JPEG,train,15,low,0.071429,0.917526,0.142857,0.154639,enhanced_detection
0832.JPEG,train,2,crack,0.281818,0.806011,0.563636,0.377049,enhanced_detection
0832.JPEG,train,6,front_bumper,0.281818,0.806011,0.563636,0.377049,enhanced_detection
0832.JPEG,train,17,high,0.281818,0.806011,0.563636,0.377049,enhanced_detection
0832.JPEG,train,2,crack,0.821818,0.284153,0.312727,0.131148,enhanced_detection
0832.JPEG,train,11,right_door,0.821818,0.284153,0.312727,0.131148,enhanced_detection
0832.JPEG,train,15,low,0.821818,0.284153,0.312727,0.131148,enhanced_detection
0833.JPEG,train,4,paint_damage,0.050193,0.75,0.092664,0.242268,enhanced_detection
0833.JPEG,train,10,left_door,0.050193,0.75,0.092664,0.242268,enhanced_detection
0833.JPEG,train,15,low,0.050193,0.75,0.092664,0.242268,enhanced_detection
0833.JPEG,train,4,paint_damage,0.131274,0.502577,0.092664,0.128866,enhanced_detection
0833.JPEG,train,10,left_door,0.131274,0.502577,0.092664,0.128866,enhanced_detection
0833.JPEG,train,15,low,0.131274,0.502577,0.092664,0.128866,enhanced_detection
0834.JPEG,train,2,crack,0.03668,0.693299,0.073359,0.07732,enhanced_detection
0834.JPEG,train,10,left_door,0.03668,0.693299,0.073359,0.07732,enhanced_detection
0834.JPEG,train,16,medium,0.03668,0.693299,0.073359,0.07732,enhanced_detection
0838.JPEG,train,0,dent,0.202703,0.956186,0.127413,0.07732,enhanced_detection
0838.JPEG,train,6,front_bumper,0.202703,0.956186,0.127413,0.07732,enhanced_detection
0838.JPEG,train,15,low,0.202703,0.956186,0.127413,0.07732,enhanced_detection
0838.JPEG,train,4,paint_damage,0.102317,0.216495,0.204633,0.082474,enhanced_detection
0838.JPEG,train,10,left_door,0.102317,0.216495,0.204633,0.082474,enhanced_detection
0838.JPEG,train,15,low,0.102317,0.216495,0.204633,0.082474,enhanced_detection
0838.JPEG,train,0,dent,0.279923,0.505155,0.150579,0.082474,enhanced_detection
0838.JPEG,train,10,left_door,0.279923,0.505155,0.150579,0.082474,enhanced_detection
0838.JPEG,train,15,low,0.279923,0.505155,0.150579,0.082474,enhanced_detection
0838.JPEG,train,4,paint_damage,0.03668,0.559278,0.073359,0.118557,enhanced_detection
0838.JPEG,train,10,left_door,0.03668,0.559278,0.073359,0.118557,enhanced_detection
0838.JPEG,train,15,low,0.03668,0.559278,0.073359,0.118557,enhanced_detection
0838.JPEG,train,0,dent,0.872587,0.884021,0.138996,0.159794,enhanced_detection
0838.JPEG,train,6,front_bumper,0.872587,0.884021,0.138996,0.159794,enhanced_detection
0838.JPEG,train,15,low,0.872587,0.884021,0.138996,0.159794,enhanced_detection
0840.JPEG,train,2,crack,0.272201,0.497423,0.544402,0.994845,enhanced_detection
0840.JPEG,train,10,left_door,0.272201,0.497423,0.544402,0.994845,enhanced_detection
0840.JPEG,train,17,high,0.272201,0.497423,0.544402,0.994845,enhanced_detection
0840.JPEG,train,0,dent,0.245174,0.286082,0.173745,0.221649,enhanced_detection
0840.JPEG,train,10,left_door,0.245174,0.286082,0.173745,0.221649,enhanced_detection
0840.JPEG,train,15,low,0.245174,0.286082,0.173745,0.221649,enhanced_detection
0840.JPEG,train,0,dent,0.911197,0.123711,0.084942,0.14433,enhanced_detection
0840.JPEG,train,7,rear_bumper,0.911197,0.123711,0.084942,0.14433,enhanced_detection
0840.JPEG,train,15,low,0.911197,0.123711,0.084942,0.14433,enhanced_detection
0840.JPEG,train,0,dent,0.544402,0.806701,0.19305,0.335052,enhanced_detection
0840.JPEG,train,6,front_bumper,0.544402,0.806701,0.19305,0.335052,enhanced_detection
0840.JPEG,train,16,medium,0.544402,0.806701,0.19305,0.335052,enhanced_detection
0840.JPEG,train,0,dent,0.872587,0.301546,0.123552,0.149485,enhanced_detection
0840.JPEG,train,11,right_door,0.872587,0.301546,0.123552,0.149485,enhanced_detection
0840.JPEG,train,15,low,0.872587,0.301546,0.123552,0.149485,enhanced_detection
0840.JPEG,train,0,dent,0.46139,0.618557,0.073359,0.103093,enhanced_detection
0840.JPEG,train,13,side_panel,0.46139,0.618557,0.073359,0.103093,enhanced_detection
0840.JPEG,train,15,low,0.46139,0.618557,0.073359,0.103093,enhanced_detection
0841.JPEG,train,0,dent,0.102317,0.069588,0.073359,0.118557,enhanced_detection
0841.JPEG,train,7,rear_bumper,0.102317,0.069588,0.073359,0.118557,enhanced_detection
0841.JPEG,train,15,low,0.102317,0.069588,0.073359,0.118557,enhanced_detection
0842.JPEG,train,2,crack,0.92471,0.865979,0.142857,0.257732,enhanced_detection
0842.JPEG,train,11,right_door,0.92471,0.865979,0.142857,0.257732,enhanced_detection
0842.JPEG,train,16,medium,0.92471,0.865979,0.142857,0.257732,enhanced_detection
0842.JPEG,train,2,crack,0.862934,0.582474,0.073359,0.082474,enhanced_detection
0842.JPEG,train,11,right_door,0.862934,0.582474,0.073359,0.082474,enhanced_detection
0842.JPEG,train,15,low,0.862934,0.582474,0.073359,0.082474,enhanced_detection
0843.JPEG,train,0,dent,0.449807,0.845361,0.343629,0.298969,enhanced_detection
0843.JPEG,train,6,front_bumper,0.449807,0.845361,0.343629,0.298969,enhanced_detection
0843.JPEG,train,16,medium,0.449807,0.845361,0.343629,0.298969,enhanced_detection
0843.JPEG,train,0,dent,0.34749,0.603093,0.138996,0.134021,enhanced_detection
0843.JPEG,train,13,side_panel,0.34749,0.603093,0.138996,0.134021,enhanced_detection
0843.JPEG,train,15,low,0.34749,0.603093,0.138996,0.134021,enhanced_detection
0843.JPEG,train,0,dent,0.947876,0.610825,0.096525,0.108247,enhanced_detection
0843.JPEG,train,11,right_door,0.947876,0.610825,0.096525,0.108247,enhanced_detection
0843.JPEG,train,15,low,0.947876,0.610825,0.096525,0.108247,enhanced_detection
0843.JPEG,train,0,dent,0.571429,0.68299,0.069498,0.097938,enhanced_detection
0843.JPEG,train,13,side_panel,0.571429,0.68299,0.069498,0.097938,enhanced_detection
0843.JPEG,train,15,low,0.571429,0.68299,0.069498,0.097938,enhanced_detection
0844.JPEG,train,2,crack,0.899614,0.92268,0.19305,0.14433,enhanced_detection
0844.JPEG,train,6,front_bumper,0.899614,0.92268,0.19305,0.14433,enhanced_detection
0844.JPEG,train,16,medium,0.899614,0.92268,0.19305,0.14433,enhanced_detection
0844.JPEG,train,2,crack,0.891892,0.809278,0.208494,0.329897,enhanced_detection
0844.JPEG,train,11,right_door,0.891892,0.809278,0.208494,0.329897,enhanced_detection
0844.JPEG,train,16,medium,0.891892,0.809278,0.208494,0.329897,enhanced_detection
0844.JPEG,train,2,crack,0.032819,0.945876,0.065637,0.097938,enhanced_detection
0844.JPEG,train,13,side_panel,0.032819,0.945876,0.065637,0.097938,enhanced_detection
0844.JPEG,train,16,medium,0.032819,0.945876,0.065637,0.097938,enhanced_detection
0844.JPEG,train,4,paint_damage,0.084942,0.610825,0.169884,0.21134,enhanced_detection
0844.JPEG,train,10,left_door,0.084942,0.610825,0.169884,0.21134,enhanced_detection
0844.JPEG,train,16,medium,0.084942,0.610825,0.169884,0.21134,enhanced_detection
0845.jpeg,train,4,paint_damage,0.108108,0.350515,0.084942,0.113402,enhanced_detection
0845.jpeg,train,10,left_door,0.108108,0.350515,0.084942,0.113402,enhanced_detection
0845.jpeg,train,16,medium,0.108108,0.350515,0.084942,0.113402,enhanced_detection
0845.jpeg,train,2,crack,0.374517,0.92268,0.393822,0.14433,enhanced_detection
0845.jpeg,train,6,front_bumper,0.374517,0.92268,0.393822,0.14433,enhanced_detection
0845.jpeg,train,16,medium,0.374517,0.92268,0.393822,0.14433,enhanced_detection
0848.JPEG,train,2,crack,0.498069,0.322165,0.996139,0.64433,enhanced_detection
0848.JPEG,train,8,hood,0.498069,0.322165,0.996139,0.64433,enhanced_detection
0848.JPEG,train,17,high,0.498069,0.322165,0.996139,0.64433,enhanced_detection
0848.JPEG,train,2,crack,0.909266,0.920103,0.173745,0.149485,enhanced_detection
0848.JPEG,train,6,front_bumper,0.909266,0.920103,0.173745,0.149485,enhanced_detection
0848.JPEG,train,16,medium,0.909266,0.920103,0.173745,0.149485,enhanced_detection
0849.JPEG,train,4,paint_damage,0.940154,0.940722,0.111969,0.108247,enhanced_detection
0849.JPEG,train,6,front_bumper,0.940154,0.940722,0.111969,0.108247,enhanced_detection
0849.JPEG,train,15,low,0.940154,0.940722,0.111969,0.108247,enhanced_detection
0850.JPEG,train,2,crack,0.251761,0.098315,0.130282,0.196629,enhanced_detection
0850.JPEG,train,7,rear_bumper,0.251761,0.098315,0.130282,0.196629,enhanced_detection
0850.JPEG,train,16,medium,0.251761,0.098315,0.130282,0.196629,enhanced_detection
0850.JPEG,train,2,crack,0.086268,0.106742,0.172535,0.101124,enhanced_detection
0850.JPEG,train,7,rear_bumper,0.086268,0.106742,0.172535,0.101124,enhanced_detection
0850.JPEG,train,16,medium,0.086268,0.106742,0.172535,0.101124,enhanced_detection
0853.JPEG,train,2,crack,0.697318,0.898964,0.122605,0.07772,enhanced_detection
0853.JPEG,train,6,front_bumper,0.697318,0.898964,0.122605,0.07772,enhanced_detection
0853.JPEG,train,15,low,0.697318,0.898964,0.122605,0.07772,enhanced_detection
0854.JPEG,train,2,crack,0.952869,0.645631,0.086066,0.291262,enhanced_detection
0854.JPEG,train,11,right_door,0.952869,0.645631,0.086066,0.291262,enhanced_detection
0854.JPEG,train,16,medium,0.952869,0.645631,0.086066,0.291262,enhanced_detection
0855.JPEG,train,2,crack,0.39959,0.854369,0.22541,0.106796,enhanced_detection
0855.JPEG,train,6,front_bumper,0.39959,0.854369,0.22541,0.106796,enhanced_detection
0855.JPEG,train,16,medium,0.39959,0.854369,0.22541,0.106796,enhanced_detection
0855.JPEG,train,0,dent,0.944672,0.347087,0.102459,0.092233,enhanced_detection
0855.JPEG,train,11,right_door,0.944672,0.347087,0.102459,0.092233,enhanced_detection
0855.JPEG,train,15,low,0.944672,0.347087,0.102459,0.092233,enhanced_detection
0855.JPEG,train,2,crack,0.881148,0.90534,0.229508,0.11165,enhanced_detection
0855.JPEG,train,6,front_bumper,0.881148,0.90534,0.229508,0.11165,enhanced_detection
0855.JPEG,train,15,low,0.881148,0.90534,0.229508,0.11165,enhanced_detection
0856.JPEG,train,0,dent,0.06,0.806667,0.12,0.075556,enhanced_detection
0856.JPEG,train,10,left_door,0.06,0.806667,0.12,0.075556,enhanced_detection
0856.JPEG,train,16,medium,0.06,0.806667,0.12,0.075556,enhanced_detection
0856.JPEG,train,0,dent,0.502222,0.911111,0.302222,0.168889,enhanced_detection
0856.JPEG,train,6,front_bumper,0.502222,0.911111,0.302222,0.168889,enhanced_detection
0856.JPEG,train,16,medium,0.502222,0.911111,0.302222,0.168889,enhanced_detection
0856.JPEG,train,0,dent,0.306667,0.946667,0.106667,0.097778,enhanced_detection
0856.JPEG,train,6,front_bumper,0.306667,0.946667,0.106667,0.097778,enhanced_detection
0856.JPEG,train,15,low,0.306667,0.946667,0.106667,0.097778,enhanced_detection
0856.JPEG,train,0,dent,0.431111,0.877778,0.08,0.102222,enhanced_detection
0856.JPEG,train,6,front_bumper,0.431111,0.877778,0.08,0.102222,enhanced_detection
0856.JPEG,train,15,low,0.431111,0.877778,0.08,0.102222,enhanced_detection
0856.JPEG,train,4,paint_damage,0.286667,0.731111,0.262222,0.111111,enhanced_detection
0856.JPEG,train,6,front_bumper,0.286667,0.731111,0.262222,0.111111,enhanced_detection
0856.JPEG,train,15,low,0.286667,0.731111,0.262222,0.111111,enhanced_detection
0857.JPEG,train,3,broken_part,0.650579,0.695876,0.490347,0.371134,enhanced_detection
0857.JPEG,train,13,side_panel,0.650579,0.695876,0.490347,0.371134,enhanced_detection
0857.JPEG,train,16,medium,0.650579,0.695876,0.490347,0.371134,enhanced_detection
0857.JPEG,train,0,dent,0.951737,0.719072,0.088803,0.139175,enhanced_detection
0857.JPEG,train,11,right_door,0.951737,0.719072,0.088803,0.139175,enhanced_detection
0857.JPEG,train,15,low,0.951737,0.719072,0.088803,0.139175,enhanced_detection
0857.JPEG,train,0,dent,0.951737,0.850515,0.088803,0.164948,enhanced_detection
0857.JPEG,train,11,right_door,0.951737,0.850515,0.088803,0.164948,enhanced_detection
0857.JPEG,train,15,low,0.951737,0.850515,0.088803,0.164948,enhanced_detection
0858.JPEG,train,0,dent,0.057915,0.891753,0.07722,0.092784,enhanced_detection
0858.JPEG,train,10,left_door,0.057915,0.891753,0.07722,0.092784,enhanced_detection
0858.JPEG,train,15,low,0.057915,0.891753,0.07722,0.092784,enhanced_detection
0861.JPEG,train,0,dent,0.699275,0.409836,0.072464,0.087432,enhanced_detection
0861.JPEG,train,11,right_door,0.699275,0.409836,0.072464,0.087432,enhanced_detection
0861.JPEG,train,15,low,0.699275,0.409836,0.072464,0.087432,enhanced_detection
0862.JPEG,train,2,crack,0.498069,0.438144,0.996139,0.649485,enhanced_detection
0862.JPEG,train,14,other_location,0.498069,0.438144,0.996139,0.649485,enhanced_detection
0862.JPEG,train,17,high,0.498069,0.438144,0.996139,0.649485,enhanced_detection
0863.JPEG,train,2,crack,0.907336,0.891753,0.177606,0.092784,enhanced_detection
0863.JPEG,train,6,front_bumper,0.907336,0.891753,0.177606,0.092784,enhanced_detection
0863.JPEG,train,16,medium,0.907336,0.891753,0.177606,0.092784,enhanced_detection
0863.JPEG,train,3,broken_part,0.532819,0.840206,0.926641,0.309278,enhanced_detection
0863.JPEG,train,6,front_bumper,0.532819,0.840206,0.926641,0.309278,enhanced_detection
0863.JPEG,train,16,medium,0.532819,0.840206,0.926641,0.309278,enhanced_detection
0863.JPEG,train,0,dent,0.891892,0.796392,0.208494,0.118557,enhanced_detection
0863.JPEG,train,11,right_door,0.891892,0.796392,0.208494,0.118557,enhanced_detection
0863.JPEG,train,15,low,0.891892,0.796392,0.208494,0.118557,enhanced_detection
0865.JPEG,train,0,dent,0.954183,0.912935,0.083665,0.164179,enhanced_detection
0865.JPEG,train,11,right_door,0.954183,0.912935,0.083665,0.164179,enhanced_detection
0865.JPEG,train,15,low,0.954183,0.912935,0.083665,0.164179,enhanced_detection
0865.JPEG,train,2,crack,0.619522,0.825871,0.139442,0.139303,enhanced_detection
0865.JPEG,train,6,front_bumper,0.619522,0.825871,0.139442,0.139303,enhanced_detection
0865.JPEG,train,15,low,0.619522,0.825871,0.139442,0.139303,enhanced_detection
0865.JPEG,train,0,dent,0.796813,0.273632,0.063745,0.099502,enhanced_detection
0865.JPEG,train,11,right_door,0.796813,0.273632,0.063745,0.099502,enhanced_detection
0865.JPEG,train,15,low,0.796813,0.273632,0.063745,0.099502,enhanced_detection
0865.JPEG,train,0,dent,0.035857,0.624378,0.071713,0.124378,enhanced_detection
0865.JPEG,train,10,left_door,0.035857,0.624378,0.071713,0.124378,enhanced_detection
0865.JPEG,train,15,low,0.035857,0.624378,0.071713,0.124378,enhanced_detection
0866.JPEG,train,2,crack,0.46332,0.899485,0.100386,0.097938,enhanced_detection
0866.JPEG,train,6,front_bumper,0.46332,0.899485,0.100386,0.097938,enhanced_detection
0866.JPEG,train,16,medium,0.46332,0.899485,0.100386,0.097938,enhanced_detection
0867.JPEG,train,2,crack,0.050909,0.092896,0.101818,0.185792,enhanced_detection
0867.JPEG,train,7,rear_bumper,0.050909,0.092896,0.101818,0.185792,enhanced_detection
0867.JPEG,train,16,medium,0.050909,0.092896,0.101818,0.185792,enhanced_detection
0867.JPEG,train,2,crack,0.28,0.751366,0.450909,0.245902,enhanced_detection
0867.JPEG,train,6,front_bumper,0.28,0.751366,0.450909,0.245902,enhanced_detection
0867.JPEG,train,16,medium,0.28,0.751366,0.450909,0.245902,enhanced_detection
0867.JPEG,train,0,dent,0.82,0.885246,0.156364,0.120219,enhanced_detection
0867.JPEG,train,6,front_bumper,0.82,0.885246,0.156364,0.120219,enhanced_detection
0867.JPEG,train,15,low,0.82,0.885246,0.156364,0.120219,enhanced_detection
0867.JPEG,train,0,dent,0.805455,0.754098,0.083636,0.10929,enhanced_detection
0867.JPEG,train,11,right_door,0.805455,0.754098,0.083636,0.10929,enhanced_detection
0867.JPEG,train,15,low,0.805455,0.754098,0.083636,0.10929,enhanced_detection
0867.JPEG,train,2,crack,0.2,0.581967,0.4,0.114754,enhanced_detection
0867.JPEG,train,10,left_door,0.2,0.581967,0.4,0.114754,enhanced_detection
0867.JPEG,train,16,medium,0.2,0.581967,0.4,0.114754,enhanced_detection
0867.JPEG,train,2,crack,0.243636,0.412568,0.487273,0.15847,enhanced_detection
0867.JPEG,train,10,left_door,0.243636,0.412568,0.487273,0.15847,enhanced_detection
0867.JPEG,train,16,medium,0.243636,0.412568,0.487273,0.15847,enhanced_detection
0869.JPEG,train,2,crack,0.793436,0.051546,0.405405,0.103093,enhanced_detection
0869.JPEG,train,7,rear_bumper,0.793436,0.051546,0.405405,0.103093,enhanced_detection
0869.JPEG,train,16,medium,0.793436,0.051546,0.405405,0.103093,enhanced_detection
0869.JPEG,train,3,broken_part,0.063707,0.902062,0.127413,0.185567,enhanced_detection
0869.JPEG,train,6,front_bumper,0.063707,0.902062,0.127413,0.185567,enhanced_detection
0869.JPEG,train,16,medium,0.063707,0.902062,0.127413,0.185567,enhanced_detection
0869.JPEG,train,0,dent,0.254826,0.319588,0.509653,0.639175,enhanced_detection
0869.JPEG,train,10,left_door,0.254826,0.319588,0.509653,0.639175,enhanced_detection
0869.JPEG,train,16,medium,0.254826,0.319588,0.509653,0.639175,enhanced_detection
0869.JPEG,train,2,crack,0.26834,0.744845,0.53668,0.5,enhanced_detection
0869.JPEG,train,6,front_bumper,0.26834,0.744845,0.53668,0.5,enhanced_detection
0869.JPEG,train,17,high,0.26834,0.744845,0.53668,0.5,enhanced_detection
0869.JPEG,train,0,dent,0.210425,0.904639,0.227799,0.180412,enhanced_detection
0869.JPEG,train,6,front_bumper,0.210425,0.904639,0.227799,0.180412,enhanced_detection
0869.JPEG,train,16,medium,0.210425,0.904639,0.227799,0.180412,enhanced_detection
0869.JPEG,train,0,dent,0.949807,0.706186,0.092664,0.134021,enhanced_detection
0869.JPEG,train,11,right_door,0.949807,0.706186,0.092664,0.134021,enhanced_detection
0869.JPEG,train,15,low,0.949807,0.706186,0.092664,0.134021,enhanced_detection
0870.JPEG,train,2,crack,0.813525,0.915049,0.364754,0.082524,enhanced_detection
0870.JPEG,train,6,front_bumper,0.813525,0.915049,0.364754,0.082524,enhanced_detection
0870.JPEG,train,15,low,0.813525,0.915049,0.364754,0.082524,enhanced_detection
0872.JPEG,train,2,crack,0.772201,0.095361,0.447876,0.190722,enhanced_detection
0872.JPEG,train,7,rear_bumper,0.772201,0.095361,0.447876,0.190722,enhanced_detection
0872.JPEG,train,16,medium,0.772201,0.095361,0.447876,0.190722,enhanced_detection
0872.JPEG,train,0,dent,0.102317,0.914948,0.204633,0.159794,enhanced_detection
0872.JPEG,train,6,front_bumper,0.102317,0.914948,0.204633,0.159794,enhanced_detection
0872.JPEG,train,15,low,0.102317,0.914948,0.204633,0.159794,enhanced_detection
0874.JPEG,train,0,dent,0.067568,0.706186,0.135135,0.309278,enhanced_detection
0874.JPEG,train,10,left_door,0.067568,0.706186,0.135135,0.309278,enhanced_detection
0874.JPEG,train,15,low,0.067568,0.706186,0.135135,0.309278,enhanced_detection
0874.JPEG,train,0,dent,0.333977,0.768041,0.081081,0.092784,enhanced_detection
0874.JPEG,train,6,front_bumper,0.333977,0.768041,0.081081,0.092784,enhanced_detection
0874.JPEG,train,15,low,0.333977,0.768041,0.081081,0.092784,enhanced_detection
0875.JPEG,train,2,crack,0.376448,0.085052,0.667954,0.170103,enhanced_detection
0875.JPEG,train,7,rear_bumper,0.376448,0.085052,0.667954,0.170103,enhanced_detection
0875.JPEG,train,16,medium,0.376448,0.085052,0.667954,0.170103,enhanced_detection
0875.JPEG,train,2,crack,0.088803,0.244845,0.177606,0.386598,enhanced_detection
0875.JPEG,train,10,left_door,0.088803,0.244845,0.177606,0.386598,enhanced_detection
0875.JPEG,train,16,medium,0.088803,0.244845,0.177606,0.386598,enhanced_detection
0875.JPEG,train,2,crack,0.776062,0.579897,0.401544,0.149485,enhanced_detection
0875.JPEG,train,11,right_door,0.776062,0.579897,0.401544,0.149485,enhanced_detection
0875.JPEG,train,16,medium,0.776062,0.579897,0.401544,0.149485,enhanced_detection
0875.JPEG,train,2,crack,0.689189,0.64433,0.6139,0.340206,enhanced_detection
0875.JPEG,train,11,right_door,0.689189,0.64433,0.6139,0.340206,enhanced_detection
0875.JPEG,train,16,medium,0.689189,0.64433,0.6139,0.340206,enhanced_detection
0876.JPEG,train,0,dent,0.687273,0.904372,0.189091,0.180328,enhanced_detection
0876.JPEG,train,6,front_bumper,0.687273,0.904372,0.189091,0.180328,enhanced_detection
0876.JPEG,train,16,medium,0.687273,0.904372,0.189091,0.180328,enhanced_detection
0877.JPEG,train,3,broken_part,0.69305,0.206186,0.606178,0.412371,enhanced_detection
0877.JPEG,train,9,windshield,0.69305,0.206186,0.606178,0.412371,enhanced_detection
0877.JPEG,train,16,medium,0.69305,0.206186,0.606178,0.412371,enhanced_detection
0877.JPEG,train,0,dent,0.330116,0.873711,0.281853,0.242268,enhanced_detection
0877.JPEG,train,6,front_bumper,0.330116,0.873711,0.281853,0.242268,enhanced_detection
0877.JPEG,train,16,medium,0.330116,0.873711,0.281853,0.242268,enhanced_detection
0877.JPEG,train,0,dent,0.289575,0.716495,0.061776,0.164948,enhanced_detection
0877.JPEG,train,10,left_door,0.289575,0.716495,0.061776,0.164948,enhanced_detection
0877.JPEG,train,15,low,0.289575,0.716495,0.061776,0.164948,enhanced_detection
0878.JPEG,train,2,crack,0.716216,0.072165,0.559846,0.14433,enhanced_detection
0878.JPEG,train,7,rear_bumper,0.716216,0.072165,0.559846,0.14433,enhanced_detection
0878.JPEG,train,16,medium,0.716216,0.072165,0.559846,0.14433,enhanced_detection
0878.JPEG,train,2,crack,0.181467,0.920103,0.362934,0.149485,enhanced_detection
0878.JPEG,train,6,front_bumper,0.181467,0.920103,0.362934,0.149485,enhanced_detection
0878.JPEG,train,16,medium,0.181467,0.920103,0.362934,0.149485,enhanced_detection
0878.JPEG,train,2,crack,0.478764,0.945876,0.262548,0.097938,enhanced_detection
0878.JPEG,train,6,front_bumper,0.478764,0.945876,0.262548,0.097938,enhanced_detection
0878.JPEG,train,16,medium,0.478764,0.945876,0.262548,0.097938,enhanced_detection
0878.JPEG,train,2,crack,0.223938,0.113402,0.138996,0.175258,enhanced_detection
0878.JPEG,train,7,rear_bumper,0.223938,0.113402,0.138996,0.175258,enhanced_detection
0878.JPEG,train,16,medium,0.223938,0.113402,0.138996,0.175258,enhanced_detection
0878.JPEG,train,2,crack,0.930502,0.502577,0.131274,0.087629,enhanced_detection
0878.JPEG,train,11,right_door,0.930502,0.502577,0.131274,0.087629,enhanced_detection
0878.JPEG,train,16,medium,0.930502,0.502577,0.131274,0.087629,enhanced_detection
0878.JPEG,train,2,crack,0.133205,0.164948,0.196911,0.329897,enhanced_detection
0878.JPEG,train,7,rear_bumper,0.133205,0.164948,0.196911,0.329897,enhanced_detection
0878.JPEG,train,16,medium,0.133205,0.164948,0.196911,0.329897,enhanced_detection
0878.JPEG,train,2,crack,0.03861,0.188144,0.07722,0.118557,enhanced_detection
0878.JPEG,train,10,left_door,0.03861,0.188144,0.07722,0.118557,enhanced_detection
0878.JPEG,train,16,medium,0.03861,0.188144,0.07722,0.118557,enhanced_detection
0878.JPEG,train,3,broken_part,0.380309,0.713918,0.305019,0.427835,enhanced_detection
0878.JPEG,train,13,side_panel,0.380309,0.713918,0.305019,0.427835,enhanced_detection
0878.JPEG,train,16,medium,0.380309,0.713918,0.305019,0.427835,enhanced_detection
0878.JPEG,train,0,dent,0.173745,0.520619,0.34749,0.628866,enhanced_detection
0878.JPEG,train,10,left_door,0.173745,0.520619,0.34749,0.628866,enhanced_detection
0878.JPEG,train,16,medium,0.173745,0.520619,0.34749,0.628866,enhanced_detection
0878.JPEG,train,2,crack,0.795367,0.755155,0.401544,0.108247,enhanced_detection
0878.JPEG,train,11,right_door,0.795367,0.755155,0.401544,0.108247,enhanced_detection
0878.JPEG,train,16,medium,0.795367,0.755155,0.401544,0.108247,enhanced_detection
0878.JPEG,train,0,dent,0.600386,0.412371,0.142857,0.14433,enhanced_detection
0878.JPEG,train,13,side_panel,0.600386,0.412371,0.142857,0.14433,enhanced_detection
0878.JPEG,train,15,low,0.600386,0.412371,0.142857,0.14433,enhanced_detection
0878.JPEG,train,0,dent,0.92471,0.873711,0.142857,0.242268,enhanced_detection
0878.JPEG,train,6,front_bumper,0.92471,0.873711,0.142857,0.242268,enhanced_detection
0878.JPEG,train,16,medium,0.92471,0.873711,0.142857,0.242268,enhanced_detection
0878.JPEG,train,2,crack,0.706564,0.492268,0.216216,0.108247,enhanced_detection
0878.JPEG,train,11,right_door,0.706564,0.492268,0.216216,0.108247,enhanced_detection
0878.JPEG,train,15,low,0.706564,0.492268,0.216216,0.108247,enhanced_detection
0878.JPEG,train,2,crack,0.090734,0.342784,0.127413,0.139175,enhanced_detection
0878.JPEG,train,10,left_door,0.090734,0.342784,0.127413,0.139175,enhanced_detection
0878.JPEG,train,16,medium,0.090734,0.342784,0.127413,0.139175,enhanced_detection
0881.JPEG,train,2,crack,0.497423,0.234615,0.994845,0.469231,enhanced_detection
0881.JPEG,train,9,windshield,0.497423,0.234615,0.994845,0.469231,enhanced_detection
0881.JPEG,train,17,high,0.497423,0.234615,0.994845,0.469231,enhanced_detection
0881.JPEG,train,2,crack,0.268041,0.509615,0.536082,0.157692,enhanced_detection
0881.JPEG,train,10,left_door,0.268041,0.509615,0.536082,0.157692,enhanced_detection
0881.JPEG,train,16,medium,0.268041,0.509615,0.536082,0.157692,enhanced_detection
0881.JPEG,train,2,crack,0.448454,0.813462,0.762887,0.365385,enhanced_detection
0881.JPEG,train,6,front_bumper,0.448454,0.813462,0.762887,0.365385,enhanced_detection
0881.JPEG,train,17,high,0.448454,0.813462,0.762887,0.365385,enhanced_detection
0881.JPEG,train,4,paint_damage,0.917526,0.540385,0.103093,0.080769,enhanced_detection
0881.JPEG,train,11,right_door,0.917526,0.540385,0.103093,0.080769,enhanced_detection
0881.JPEG,train,15,low,0.917526,0.540385,0.103093,0.080769,enhanced_detection
0881.JPEG,train,0,dent,0.891753,0.890385,0.206186,0.211538,enhanced_detection
0881.JPEG,train,6,front_bumper,0.891753,0.890385,0.206186,0.211538,enhanced_detection
0881.JPEG,train,16,medium,0.891753,0.890385,0.206186,0.211538,enhanced_detection
0881.JPEG,train,2,crack,0.523196,0.398077,0.201031,0.073077,enhanced_detection
0881.JPEG,train,13,side_panel,0.523196,0.398077,0.201031,0.073077,enhanced_detection
0881.JPEG,train,16,medium,0.523196,0.398077,0.201031,0.073077,enhanced_detection
0881.JPEG,train,2,crack,0.770619,0.548077,0.190722,0.073077,enhanced_detection
0881.JPEG,train,11,right_door,0.770619,0.548077,0.190722,0.073077,enhanced_detection
0881.JPEG,train,16,medium,0.770619,0.548077,0.190722,0.073077,enhanced_detection
0881.JPEG,train,0,dent,0.146907,0.4,0.149485,0.084615,enhanced_detection
0881.JPEG,train,10,left_door,0.146907,0.4,0.149485,0.084615,enhanced_detection
0881.JPEG,train,15,low,0.146907,0.4,0.149485,0.084615,enhanced_detection
0881.JPEG,train,2,crack,0.108247,0.694231,0.216495,0.157692,enhanced_detection
0881.JPEG,train,10,left_door,0.108247,0.694231,0.216495,0.157692,enhanced_detection
0881.JPEG,train,16,medium,0.108247,0.694231,0.216495,0.157692,enhanced_detection
0881.JPEG,train,0,dent,0.871134,0.632692,0.247423,0.15,enhanced_detection
0881.JPEG,train,11,right_door,0.871134,0.632692,0.247423,0.15,enhanced_detection
0881.JPEG,train,16,medium,0.871134,0.632692,0.247423,0.15,enhanced_detection
0881.JPEG,train,0,dent,0.780928,0.951923,0.108247,0.088462,enhanced_detection
0881.JPEG,train,6,front_bumper,0.780928,0.951923,0.108247,0.088462,enhanced_detection
0881.JPEG,train,15,low,0.780928,0.951923,0.108247,0.088462,enhanced_detection
0881.JPEG,train,0,dent,0.533505,0.640385,0.128866,0.057692,enhanced_detection
0881.JPEG,train,13,side_panel,0.533505,0.640385,0.128866,0.057692,enhanced_detection
0881.JPEG,train,15,low,0.533505,0.640385,0.128866,0.057692,enhanced_detection
0882.JPEG,train,2,crack,0.902622,0.31383,0.164794,0.138298,enhanced_detection
0882.JPEG,train,11,right_door,0.902622,0.31383,0.164794,0.138298,enhanced_detection
0882.JPEG,train,16,medium,0.902622,0.31383,0.164794,0.138298,enhanced_detection
0883.JPEG,train,0,dent,0.073359,0.628866,0.146718,0.268041,enhanced_detection
0883.JPEG,train,10,left_door,0.073359,0.628866,0.146718,0.268041,enhanced_detection
0883.JPEG,train,16,medium,0.073359,0.628866,0.146718,0.268041,enhanced_detection
0886.JPEG,train,0,dent,0.843636,0.92623,0.130909,0.136612,enhanced_detection
0886.JPEG,train,6,front_bumper,0.843636,0.92623,0.130909,0.136612,enhanced_detection
0886.JPEG,train,15,low,0.843636,0.92623,0.130909,0.136612,enhanced_detection
0886.JPEG,train,2,crack,0.314545,0.256831,0.629091,0.513661,enhanced_detection
0886.JPEG,train,8,hood,0.314545,0.256831,0.629091,0.513661,enhanced_detection
0886.JPEG,train,16,medium,0.314545,0.256831,0.629091,0.513661,enhanced_detection
0886.JPEG,train,2,crack,0.192727,0.480874,0.385455,0.644809,enhanced_detection
0886.JPEG,train,10,left_door,0.192727,0.480874,0.385455,0.644809,enhanced_detection
0886.JPEG,train,16,medium,0.192727,0.480874,0.385455,0.644809,enhanced_detection
0887.JPEG,train,2,crack,0.785714,0.762887,0.420849,0.463918,enhanced_detection
0887.JPEG,train,11,right_door,0.785714,0.762887,0.420849,0.463918,enhanced_detection
0887.JPEG,train,17,high,0.785714,0.762887,0.420849,0.463918,enhanced_detection
0887.JPEG,train,2,crack,0.063707,0.162371,0.127413,0.262887,enhanced_detection
0887.JPEG,train,10,left_door,0.063707,0.162371,0.127413,0.262887,enhanced_detection
0887.JPEG,train,16,medium,0.063707,0.162371,0.127413,0.262887,enhanced_detection
0887.JPEG,train,4,paint_damage,0.283784,0.930412,0.567568,0.128866,enhanced_detection
0887.JPEG,train,6,front_bumper,0.283784,0.930412,0.567568,0.128866,enhanced_detection
0887.JPEG,train,16,medium,0.283784,0.930412,0.567568,0.128866,enhanced_detection
0888.JPEG,train,0,dent,0.225,0.065476,0.45,0.130952,enhanced_detection
0888.JPEG,train,7,rear_bumper,0.225,0.065476,0.45,0.130952,enhanced_detection
0888.JPEG,train,15,low,0.225,0.065476,0.45,0.130952,enhanced_detection
0888.JPEG,train,0,dent,0.466667,0.330357,0.126667,0.113095,enhanced_detection
0888.JPEG,train,8,hood,0.466667,0.330357,0.126667,0.113095,enhanced_detection
0888.JPEG,train,15,low,0.466667,0.330357,0.126667,0.113095,enhanced_detection
0888.JPEG,train,0,dent,0.478333,0.556548,0.156667,0.136905,enhanced_detection
0888.JPEG,train,13,side_panel,0.478333,0.556548,0.156667,0.136905,enhanced_detection
0888.JPEG,train,15,low,0.478333,0.556548,0.156667,0.136905,enhanced_detection
0889.JPEG,train,0,dent,0.044643,0.906667,0.089286,0.06,enhanced_detection
0889.JPEG,train,10,left_door,0.044643,0.906667,0.089286,0.06,enhanced_detection
0889.JPEG,train,15,low,0.044643,0.906667,0.089286,0.06,enhanced_detection
0889.JPEG,train,0,dent,0.083333,0.968333,0.166667,0.056667,enhanced_detection
0889.JPEG,train,6,front_bumper,0.083333,0.968333,0.166667,0.056667,enhanced_detection
0889.JPEG,train,15,low,0.083333,0.968333,0.166667,0.056667,enhanced_detection
0889.JPEG,train,4,paint_damage,0.89881,0.033333,0.142857,0.066667,enhanced_detection
0889.JPEG,train,7,rear_bumper,0.89881,0.033333,0.142857,0.066667,enhanced_detection
0889.JPEG,train,15,low,0.89881,0.033333,0.142857,0.066667,enhanced_detection
0889.JPEG,train,0,dent,0.154762,0.903333,0.130952,0.08,enhanced_detection
0889.JPEG,train,6,front_bumper,0.154762,0.903333,0.130952,0.08,enhanced_detection
0889.JPEG,train,15,low,0.154762,0.903333,0.130952,0.08,enhanced_detection
0889.JPEG,train,0,dent,0.104167,0.61,0.089286,0.08,enhanced_detection
0889.JPEG,train,10,left_door,0.104167,0.61,0.089286,0.08,enhanced_detection
0889.JPEG,train,15,low,0.104167,0.61,0.089286,0.08,enhanced_detection
0890.JPEG,train,2,crack,0.523166,0.935567,0.637066,0.118557,enhanced_detection
0890.JPEG,train,6,front_bumper,0.523166,0.935567,0.637066,0.118557,enhanced_detection
0890.JPEG,train,16,medium,0.523166,0.935567,0.637066,0.118557,enhanced_detection
0891.jpeg,train,2,crack,0.907063,0.473262,0.178439,0.262032,enhanced_detection
0891.jpeg,train,11,right_door,0.907063,0.473262,0.178439,0.262032,enhanced_detection
0891.jpeg,train,16,medium,0.907063,0.473262,0.178439,0.262032,enhanced_detection
0891.jpeg,train,0,dent,0.046468,0.200535,0.092937,0.176471,enhanced_detection
0891.jpeg,train,10,left_door,0.046468,0.200535,0.092937,0.176471,enhanced_detection
0891.jpeg,train,15,low,0.046468,0.200535,0.092937,0.176471,enhanced_detection
0894.JPEG,train,2,crack,0.343629,0.069588,0.324324,0.139175,enhanced_detection
0894.JPEG,train,7,rear_bumper,0.343629,0.069588,0.324324,0.139175,enhanced_detection
0894.JPEG,train,16,medium,0.343629,0.069588,0.324324,0.139175,enhanced_detection
0894.JPEG,train,0,dent,0.803089,0.268041,0.3861,0.536082,enhanced_detection
0894.JPEG,train,11,right_door,0.803089,0.268041,0.3861,0.536082,enhanced_detection
0894.JPEG,train,16,medium,0.803089,0.268041,0.3861,0.536082,enhanced_detection
0894.JPEG,train,4,paint_damage,0.119691,0.090206,0.138996,0.118557,enhanced_detection
0894.JPEG,train,7,rear_bumper,0.119691,0.090206,0.138996,0.118557,enhanced_detection
0894.JPEG,train,15,low,0.119691,0.090206,0.138996,0.118557,enhanced_detection
0894.JPEG,train,3,broken_part,0.594595,0.747423,0.362934,0.391753,enhanced_detection
0894.JPEG,train,6,front_bumper,0.594595,0.747423,0.362934,0.391753,enhanced_detection
0894.JPEG,train,16,medium,0.594595,0.747423,0.362934,0.391753,enhanced_detection
0894.JPEG,train,2,crack,0.07722,0.731959,0.138996,0.113402,enhanced_detection
0894.JPEG,train,10,left_door,0.07722,0.731959,0.138996,0.113402,enhanced_detection
0894.JPEG,train,15,low,0.07722,0.731959,0.138996,0.113402,enhanced_detection
0894.JPEG,train,0,dent,0.355212,0.278351,0.34749,0.103093,enhanced_detection
0894.JPEG,train,9,windshield,0.355212,0.278351,0.34749,0.103093,enhanced_detection
0894.JPEG,train,15,low,0.355212,0.278351,0.34749,0.103093,enhanced_detection
0895.JPEG,train,0,dent,0.892727,0.087432,0.090909,0.174863,enhanced_detection
0895.JPEG,train,7,rear_bumper,0.892727,0.087432,0.090909,0.174863,enhanced_detection
0895.JPEG,train,15,low,0.892727,0.087432,0.090909,0.174863,enhanced_detection
0895.JPEG,train,3,broken_part,0.565455,0.106557,0.287273,0.213115,enhanced_detection
0895.JPEG,train,12,roof,0.565455,0.106557,0.287273,0.213115,enhanced_detection
0895.JPEG,train,16,medium,0.565455,0.106557,0.287273,0.213115,enhanced_detection
0895.JPEG,train,2,crack,0.674545,0.497268,0.643636,0.994536,enhanced_detection
0895.JPEG,train,14,other_location,0.674545,0.497268,0.643636,0.994536,enhanced_detection
0895.JPEG,train,16,medium,0.674545,0.497268,0.643636,0.994536,enhanced_detection
0895.JPEG,train,0,dent,0.312727,0.497268,0.123636,0.153005,enhanced_detection
0895.JPEG,train,10,left_door,0.312727,0.497268,0.123636,0.153005,enhanced_detection
0895.JPEG,train,15,low,0.312727,0.497268,0.123636,0.153005,enhanced_detection
0896.JPEG,train,2,crack,0.481203,0.111111,0.263158,0.21164,enhanced_detection
0896.JPEG,train,7,rear_bumper,0.481203,0.111111,0.263158,0.21164,enhanced_detection
0896.JPEG,train,16,medium,0.481203,0.111111,0.263158,0.21164,enhanced_detection
0896.JPEG,train,2,crack,0.266917,0.76455,0.142857,0.089947,enhanced_detection
0896.JPEG,train,6,front_bumper,0.266917,0.76455,0.142857,0.089947,enhanced_detection
0896.JPEG,train,15,low,0.266917,0.76455,0.142857,0.089947,enhanced_detection
0897.JPEG,train,2,crack,0.955598,0.783505,0.081081,0.123711,enhanced_detection
0897.JPEG,train,11,right_door,0.955598,0.783505,0.081081,0.123711,enhanced_detection
0897.JPEG,train,16,medium,0.955598,0.783505,0.081081,0.123711,enhanced_detection
0897.JPEG,train,0,dent,0.903475,0.92268,0.185328,0.14433,enhanced_detection
0897.JPEG,train,6,front_bumper,0.903475,0.92268,0.185328,0.14433,enhanced_detection
0897.JPEG,train,16,medium,0.903475,0.92268,0.185328,0.14433,enhanced_detection
0897.JPEG,train,0,dent,0.849421,0.731959,0.146718,0.134021,enhanced_detection
0897.JPEG,train,11,right_door,0.849421,0.731959,0.146718,0.134021,enhanced_detection
0897.JPEG,train,16,medium,0.849421,0.731959,0.146718,0.134021,enhanced_detection
0897.JPEG,train,0,dent,0.088803,0.618557,0.131274,0.103093,enhanced_detection
0897.JPEG,train,10,left_door,0.088803,0.618557,0.131274,0.103093,enhanced_detection
0897.JPEG,train,15,low,0.088803,0.618557,0.131274,0.103093,enhanced_detection
0897.JPEG,train,0,dent,0.355212,0.677835,0.131274,0.097938,enhanced_detection
0897.JPEG,train,13,side_panel,0.355212,0.677835,0.131274,0.097938,enhanced_detection
0897.JPEG,train,15,low,0.355212,0.677835,0.131274,0.097938,enhanced_detection
0898.JPEG,train,0,dent,0.919689,0.091954,0.150259,0.183908,enhanced_detection
0898.JPEG,train,7,rear_bumper,0.919689,0.091954,0.150259,0.183908,enhanced_detection
0898.JPEG,train,16,medium,0.919689,0.091954,0.150259,0.183908,enhanced_detection
0898.JPEG,train,2,crack,0.463731,0.088123,0.533679,0.176245,enhanced_detection
0898.JPEG,train,7,rear_bumper,0.463731,0.088123,0.533679,0.176245,enhanced_detection
0898.JPEG,train,16,medium,0.463731,0.088123,0.533679,0.176245,enhanced_detection
0898.JPEG,train,2,crack,0.492228,0.252874,0.611399,0.275862,enhanced_detection
0898.JPEG,train,9,windshield,0.492228,0.252874,0.611399,0.275862,enhanced_detection
0898.JPEG,train,16,medium,0.492228,0.252874,0.611399,0.275862,enhanced_detection
0898.JPEG,train,0,dent,0.818653,0.810345,0.352332,0.095785,enhanced_detection
0898.JPEG,train,6,front_bumper,0.818653,0.810345,0.352332,0.095785,enhanced_detection
0898.JPEG,train,15,low,0.818653,0.810345,0.352332,0.095785,enhanced_detection
0899.JPEG,train,2,crack,0.39314,0.898496,0.195251,0.18797,enhanced_detection
0899.JPEG,train,6,front_bumper,0.39314,0.898496,0.195251,0.18797,enhanced_detection
0899.JPEG,train,16,medium,0.39314,0.898496,0.195251,0.18797,enhanced_detection
0899.JPEG,train,2,crack,0.143799,0.154135,0.282322,0.308271,enhanced_detection
0899.JPEG,train,7,rear_bumper,0.143799,0.154135,0.282322,0.308271,enhanced_detection
0899.JPEG,train,16,medium,0.143799,0.154135,0.282322,0.308271,enhanced_detection
0899.JPEG,train,2,crack,0.71504,0.236842,0.564644,0.473684,enhanced_detection
0899.JPEG,train,9,windshield,0.71504,0.236842,0.564644,0.473684,enhanced_detection
0899.JPEG,train,16,medium,0.71504,0.236842,0.564644,0.473684,enhanced_detection
0899.JPEG,train,2,crack,0.523747,0.184211,0.145119,0.263158,enhanced_detection
0899.JPEG,train,12,roof,0.523747,0.184211,0.145119,0.263158,enhanced_detection
0899.JPEG,train,16,medium,0.523747,0.184211,0.145119,0.263158,enhanced_detection
0899.JPEG,train,0,dent,0.658311,0.466165,0.192612,0.330827,enhanced_detection
0899.JPEG,train,13,side_panel,0.658311,0.466165,0.192612,0.330827,enhanced_detection
0899.JPEG,train,15,low,0.658311,0.466165,0.192612,0.330827,enhanced_detection
0899.JPEG,train,2,crack,0.813984,0.496241,0.229551,0.300752,enhanced_detection
0899.JPEG,train,11,right_door,0.813984,0.496241,0.229551,0.300752,enhanced_detection
0899.JPEG,train,16,medium,0.813984,0.496241,0.229551,0.300752,enhanced_detection
0900.JPEG,train,2,crack,0.123188,0.931694,0.246377,0.125683,enhanced_detection
0900.JPEG,train,6,front_bumper,0.123188,0.931694,0.246377,0.125683,enhanced_detection
0900.JPEG,train,16,medium,0.123188,0.931694,0.246377,0.125683,enhanced_detection
0901.JPEG,train,0,dent,0.370656,0.871134,0.084942,0.154639,enhanced_detection
0901.JPEG,train,6,front_bumper,0.370656,0.871134,0.084942,0.154639,enhanced_detection
0901.JPEG,train,15,low,0.370656,0.871134,0.084942,0.154639,enhanced_detection
0902.JPEG,train,0,dent,0.094545,0.224044,0.189091,0.448087,enhanced_detection
0902.JPEG,train,10,left_door,0.094545,0.224044,0.189091,0.448087,enhanced_detection
0902.JPEG,train,16,medium,0.094545,0.224044,0.189091,0.448087,enhanced_detection
0903.JPEG,train,2,crack,0.706564,0.945876,0.378378,0.097938,enhanced_detection
0903.JPEG,train,6,front_bumper,0.706564,0.945876,0.378378,0.097938,enhanced_detection
0903.JPEG,train,16,medium,0.706564,0.945876,0.378378,0.097938,enhanced_detection
0904.JPEG,train,0,dent,0.839768,0.391753,0.312741,0.247423,enhanced_detection
0904.JPEG,train,11,right_door,0.839768,0.391753,0.312741,0.247423,enhanced_detection
0904.JPEG,train,16,medium,0.839768,0.391753,0.312741,0.247423,enhanced_detection
0905.JPEG,train,2,crack,0.355212,0.878866,0.710425,0.231959,enhanced_detection
0905.JPEG,train,6,front_bumper,0.355212,0.878866,0.710425,0.231959,enhanced_detection
0905.JPEG,train,17,high,0.355212,0.878866,0.710425,0.231959,enhanced_detection
0905.JPEG,train,0,dent,0.673745,0.273196,0.150579,0.123711,enhanced_detection
0905.JPEG,train,9,windshield,0.673745,0.273196,0.150579,0.123711,enhanced_detection
0905.JPEG,train,15,low,0.673745,0.273196,0.150579,0.123711,enhanced_detection
0905.JPEG,train,0,dent,0.781853,0.270619,0.081081,0.087629,enhanced_detection
0905.JPEG,train,11,right_door,0.781853,0.270619,0.081081,0.087629,enhanced_detection
0905.JPEG,train,15,low,0.781853,0.270619,0.081081,0.087629,enhanced_detection
0908.jpeg,train,0,dent,0.065455,0.942623,0.109091,0.103825,enhanced_detection
0908.jpeg,train,6,front_bumper,0.065455,0.942623,0.109091,0.103825,enhanced_detection
0908.jpeg,train,15,low,0.065455,0.942623,0.109091,0.103825,enhanced_detection
0908.jpeg,train,0,dent,0.829091,0.592896,0.138182,0.169399,enhanced_detection
0908.jpeg,train,11,right_door,0.829091,0.592896,0.138182,0.169399,enhanced_detection
0908.jpeg,train,15,low,0.829091,0.592896,0.138182,0.169399,enhanced_detection
0908.jpeg,train,2,crack,0.330909,0.857923,0.552727,0.273224,enhanced_detection
0908.jpeg,train,6,front_bumper,0.330909,0.857923,0.552727,0.273224,enhanced_detection
0908.jpeg,train,16,medium,0.330909,0.857923,0.552727,0.273224,enhanced_detection
0909.JPEG,train,2,crack,0.076052,0.947853,0.145631,0.092025,enhanced_detection
0909.JPEG,train,6,front_bumper,0.076052,0.947853,0.145631,0.092025,enhanced_detection
0909.JPEG,train,16,medium,0.076052,0.947853,0.145631,0.092025,enhanced_detection
0909.JPEG,train,2,crack,0.33657,0.920245,0.071197,0.147239,enhanced_detection
0909.JPEG,train,6,front_bumper,0.33657,0.920245,0.071197,0.147239,enhanced_detection
0909.JPEG,train,15,low,0.33657,0.920245,0.071197,0.147239,enhanced_detection
0909.JPEG,train,0,dent,0.435275,0.371166,0.074434,0.288344,enhanced_detection
0909.JPEG,train,8,hood,0.435275,0.371166,0.074434,0.288344,enhanced_detection
0909.JPEG,train,15,low,0.435275,0.371166,0.074434,0.288344,enhanced_detection
0911.JPEG,train,2,crack,0.045455,0.907104,0.090909,0.120219,enhanced_detection
0911.JPEG,train,10,left_door,0.045455,0.907104,0.090909,0.120219,enhanced_detection
0911.JPEG,train,16,medium,0.045455,0.907104,0.090909,0.120219,enhanced_detection
0911.JPEG,train,0,dent,0.183636,0.614754,0.105455,0.125683,enhanced_detection
0911.JPEG,train,10,left_door,0.183636,0.614754,0.105455,0.125683,enhanced_detection
0911.JPEG,train,16,medium,0.183636,0.614754,0.105455,0.125683,enhanced_detection
0911.JPEG,train,0,dent,0.24,0.877049,0.08,0.125683,enhanced_detection
0911.JPEG,train,6,front_bumper,0.24,0.877049,0.08,0.125683,enhanced_detection
0911.JPEG,train,15,low,0.24,0.877049,0.08,0.125683,enhanced_detection
0911.JPEG,train,0,dent,0.247273,0.775956,0.123636,0.284153,enhanced_detection
0911.JPEG,train,6,front_bumper,0.247273,0.775956,0.123636,0.284153,enhanced_detection
0911.JPEG,train,16,medium,0.247273,0.775956,0.123636,0.284153,enhanced_detection
0912.JPEG,train,2,crack,0.498069,0.286082,0.996139,0.572165,enhanced_detection
0912.JPEG,train,8,hood,0.498069,0.286082,0.996139,0.572165,enhanced_detection
0912.JPEG,train,16,medium,0.498069,0.286082,0.996139,0.572165,enhanced_detection
0912.JPEG,train,2,crack,0.07722,0.579897,0.15444,0.293814,enhanced_detection
0912.JPEG,train,10,left_door,0.07722,0.579897,0.15444,0.293814,enhanced_detection
0912.JPEG,train,16,medium,0.07722,0.579897,0.15444,0.293814,enhanced_detection
0912.JPEG,train,0,dent,0.888031,0.832474,0.15444,0.108247,enhanced_detection
0912.JPEG,train,11,right_door,0.888031,0.832474,0.15444,0.108247,enhanced_detection
0912.JPEG,train,16,medium,0.888031,0.832474,0.15444,0.108247,enhanced_detection
0912.JPEG,train,0,dent,0.590734,0.56701,0.061776,0.082474,enhanced_detection
0912.JPEG,train,13,side_panel,0.590734,0.56701,0.061776,0.082474,enhanced_detection
0912.JPEG,train,15,low,0.590734,0.56701,0.061776,0.082474,enhanced_detection
0913.JPEG,train,2,crack,0.525097,0.956186,0.138996,0.07732,enhanced_detection
0913.JPEG,train,6,front_bumper,0.525097,0.956186,0.138996,0.07732,enhanced_detection
0913.JPEG,train,16,medium,0.525097,0.956186,0.138996,0.07732,enhanced_detection
0913.JPEG,train,2,crack,0.542471,0.78866,0.428571,0.412371,enhanced_detection
0913.JPEG,train,6,front_bumper,0.542471,0.78866,0.428571,0.412371,enhanced_detection
0913.JPEG,train,16,medium,0.542471,0.78866,0.428571,0.412371,enhanced_detection
0914.JPEG,train,2,crack,0.951031,0.741313,0.087629,0.138996,enhanced_detection
0914.JPEG,train,11,right_door,0.951031,0.741313,0.087629,0.138996,enhanced_detection
0914.JPEG,train,16,medium,0.951031,0.741313,0.087629,0.138996,enhanced_detection
0914.JPEG,train,2,crack,0.78866,0.874517,0.412371,0.243243,enhanced_detection
0914.JPEG,train,6,front_bumper,0.78866,0.874517,0.412371,0.243243,enhanced_detection
0914.JPEG,train,17,high,0.78866,0.874517,0.412371,0.243243,enhanced_detection
0914.JPEG,train,4,paint_damage,0.948454,0.138996,0.092784,0.131274,enhanced_detection
0914.JPEG,train,11,right_door,0.948454,0.138996,0.092784,0.131274,enhanced_detection
0914.JPEG,train,16,medium,0.948454,0.138996,0.092784,0.131274,enhanced_detection
0915.JPEG,train,2,crack,0.730909,0.084699,0.4,0.169399,enhanced_detection
0915.JPEG,train,7,rear_bumper,0.730909,0.084699,0.4,0.169399,enhanced_detection
0915.JPEG,train,16,medium,0.730909,0.084699,0.4,0.169399,enhanced_detection
0916.JPEG,train,4,paint_damage,0.959459,0.188144,0.073359,0.335052,enhanced_detection
0916.JPEG,train,11,right_door,0.959459,0.188144,0.073359,0.335052,enhanced_detection
0916.JPEG,train,16,medium,0.959459,0.188144,0.073359,0.335052,enhanced_detection
0916.JPEG,train,0,dent,0.592664,0.072165,0.104247,0.14433,enhanced_detection
0916.JPEG,train,7,rear_bumper,0.592664,0.072165,0.104247,0.14433,enhanced_detection
0916.JPEG,train,15,low,0.592664,0.072165,0.104247,0.14433,enhanced_detection
0916.JPEG,train,0,dent,0.828185,0.167526,0.220077,0.335052,enhanced_detection
0916.JPEG,train,12,roof,0.828185,0.167526,0.220077,0.335052,enhanced_detection
0916.JPEG,train,15,low,0.828185,0.167526,0.220077,0.335052,enhanced_detection
0917.jpeg,train,2,crack,0.497778,0.271111,0.995556,0.542222,enhanced_detection
0917.jpeg,train,9,windshield,0.497778,0.271111,0.995556,0.542222,enhanced_detection
0917.jpeg,train,17,high,0.497778,0.271111,0.995556,0.542222,enhanced_detection
0917.jpeg,train,2,crack,0.497778,0.731111,0.995556,0.528889,enhanced_detection
0917.jpeg,train,6,front_bumper,0.497778,0.731111,0.995556,0.528889,enhanced_detection
0917.jpeg,train,17,high,0.497778,0.731111,0.995556,0.528889,enhanced_detection
0917.jpeg,train,4,paint_damage,0.88,0.751111,0.231111,0.097778,enhanced_detection
0917.jpeg,train,11,right_door,0.88,0.751111,0.231111,0.097778,enhanced_detection
0917.jpeg,train,16,medium,0.88,0.751111,0.231111,0.097778,enhanced_detection
0917.jpeg,train,0,dent,0.917778,0.653333,0.155556,0.124444,enhanced_detection
0917.jpeg,train,11,right_door,0.917778,0.653333,0.155556,0.124444,enhanced_detection
0917.jpeg,train,15,low,0.917778,0.653333,0.155556,0.124444,enhanced_detection
0918.JPEG,train,0,dent,0.552124,0.141753,0.084942,0.139175,enhanced_detection
0918.JPEG,train,12,roof,0.552124,0.141753,0.084942,0.139175,enhanced_detection
0918.JPEG,train,15,low,0.552124,0.141753,0.084942,0.139175,enhanced_detection
0027.jpeg,val,0,dent,0.235521,0.92268,0.316602,0.14433,enhanced_detection
0027.jpeg,val,6,front_bumper,0.235521,0.92268,0.316602,0.14433,enhanced_detection
0027.jpeg,val,15,low,0.235521,0.92268,0.316602,0.14433,enhanced_detection
0027.jpeg,val,2,crack,0.926641,0.324742,0.084942,0.195876,enhanced_detection
0027.jpeg,val,11,right_door,0.926641,0.324742,0.084942,0.195876,enhanced_detection
0027.jpeg,val,16,medium,0.926641,0.324742,0.084942,0.195876,enhanced_detection
0027.jpeg,val,2,crack,0.88417,0.185567,0.092664,0.082474,enhanced_detection
0027.jpeg,val,11,right_door,0.88417,0.185567,0.092664,0.082474,enhanced_detection
0027.jpeg,val,15,low,0.88417,0.185567,0.092664,0.082474,enhanced_detection
0027.jpeg,val,0,dent,0.040541,0.904639,0.081081,0.128866,enhanced_detection
0027.jpeg,val,10,left_door,0.040541,0.904639,0.081081,0.128866,enhanced_detection
0027.jpeg,val,15,low,0.040541,0.904639,0.081081,0.128866,enhanced_detection
0027.jpeg,val,0,dent,0.175676,0.85567,0.096525,0.113402,enhanced_detection
0027.jpeg,val,6,front_bumper,0.175676,0.85567,0.096525,0.113402,enhanced_detection
0027.jpeg,val,15,low,0.175676,0.85567,0.096525,0.113402,enhanced_detection
0043.jpeg,val,0,dent,0.293878,0.263415,0.130612,0.087805,enhanced_detection
0043.jpeg,val,9,windshield,0.293878,0.263415,0.130612,0.087805,enhanced_detection
0043.jpeg,val,15,low,0.293878,0.263415,0.130612,0.087805,enhanced_detection
0043.jpeg,val,0,dent,0.938776,0.958537,0.114286,0.073171,enhanced_detection
0043.jpeg,val,13,side_panel,0.938776,0.958537,0.114286,0.073171,enhanced_detection
0043.jpeg,val,15,low,0.938776,0.958537,0.114286,0.073171,enhanced_detection
0043.jpeg,val,2,crack,0.359184,0.278049,0.097959,0.078049,enhanced_detection
0043.jpeg,val,9,windshield,0.359184,0.278049,0.097959,0.078049,enhanced_detection
0043.jpeg,val,16,medium,0.359184,0.278049,0.097959,0.078049,enhanced_detection
0043.jpeg,val,3,broken_part,0.616327,0.17561,0.073469,0.136585,enhanced_detection
0043.jpeg,val,12,roof,0.616327,0.17561,0.073469,0.136585,enhanced_detection
0043.jpeg,val,16,medium,0.616327,0.17561,0.073469,0.136585,enhanced_detection
0049.jpeg,val,0,dent,0.619565,0.469945,0.115942,0.10929,enhanced_detection
0049.jpeg,val,13,side_panel,0.619565,0.469945,0.115942,0.10929,enhanced_detection
0049.jpeg,val,15,low,0.619565,0.469945,0.115942,0.10929,enhanced_detection
0049.jpeg,val,0,dent,0.429348,0.543716,0.076087,0.114754,enhanced_detection
0049.jpeg,val,13,side_panel,0.429348,0.543716,0.076087,0.114754,enhanced_detection
0049.jpeg,val,15,low,0.429348,0.543716,0.076087,0.114754,enhanced_detection
0049.jpeg,val,0,dent,0.349638,0.352459,0.315217,0.114754,enhanced_detection
0049.jpeg,val,8,hood,0.349638,0.352459,0.315217,0.114754,enhanced_detection
0049.jpeg,val,15,low,0.349638,0.352459,0.315217,0.114754,enhanced_detection
0108.JPEG,val,0,dent,0.143836,0.043605,0.123288,0.087209,enhanced_detection
0108.JPEG,val,7,rear_bumper,0.143836,0.043605,0.123288,0.087209,enhanced_detection
0108.JPEG,val,15,low,0.143836,0.043605,0.123288,0.087209,enhanced_detection
0108.JPEG,val,4,paint_damage,0.07363,0.848837,0.092466,0.127907,enhanced_detection
0108.JPEG,val,10,left_door,0.07363,0.848837,0.092466,0.127907,enhanced_detection
0108.JPEG,val,15,low,0.07363,0.848837,0.092466,0.127907,enhanced_detection
0114.jpeg,val,2,crack,0.583012,0.136598,0.826255,0.273196,enhanced_detection
0114.jpeg,val,12,roof,0.583012,0.136598,0.826255,0.273196,enhanced_detection
0114.jpeg,val,16,medium,0.583012,0.136598,0.826255,0.273196,enhanced_detection
0114.jpeg,val,2,crack,0.683398,0.463918,0.247104,0.14433,enhanced_detection
0114.jpeg,val,13,side_panel,0.683398,0.463918,0.247104,0.14433,enhanced_detection
0114.jpeg,val,16,medium,0.683398,0.463918,0.247104,0.14433,enhanced_detection
0114.jpeg,val,2,crack,0.565637,0.301546,0.081081,0.087629,enhanced_detection
0114.jpeg,val,9,windshield,0.565637,0.301546,0.081081,0.087629,enhanced_detection
0114.jpeg,val,15,low,0.565637,0.301546,0.081081,0.087629,enhanced_detection
0114.jpeg,val,0,dent,0.936293,0.17268,0.119691,0.262887,enhanced_detection
0114.jpeg,val,11,right_door,0.936293,0.17268,0.119691,0.262887,enhanced_detection
0114.jpeg,val,16,medium,0.936293,0.17268,0.119691,0.262887,enhanced_detection
0114.jpeg,val,0,dent,0.330116,0.556701,0.436293,0.618557,enhanced_detection
0114.jpeg,val,13,side_panel,0.330116,0.556701,0.436293,0.618557,enhanced_detection
0114.jpeg,val,16,medium,0.330116,0.556701,0.436293,0.618557,enhanced_detection
0114.jpeg,val,0,dent,0.53861,0.463918,0.065637,0.113402,enhanced_detection
0114.jpeg,val,13,side_panel,0.53861,0.463918,0.065637,0.113402,enhanced_detection
0114.jpeg,val,15,low,0.53861,0.463918,0.065637,0.113402,enhanced_detection
0114.jpeg,val,3,broken_part,0.772201,0.636598,0.146718,0.262887,enhanced_detection
0114.jpeg,val,11,right_door,0.772201,0.636598,0.146718,0.262887,enhanced_detection
0114.jpeg,val,16,medium,0.772201,0.636598,0.146718,0.262887,enhanced_detection
0114.jpeg,val,2,crack,0.30695,0.773196,0.104247,0.113402,enhanced_detection
0114.jpeg,val,6,front_bumper,0.30695,0.773196,0.104247,0.113402,enhanced_detection
0114.jpeg,val,15,low,0.30695,0.773196,0.104247,0.113402,enhanced_detection
0114.jpeg,val,2,crack,0.61583,0.525773,0.096525,0.113402,enhanced_detection
0114.jpeg,val,13,side_panel,0.61583,0.525773,0.096525,0.113402,enhanced_detection
0114.jpeg,val,15,low,0.61583,0.525773,0.096525,0.113402,enhanced_detection
0114.jpeg,val,2,crack,0.476834,0.822165,0.166023,0.07732,enhanced_detection
0114.jpeg,val,6,front_bumper,0.476834,0.822165,0.166023,0.07732,enhanced_detection
0114.jpeg,val,15,low,0.476834,0.822165,0.166023,0.07732,enhanced_detection
0114.jpeg,val,2,crack,0.129344,0.293814,0.258687,0.082474,enhanced_detection
0114.jpeg,val,10,left_door,0.129344,0.293814,0.258687,0.082474,enhanced_detection
0114.jpeg,val,15,low,0.129344,0.293814,0.258687,0.082474,enhanced_detection
0118.jpeg,val,0,dent,0.950909,0.920765,0.090909,0.147541,enhanced_detection
0118.jpeg,val,13,side_panel,0.950909,0.920765,0.090909,0.147541,enhanced_detection
0118.jpeg,val,15,low,0.950909,0.920765,0.090909,0.147541,enhanced_detection
0118.jpeg,val,0,dent,0.952727,0.781421,0.087273,0.131148,enhanced_detection
0118.jpeg,val,11,right_door,0.952727,0.781421,0.087273,0.131148,enhanced_detection
0118.jpeg,val,15,low,0.952727,0.781421,0.087273,0.131148,enhanced_detection
0122.jpeg,val,0,dent,0.642086,0.590659,0.061151,0.126374,enhanced_detection
0122.jpeg,val,13,side_panel,0.642086,0.590659,0.061151,0.126374,enhanced_detection
0122.jpeg,val,15,low,0.642086,0.590659,0.061151,0.126374,enhanced_detection
0128.JPEG,val,4,paint_damage,0.92471,0.81701,0.142857,0.128866,enhanced_detection
0128.JPEG,val,11,right_door,0.92471,0.81701,0.142857,0.128866,enhanced_detection
0128.JPEG,val,16,medium,0.92471,0.81701,0.142857,0.128866,enhanced_detection
0143.JPEG,val,0,dent,0.328846,0.595361,0.126923,0.159794,enhanced_detection
0143.JPEG,val,13,side_panel,0.328846,0.595361,0.126923,0.159794,enhanced_detection
0143.JPEG,val,15,low,0.328846,0.595361,0.126923,0.159794,enhanced_detection
0152.JPEG,val,0,dent,0.8861,0.953608,0.096525,0.082474,enhanced_detection
0152.JPEG,val,6,front_bumper,0.8861,0.953608,0.096525,0.082474,enhanced_detection
0152.JPEG,val,15,low,0.8861,0.953608,0.096525,0.082474,enhanced_detection
0152.JPEG,val,0,dent,0.965251,0.938144,0.061776,0.113402,enhanced_detection
0152.JPEG,val,13,side_panel,0.965251,0.938144,0.061776,0.113402,enhanced_detection
0152.JPEG,val,15,low,0.965251,0.938144,0.061776,0.113402,enhanced_detection
0152.JPEG,val,0,dent,0.833977,0.762887,0.277992,0.309278,enhanced_detection
0152.JPEG,val,11,right_door,0.833977,0.762887,0.277992,0.309278,enhanced_detection
0152.JPEG,val,15,low,0.833977,0.762887,0.277992,0.309278,enhanced_detection
0152.JPEG,val,0,dent,0.625483,0.819588,0.131274,0.123711,enhanced_detection
0152.JPEG,val,6,front_bumper,0.625483,0.819588,0.131274,0.123711,enhanced_detection
0152.JPEG,val,15,low,0.625483,0.819588,0.131274,0.123711,enhanced_detection
0155.JPEG,val,2,crack,0.166023,0.914948,0.332046,0.159794,enhanced_detection
0155.JPEG,val,6,front_bumper,0.166023,0.914948,0.332046,0.159794,enhanced_detection
0155.JPEG,val,16,medium,0.166023,0.914948,0.332046,0.159794,enhanced_detection
0157.JPEG,val,2,crack,0.138462,0.896907,0.276923,0.195876,enhanced_detection
0157.JPEG,val,6,front_bumper,0.138462,0.896907,0.276923,0.195876,enhanced_detection
0157.JPEG,val,16,medium,0.138462,0.896907,0.276923,0.195876,enhanced_detection
0157.JPEG,val,2,crack,0.828846,0.925258,0.103846,0.139175,enhanced_detection
0157.JPEG,val,6,front_bumper,0.828846,0.925258,0.103846,0.139175,enhanced_detection
0157.JPEG,val,16,medium,0.828846,0.925258,0.103846,0.139175,enhanced_detection
0157.JPEG,val,2,crack,0.913462,0.845361,0.165385,0.247423,enhanced_detection
0157.JPEG,val,11,right_door,0.913462,0.845361,0.165385,0.247423,enhanced_detection
0157.JPEG,val,16,medium,0.913462,0.845361,0.165385,0.247423,enhanced_detection
0157.JPEG,val,0,dent,0.276923,0.273196,0.069231,0.164948,enhanced_detection
0157.JPEG,val,9,windshield,0.276923,0.273196,0.069231,0.164948,enhanced_detection
0157.JPEG,val,15,low,0.276923,0.273196,0.069231,0.164948,enhanced_detection
0157.JPEG,val,0,dent,0.217308,0.402062,0.096154,0.113402,enhanced_detection
0157.JPEG,val,10,left_door,0.217308,0.402062,0.096154,0.113402,enhanced_detection
0157.JPEG,val,15,low,0.217308,0.402062,0.096154,0.113402,enhanced_detection
0158.JPEG,val,0,dent,0.916988,0.860825,0.158301,0.268041,enhanced_detection
0158.JPEG,val,6,front_bumper,0.916988,0.860825,0.158301,0.268041,enhanced_detection
0158.JPEG,val,16,medium,0.916988,0.860825,0.158301,0.268041,enhanced_detection
0159.jpeg,val,2,crack,0.707273,0.857923,0.12,0.120219,enhanced_detection
0159.jpeg,val,6,front_bumper,0.707273,0.857923,0.12,0.120219,enhanced_detection
0159.jpeg,val,16,medium,0.707273,0.857923,0.12,0.120219,enhanced_detection
0159.jpeg,val,2,crack,0.447273,0.877049,0.429091,0.114754,enhanced_detection
0159.jpeg,val,6,front_bumper,0.447273,0.877049,0.429091,0.114754,enhanced_detection
0159.jpeg,val,16,medium,0.447273,0.877049,0.429091,0.114754,enhanced_detection
0161.JPEG,val,2,crack,0.201031,0.617761,0.206186,0.316602,enhanced_detection
0161.JPEG,val,10,left_door,0.201031,0.617761,0.206186,0.316602,enhanced_detection
0161.JPEG,val,16,medium,0.201031,0.617761,0.206186,0.316602,enhanced_detection
0161.JPEG,val,2,crack,0.701031,0.028958,0.113402,0.057915,enhanced_detection
0161.JPEG,val,7,rear_bumper,0.701031,0.028958,0.113402,0.057915,enhanced_detection
0161.JPEG,val,16,medium,0.701031,0.028958,0.113402,0.057915,enhanced_detection
0161.JPEG,val,2,crack,0.559278,0.897683,0.149485,0.119691,enhanced_detection
0161.JPEG,val,6,front_bumper,0.559278,0.897683,0.149485,0.119691,enhanced_detection
0161.JPEG,val,16,medium,0.559278,0.897683,0.149485,0.119691,enhanced_detection
0161.JPEG,val,0,dent,0.603093,0.53861,0.268041,0.335907,enhanced_detection
0161.JPEG,val,13,side_panel,0.603093,0.53861,0.268041,0.335907,enhanced_detection
0161.JPEG,val,16,medium,0.603093,0.53861,0.268041,0.335907,enhanced_detection
0169.JPEG,val,4,paint_damage,0.808333,0.104167,0.116667,0.089286,enhanced_detection
0169.JPEG,val,7,rear_bumper,0.808333,0.104167,0.116667,0.089286,enhanced_detection
0169.JPEG,val,15,low,0.808333,0.104167,0.116667,0.089286,enhanced_detection
0169.JPEG,val,0,dent,0.086667,0.71131,0.1,0.136905,enhanced_detection
0169.JPEG,val,10,left_door,0.086667,0.71131,0.1,0.136905,enhanced_detection
0169.JPEG,val,15,low,0.086667,0.71131,0.1,0.136905,enhanced_detection
0188.JPEG,val,2,crack,0.287273,0.10929,0.574545,0.218579,enhanced_detection
0188.JPEG,val,7,rear_bumper,0.287273,0.10929,0.574545,0.218579,enhanced_detection
0188.JPEG,val,17,high,0.287273,0.10929,0.574545,0.218579,enhanced_detection
0199.JPEG,val,2,crack,0.081081,0.048969,0.146718,0.097938,enhanced_detection
0199.JPEG,val,7,rear_bumper,0.081081,0.048969,0.146718,0.097938,enhanced_detection
0199.JPEG,val,16,medium,0.081081,0.048969,0.146718,0.097938,enhanced_detection
0199.JPEG,val,0,dent,0.621622,0.935567,0.07722,0.07732,enhanced_detection
0199.JPEG,val,6,front_bumper,0.621622,0.935567,0.07722,0.07732,enhanced_detection
0199.JPEG,val,15,low,0.621622,0.935567,0.07722,0.07732,enhanced_detection
0201.jpeg,val,4,paint_damage,0.051923,0.943299,0.103846,0.103093,enhanced_detection
0201.jpeg,val,13,side_panel,0.051923,0.943299,0.103846,0.103093,enhanced_detection
0201.jpeg,val,16,medium,0.051923,0.943299,0.103846,0.103093,enhanced_detection
0209.JPEG,val,2,crack,0.247273,0.226776,0.494545,0.453552,enhanced_detection
0209.JPEG,val,9,windshield,0.247273,0.226776,0.494545,0.453552,enhanced_detection
0209.JPEG,val,17,high,0.247273,0.226776,0.494545,0.453552,enhanced_detection
0209.JPEG,val,2,crack,0.629091,0.95082,0.174545,0.087432,enhanced_detection
0209.JPEG,val,6,front_bumper,0.629091,0.95082,0.174545,0.087432,enhanced_detection
0209.JPEG,val,16,medium,0.629091,0.95082,0.174545,0.087432,enhanced_detection
0209.JPEG,val,2,crack,0.645455,0.079235,0.701818,0.15847,enhanced_detection
0209.JPEG,val,7,rear_bumper,0.645455,0.079235,0.701818,0.15847,enhanced_detection
0209.JPEG,val,17,high,0.645455,0.079235,0.701818,0.15847,enhanced_detection
0209.JPEG,val,0,dent,0.525455,0.23224,0.112727,0.224044,enhanced_detection
0209.JPEG,val,9,windshield,0.525455,0.23224,0.112727,0.224044,enhanced_detection
0209.JPEG,val,16,medium,0.525455,0.23224,0.112727,0.224044,enhanced_detection
0209.JPEG,val,0,dent,0.356364,0.54918,0.138182,0.092896,enhanced_detection
0209.JPEG,val,13,side_panel,0.356364,0.54918,0.138182,0.092896,enhanced_detection
0209.JPEG,val,15,low,0.356364,0.54918,0.138182,0.092896,enhanced_detection
0209.JPEG,val,2,crack,0.376364,0.084699,0.069091,0.092896,enhanced_detection
0209.JPEG,val,7,rear_bumper,0.376364,0.084699,0.069091,0.092896,enhanced_detection
0209.JPEG,val,15,low,0.376364,0.084699,0.069091,0.092896,enhanced_detection
0209.JPEG,val,0,dent,0.929091,0.090164,0.134545,0.081967,enhanced_detection
0209.JPEG,val,7,rear_bumper,0.929091,0.090164,0.134545,0.081967,enhanced_detection
0209.JPEG,val,15,low,0.929091,0.090164,0.134545,0.081967,enhanced_detection
