image_name,split,damage_type,damage_location,severity,bounding_box,confidence,flag
0001.JPEG,train,manual_review_needed,manual_review_needed,manual_review_needed,manual_review_needed,0.4953,manual_review
0002.JPEG,train,manual_review_needed,manual_review_needed,manual_review_needed,manual_review_needed,0.4248,manual_review
0003.JPEG,train,manual_review_needed,manual_review_needed,manual_review_needed,manual_review_needed,0.4977,manual_review
0004.JPEG,train,manual_review_needed,manual_review_needed,manual_review_needed,manual_review_needed,0.5977,manual_review
0005.JPEG,train,manual_review_needed,manual_review_needed,manual_review_needed,manual_review_needed,0.4157,manual_review
0006.JPEG,train,manual_review_needed,manual_review_needed,manual_review_needed,manual_review_needed,0.5808,manual_review
0007.JPEG,train,paint_damage,side_panel,medium,"[0, 0, 290, 144]",0.6445,auto_labeled
0008.JPEG,train,manual_review_needed,manual_review_needed,manual_review_needed,manual_review_needed,0.4332,manual_review
0009.JPEG,train,manual_review_needed,manual_review_needed,manual_review_needed,manual_review_needed,0.5423,manual_review
0010.JPEG,train,manual_review_needed,manual_review_needed,manual_review_needed,manual_review_needed,0.4304,manual_review
0011.JPEG,train,crack,front_bumper,medium,"[0, 146, 259, 47]",0.6383,auto_labeled
0011.JPEG,train,paint_damage,hood,medium,"[0, 0, 259, 104]",0.6409,auto_labeled
0012.JPEG,train,manual_review_needed,manual_review_needed,manual_review_needed,manual_review_needed,0.5115,manual_review
0013.JPEG,train,manual_review_needed,manual_review_needed,manual_review_needed,manual_review_needed,0.4658,manual_review
0014.JPEG,train,manual_review_needed,manual_review_needed,manual_review_needed,manual_review_needed,0.543,manual_review
0015.JPEG,train,manual_review_needed,manual_review_needed,manual_review_needed,manual_review_needed,0.4151,manual_review
0016.JPEG,train,paint_damage,side_panel,high,"[0, 0, 310, 163]",0.8142,auto_labeled
0017.JPEG,train,paint_damage,side_panel,medium,"[0, 0, 168, 240]",0.6456,auto_labeled
0017.JPEG,train,paint_damage,front_bumper,medium,"[0, 250, 168, 48]",0.6113,auto_labeled
0018.JPEG,train,manual_review_needed,manual_review_needed,manual_review_needed,manual_review_needed,0.4365,manual_review
0019.JPEG,train,manual_review_needed,manual_review_needed,manual_review_needed,manual_review_needed,0.5749,manual_review
0020.JPEG,train,manual_review_needed,manual_review_needed,manual_review_needed,manual_review_needed,0.599,manual_review
0021.JPEG,train,scratch,side_panel,high,"[0, 0, 300, 168]",0.7506,auto_labeled
0022.JPEG,train,paint_damage,side_panel,medium,"[0, 0, 259, 194]",0.6595,auto_labeled
0023.JPEG,train,manual_review_needed,manual_review_needed,manual_review_needed,manual_review_needed,0.5369,manual_review
0024.JPEG,train,manual_review_needed,manual_review_needed,manual_review_needed,manual_review_needed,0.5834,manual_review
0025.JPEG,train,manual_review_needed,manual_review_needed,manual_review_needed,manual_review_needed,0.4436,manual_review
0026.JPEG,train,manual_review_needed,manual_review_needed,manual_review_needed,manual_review_needed,0.4856,manual_review
0027.JPEG,train,manual_review_needed,manual_review_needed,manual_review_needed,manual_review_needed,0.5064,manual_review
0028.JPEG,train,manual_review_needed,manual_review_needed,manual_review_needed,manual_review_needed,0.4306,manual_review
0029.JPEG,train,manual_review_needed,manual_review_needed,manual_review_needed,manual_review_needed,0.5189,manual_review
0030.JPEG,train,paint_damage,front_bumper,medium,"[0, 181, 259, 12]",0.7437,auto_labeled
0030.JPEG,train,paint_damage,side_panel,high,"[0, 0, 259, 171]",0.7724,auto_labeled
0030.JPEG,train,dent,other_location,low,"[25, 170, 27, 10]",0.2856,auto_labeled
0031.JPEG,train,manual_review_needed,manual_review_needed,manual_review_needed,manual_review_needed,0.4154,manual_review
0032.JPEG,train,scratch,side_panel,high,"[0, 0, 293, 172]",0.7336,auto_labeled
0033.JPEG,train,manual_review_needed,manual_review_needed,manual_review_needed,manual_review_needed,0.5241,manual_review
0034.JPEG,train,manual_review_needed,manual_review_needed,manual_review_needed,manual_review_needed,0.42,manual_review
0035.JPEG,train,manual_review_needed,manual_review_needed,manual_review_needed,manual_review_needed,0.5938,manual_review
0036.JPEG,train,manual_review_needed,manual_review_needed,manual_review_needed,manual_review_needed,0.4446,manual_review
0037.JPEG,train,manual_review_needed,manual_review_needed,manual_review_needed,manual_review_needed,0.4292,manual_review
0038.JPEG,train,manual_review_needed,manual_review_needed,manual_review_needed,manual_review_needed,0.588,manual_review
0039.JPEG,train,manual_review_needed,manual_review_needed,manual_review_needed,manual_review_needed,0.5393,manual_review
0040.JPEG,train,manual_review_needed,manual_review_needed,manual_review_needed,manual_review_needed,0.5217,manual_review
0041.JPEG,train,manual_review_needed,manual_review_needed,manual_review_needed,manual_review_needed,0.5758,manual_review
0042.JPEG,train,manual_review_needed,manual_review_needed,manual_review_needed,manual_review_needed,0.5794,manual_review
0043.JPEG,train,manual_review_needed,manual_review_needed,manual_review_needed,manual_review_needed,0.4978,manual_review
0044.JPEG,train,manual_review_needed,manual_review_needed,manual_review_needed,manual_review_needed,0.5075,manual_review
0045.JPEG,train,manual_review_needed,manual_review_needed,manual_review_needed,manual_review_needed,0.4571,manual_review
0046.JPEG,train,manual_review_needed,manual_review_needed,manual_review_needed,manual_review_needed,0.5911,manual_review
0047.JPEG,train,manual_review_needed,manual_review_needed,manual_review_needed,manual_review_needed,0.4027,manual_review
0048.JPEG,train,manual_review_needed,manual_review_needed,manual_review_needed,manual_review_needed,0.4351,manual_review
0049.JPEG,train,manual_review_needed,manual_review_needed,manual_review_needed,manual_review_needed,0.5302,manual_review
0050.JPEG,train,manual_review_needed,manual_review_needed,manual_review_needed,manual_review_needed,0.477,manual_review
0051.JPEG,train,manual_review_needed,manual_review_needed,manual_review_needed,manual_review_needed,0.3899,manual_review
0052.JPEG,train,manual_review_needed,manual_review_needed,manual_review_needed,manual_review_needed,0.5478,manual_review
0053.JPEG,train,manual_review_needed,manual_review_needed,manual_review_needed,manual_review_needed,0.5756,manual_review
0054.JPEG,train,manual_review_needed,manual_review_needed,manual_review_needed,manual_review_needed,0.4788,manual_review
0055.JPEG,train,scratch,side_panel,high,"[0, 0, 357, 141]",0.7217,auto_labeled
0056.JPEG,train,manual_review_needed,manual_review_needed,manual_review_needed,manual_review_needed,0.5384,manual_review
0057.JPEG,train,manual_review_needed,manual_review_needed,manual_review_needed,manual_review_needed,0.4288,manual_review
0058.JPEG,train,paint_damage,side_panel,medium,"[0, 0, 259, 194]",0.6998,auto_labeled
0059.JPEG,train,manual_review_needed,manual_review_needed,manual_review_needed,manual_review_needed,0.4385,manual_review
0060.JPEG,train,paint_damage,side_panel,high,"[0, 0, 299, 157]",0.6994,auto_labeled
0060.JPEG,train,crack,front_bumper,medium,"[0, 150, 299, 17]",0.5773,auto_labeled
0061.JPEG,train,manual_review_needed,manual_review_needed,manual_review_needed,manual_review_needed,0.4924,manual_review
0062.JPEG,train,manual_review_needed,manual_review_needed,manual_review_needed,manual_review_needed,0.4685,manual_review
0063.JPEG,train,manual_review_needed,manual_review_needed,manual_review_needed,manual_review_needed,0.5149,manual_review
0064.JPEG,train,paint_damage,side_panel,medium,"[20, 0, 278, 168]",0.648,auto_labeled
0065.JPEG,train,manual_review_needed,manual_review_needed,manual_review_needed,manual_review_needed,0.4901,manual_review
0066.JPEG,train,paint_damage,side_panel,medium,"[2, 2, 253, 191]",0.6338,auto_labeled
0067.JPEG,train,manual_review_needed,manual_review_needed,manual_review_needed,manual_review_needed,0.5528,manual_review
0068.JPEG,train,paint_damage,side_panel,medium,"[0, 0, 226, 223]",0.6115,auto_labeled
0069.JPEG,train,paint_damage,side_panel,medium,"[1, 0, 273, 183]",0.6706,auto_labeled
0070.JPEG,train,scratch,side_panel,high,"[0, 0, 275, 183]",0.7349,auto_labeled
0071.JPEG,train,paint_damage,side_panel,high,"[0, 0, 259, 194]",0.8458,auto_labeled
0072.JPEG,train,manual_review_needed,manual_review_needed,manual_review_needed,manual_review_needed,0.5079,manual_review
0073.JPEG,train,manual_review_needed,manual_review_needed,manual_review_needed,manual_review_needed,0.4489,manual_review
0074.JPEG,train,manual_review_needed,manual_review_needed,manual_review_needed,manual_review_needed,0.4773,manual_review
0075.JPEG,train,manual_review_needed,manual_review_needed,manual_review_needed,manual_review_needed,0.4506,manual_review
0076.JPEG,train,manual_review_needed,manual_review_needed,manual_review_needed,manual_review_needed,0.5131,manual_review
0077.JPEG,train,manual_review_needed,manual_review_needed,manual_review_needed,manual_review_needed,0.5638,manual_review
0078.JPEG,train,manual_review_needed,manual_review_needed,manual_review_needed,manual_review_needed,0.4945,manual_review
0079.JPEG,train,paint_damage,side_panel,high,"[0, 0, 336, 150]",0.8921,auto_labeled
0080.JPEG,train,manual_review_needed,manual_review_needed,manual_review_needed,manual_review_needed,0.5148,manual_review
0081.JPEG,train,manual_review_needed,manual_review_needed,manual_review_needed,manual_review_needed,0.5304,manual_review
0082.JPEG,train,scratch,side_panel,medium,"[84, 0, 131, 168]",0.6762,auto_labeled
0083.JPEG,train,manual_review_needed,manual_review_needed,manual_review_needed,manual_review_needed,0.435,manual_review
0084.JPEG,train,manual_review_needed,manual_review_needed,manual_review_needed,manual_review_needed,0.5717,manual_review
0085.JPEG,train,paint_damage,side_panel,high,"[0, 0, 308, 164]",0.781,auto_labeled
0086.JPEG,train,manual_review_needed,manual_review_needed,manual_review_needed,manual_review_needed,0.5532,manual_review
0087.JPEG,train,manual_review_needed,manual_review_needed,manual_review_needed,manual_review_needed,0.5051,manual_review
0088.JPEG,train,paint_damage,side_panel,high,"[0, 17, 267, 171]",0.8053,auto_labeled
0088.JPEG,train,paint_damage,windshield,medium,"[0, 0, 267, 43]",0.6403,auto_labeled
0088.JPEG,train,dent,left_door,low,"[0, 130, 25, 25]",0.4203,auto_labeled
0089.JPEG,train,manual_review_needed,manual_review_needed,manual_review_needed,manual_review_needed,0.4663,manual_review
0090.JPEG,train,manual_review_needed,manual_review_needed,manual_review_needed,manual_review_needed,0.563,manual_review
0091.JPEG,train,paint_damage,side_panel,medium,"[0, 0, 259, 173]",0.6768,auto_labeled
0092.JPEG,train,manual_review_needed,manual_review_needed,manual_review_needed,manual_review_needed,0.3996,manual_review
0093.JPEG,train,paint_damage,right_door,medium,"[257, 0, 41, 34]",0.6431,auto_labeled
0093.JPEG,train,paint_damage,side_panel,high,"[0, 0, 299, 168]",0.8008,auto_labeled
0093.JPEG,train,paint_damage,right_door,low,"[279, 64, 19, 68]",0.5061,auto_labeled
0094.JPEG,train,manual_review_needed,manual_review_needed,manual_review_needed,manual_review_needed,0.5119,manual_review
0095.JPEG,train,manual_review_needed,manual_review_needed,manual_review_needed,manual_review_needed,0.4936,manual_review
0096.JPEG,train,manual_review_needed,manual_review_needed,manual_review_needed,manual_review_needed,0.441,manual_review
0097.JPEG,train,manual_review_needed,manual_review_needed,manual_review_needed,manual_review_needed,0.481,manual_review
0098.JPEG,train,manual_review_needed,manual_review_needed,manual_review_needed,manual_review_needed,0.4635,manual_review
0099.JPEG,train,manual_review_needed,manual_review_needed,manual_review_needed,manual_review_needed,0.5331,manual_review
0100.JPEG,train,manual_review_needed,manual_review_needed,manual_review_needed,manual_review_needed,0.557,manual_review
0101.JPEG,train,manual_review_needed,manual_review_needed,manual_review_needed,manual_review_needed,0.4786,manual_review
0102.JPEG,train,manual_review_needed,manual_review_needed,manual_review_needed,manual_review_needed,0.4695,manual_review
0103.JPEG,train,manual_review_needed,manual_review_needed,manual_review_needed,manual_review_needed,0.4945,manual_review
0104.JPEG,train,manual_review_needed,manual_review_needed,manual_review_needed,manual_review_needed,0.49,manual_review
0105.JPEG,train,manual_review_needed,manual_review_needed,manual_review_needed,manual_review_needed,0.5234,manual_review
0106.JPEG,train,manual_review_needed,manual_review_needed,manual_review_needed,manual_review_needed,0.4945,manual_review
0107.JPEG,train,manual_review_needed,manual_review_needed,manual_review_needed,manual_review_needed,0.4997,manual_review
0108.jpeg,train,manual_review_needed,manual_review_needed,manual_review_needed,manual_review_needed,0.4838,manual_review
0109.JPEG,train,manual_review_needed,manual_review_needed,manual_review_needed,manual_review_needed,0.457,manual_review
0110.JPEG,train,manual_review_needed,manual_review_needed,manual_review_needed,manual_review_needed,0.5055,manual_review
0111.JPEG,train,manual_review_needed,manual_review_needed,manual_review_needed,manual_review_needed,0.5375,manual_review
0112.JPEG,train,manual_review_needed,manual_review_needed,manual_review_needed,manual_review_needed,0.4758,manual_review
0113.JPEG,train,manual_review_needed,manual_review_needed,manual_review_needed,manual_review_needed,0.4162,manual_review
0114.JPEG,train,manual_review_needed,manual_review_needed,manual_review_needed,manual_review_needed,0.5664,manual_review
0115.JPEG,train,manual_review_needed,manual_review_needed,manual_review_needed,manual_review_needed,0.4891,manual_review
0116.JPEG,train,manual_review_needed,manual_review_needed,manual_review_needed,manual_review_needed,0.4928,manual_review
0117.JPEG,train,manual_review_needed,manual_review_needed,manual_review_needed,manual_review_needed,0.4981,manual_review
0118.JPEG,train,manual_review_needed,manual_review_needed,manual_review_needed,manual_review_needed,0.4293,manual_review
0119.JPEG,train,manual_review_needed,manual_review_needed,manual_review_needed,manual_review_needed,0.568,manual_review
0120.JPEG,train,manual_review_needed,manual_review_needed,manual_review_needed,manual_review_needed,0.5228,manual_review
0121.JPEG,train,crack,left_door,medium,"[0, 45, 41, 11]",0.7437,auto_labeled
0121.JPEG,train,scratch,side_panel,medium,"[0, 0, 280, 180]",0.597,auto_labeled
0122.JPEG,train,scratch,side_panel,medium,"[0, 0, 262, 184]",0.6191,auto_labeled
0123.JPEG,train,manual_review_needed,manual_review_needed,manual_review_needed,manual_review_needed,0.5826,manual_review
0124.JPEG,train,manual_review_needed,manual_review_needed,manual_review_needed,manual_review_needed,0.4677,manual_review
0125.JPEG,train,manual_review_needed,manual_review_needed,manual_review_needed,manual_review_needed,0.512,manual_review
0126.JPEG,train,paint_damage,side_panel,medium,"[93, 80, 58, 50]",0.6302,auto_labeled
0126.JPEG,train,paint_damage,side_panel,high,"[0, 0, 300, 168]",0.7757,auto_labeled
0127.jpeg,train,manual_review_needed,manual_review_needed,manual_review_needed,manual_review_needed,0.5303,manual_review
0128.jpeg,train,manual_review_needed,manual_review_needed,manual_review_needed,manual_review_needed,0.458,manual_review
0129.jpeg,train,paint_damage,side_panel,medium,"[0, 0, 194, 235]",0.6704,auto_labeled
0130.JPEG,train,manual_review_needed,manual_review_needed,manual_review_needed,manual_review_needed,0.5045,manual_review
0131.JPEG,train,manual_review_needed,manual_review_needed,manual_review_needed,manual_review_needed,0.4626,manual_review
0132.JPEG,train,paint_damage,side_panel,high,"[0, 0, 259, 194]",0.7219,auto_labeled
0133.JPEG,train,manual_review_needed,manual_review_needed,manual_review_needed,manual_review_needed,0.4617,manual_review
0134.JPEG,train,manual_review_needed,manual_review_needed,manual_review_needed,manual_review_needed,0.4486,manual_review
0135.JPEG,train,manual_review_needed,manual_review_needed,manual_review_needed,manual_review_needed,0.5229,manual_review
0136.JPEG,train,manual_review_needed,manual_review_needed,manual_review_needed,manual_review_needed,0.442,manual_review
0137.JPEG,train,manual_review_needed,manual_review_needed,manual_review_needed,manual_review_needed,0.4934,manual_review
0138.JPEG,train,manual_review_needed,manual_review_needed,manual_review_needed,manual_review_needed,0.5118,manual_review
0139.JPEG,train,paint_damage,side_panel,high,"[0, 0, 267, 189]",0.751,auto_labeled
0140.JPEG,train,scratch,side_panel,medium,"[0, 0, 194, 259]",0.6221,auto_labeled
0141.JPEG,train,manual_review_needed,manual_review_needed,manual_review_needed,manual_review_needed,0.5017,manual_review
0142.JPEG,train,manual_review_needed,manual_review_needed,manual_review_needed,manual_review_needed,0.4697,manual_review
0143.jpeg,train,manual_review_needed,manual_review_needed,manual_review_needed,manual_review_needed,0.4779,manual_review
0144.JPEG,train,manual_review_needed,manual_review_needed,manual_review_needed,manual_review_needed,0.5762,manual_review
0145.JPEG,train,manual_review_needed,manual_review_needed,manual_review_needed,manual_review_needed,0.5044,manual_review
0146.JPEG,train,manual_review_needed,manual_review_needed,manual_review_needed,manual_review_needed,0.5144,manual_review
0147.JPEG,train,manual_review_needed,manual_review_needed,manual_review_needed,manual_review_needed,0.4294,manual_review
0148.jpeg,train,manual_review_needed,manual_review_needed,manual_review_needed,manual_review_needed,0.4482,manual_review
0149.JPEG,train,manual_review_needed,manual_review_needed,manual_review_needed,manual_review_needed,0.5743,manual_review
0150.JPEG,train,manual_review_needed,manual_review_needed,manual_review_needed,manual_review_needed,0.4751,manual_review
0151.JPEG,train,manual_review_needed,manual_review_needed,manual_review_needed,manual_review_needed,0.5138,manual_review
0152.jpeg,train,paint_damage,side_panel,medium,"[0, 0, 262, 192]",0.6999,auto_labeled
0153.JPEG,train,paint_damage,side_panel,medium,"[0, 0, 275, 183]",0.6136,auto_labeled
0154.JPEG,train,manual_review_needed,manual_review_needed,manual_review_needed,manual_review_needed,0.5721,manual_review
0155.jpeg,train,manual_review_needed,manual_review_needed,manual_review_needed,manual_review_needed,0.4404,manual_review
0156.JPEG,train,manual_review_needed,manual_review_needed,manual_review_needed,manual_review_needed,0.4634,manual_review
0157.jpeg,train,manual_review_needed,manual_review_needed,manual_review_needed,manual_review_needed,0.407,manual_review
0158.jpeg,train,crack,front_bumper,low,"[0, 219, 23, 71]",0.5495,auto_labeled
0158.jpeg,train,paint_damage,side_panel,medium,"[0, 0, 173, 291]",0.6681,auto_labeled
0159.JPEG,train,manual_review_needed,manual_review_needed,manual_review_needed,manual_review_needed,0.4713,manual_review
0160.JPEG,train,manual_review_needed,manual_review_needed,manual_review_needed,manual_review_needed,0.5187,manual_review
0161.jpeg,train,scratch,side_panel,high,"[0, 0, 179, 282]",0.7359,auto_labeled
0162.jpeg,train,manual_review_needed,manual_review_needed,manual_review_needed,manual_review_needed,0.4958,manual_review
0163.JPEG,train,manual_review_needed,manual_review_needed,manual_review_needed,manual_review_needed,0.5819,manual_review
0164.JPEG,train,paint_damage,side_panel,high,"[0, 0, 179, 280]",0.7732,auto_labeled
0165.JPEG,train,manual_review_needed,manual_review_needed,manual_review_needed,manual_review_needed,0.4788,manual_review
0166.JPEG,train,manual_review_needed,manual_review_needed,manual_review_needed,manual_review_needed,0.4922,manual_review
0167.JPEG,train,paint_damage,side_panel,high,"[0, 0, 179, 280]",0.8583,auto_labeled
0168.JPEG,train,manual_review_needed,manual_review_needed,manual_review_needed,manual_review_needed,0.58,manual_review
0169.jpeg,train,manual_review_needed,manual_review_needed,manual_review_needed,manual_review_needed,0.4164,manual_review
0170.JPEG,train,manual_review_needed,manual_review_needed,manual_review_needed,manual_review_needed,0.5402,manual_review
0171.JPEG,train,manual_review_needed,manual_review_needed,manual_review_needed,manual_review_needed,0.5148,manual_review
0172.jpeg,train,manual_review_needed,manual_review_needed,manual_review_needed,manual_review_needed,0.4658,manual_review
0173.JPEG,train,manual_review_needed,manual_review_needed,manual_review_needed,manual_review_needed,0.4145,manual_review
0174.JPEG,train,manual_review_needed,manual_review_needed,manual_review_needed,manual_review_needed,0.5232,manual_review
0175.JPEG,train,paint_damage,side_panel,medium,"[0, 0, 275, 183]",0.6904,auto_labeled
0176.JPEG,train,manual_review_needed,manual_review_needed,manual_review_needed,manual_review_needed,0.4762,manual_review
0177.JPEG,train,manual_review_needed,manual_review_needed,manual_review_needed,manual_review_needed,0.472,manual_review
0178.JPEG,train,manual_review_needed,manual_review_needed,manual_review_needed,manual_review_needed,0.5972,manual_review
0179.JPEG,train,manual_review_needed,manual_review_needed,manual_review_needed,manual_review_needed,0.59,manual_review
0180.jpeg,train,paint_damage,side_panel,high,"[0, 0, 300, 137]",0.752,auto_labeled
0181.JPEG,train,manual_review_needed,manual_review_needed,manual_review_needed,manual_review_needed,0.5134,manual_review
0182.JPEG,train,scratch,side_panel,medium,"[0, 0, 259, 171]",0.6367,auto_labeled
0183.JPEG,train,manual_review_needed,manual_review_needed,manual_review_needed,manual_review_needed,0.4658,manual_review
0184.jpeg,train,paint_damage,side_panel,high,"[0, 0, 299, 168]",0.7186,auto_labeled
0185.JPEG,train,paint_damage,side_panel,medium,"[0, 0, 328, 147]",0.6538,auto_labeled
0185.JPEG,train,crack,side_panel,low,"[0, 137, 328, 16]",0.566,auto_labeled
0186.JPEG,train,manual_review_needed,manual_review_needed,manual_review_needed,manual_review_needed,0.4398,manual_review
0187.JPEG,train,manual_review_needed,manual_review_needed,manual_review_needed,manual_review_needed,0.595,manual_review
0188.jpeg,train,manual_review_needed,manual_review_needed,manual_review_needed,manual_review_needed,0.5485,manual_review
0189.JPEG,train,manual_review_needed,manual_review_needed,manual_review_needed,manual_review_needed,0.4646,manual_review
0190.JPEG,train,scratch,side_panel,high,"[0, 0, 277, 182]",0.7475,auto_labeled
0191.JPEG,train,manual_review_needed,manual_review_needed,manual_review_needed,manual_review_needed,0.5227,manual_review
0192.JPEG,train,manual_review_needed,manual_review_needed,manual_review_needed,manual_review_needed,0.5885,manual_review
0193.JPEG,train,manual_review_needed,manual_review_needed,manual_review_needed,manual_review_needed,0.5681,manual_review
0194.JPEG,train,manual_review_needed,manual_review_needed,manual_review_needed,manual_review_needed,0.3881,manual_review
0195.JPEG,train,manual_review_needed,manual_review_needed,manual_review_needed,manual_review_needed,0.5224,manual_review
0196.JPEG,train,manual_review_needed,manual_review_needed,manual_review_needed,manual_review_needed,0.4649,manual_review
0197.JPEG,train,paint_damage,side_panel,high,"[0, 0, 259, 194]",0.7697,auto_labeled
0198.JPEG,train,manual_review_needed,manual_review_needed,manual_review_needed,manual_review_needed,0.5106,manual_review
0199.jpeg,train,manual_review_needed,manual_review_needed,manual_review_needed,manual_review_needed,0.4741,manual_review
0200.JPEG,train,manual_review_needed,manual_review_needed,manual_review_needed,manual_review_needed,0.5351,manual_review
0201.JPEG,train,manual_review_needed,manual_review_needed,manual_review_needed,manual_review_needed,0.4614,manual_review
0202.JPEG,train,manual_review_needed,manual_review_needed,manual_review_needed,manual_review_needed,0.4615,manual_review
0203.JPEG,train,paint_damage,side_panel,high,"[0, 0, 259, 180]",0.7031,auto_labeled
0203.JPEG,train,crack,front_bumper,medium,"[0, 169, 259, 24]",0.6081,auto_labeled
0204.JPEG,train,manual_review_needed,manual_review_needed,manual_review_needed,manual_review_needed,0.4362,manual_review
0205.JPEG,train,manual_review_needed,manual_review_needed,manual_review_needed,manual_review_needed,0.4686,manual_review
0206.JPEG,train,manual_review_needed,manual_review_needed,manual_review_needed,manual_review_needed,0.4531,manual_review
0207.JPEG,train,scratch,side_panel,medium,"[0, 0, 180, 280]",0.6138,auto_labeled
0208.JPEG,train,scratch,side_panel,medium,"[0, 0, 268, 188]",0.6002,auto_labeled
0209.jpeg,train,paint_damage,side_panel,high,"[0, 0, 270, 187]",0.778,auto_labeled
0210.JPEG,train,manual_review_needed,manual_review_needed,manual_review_needed,manual_review_needed,0.5422,manual_review
0211.JPEG,train,manual_review_needed,manual_review_needed,manual_review_needed,manual_review_needed,0.483,manual_review
0212.JPEG,train,manual_review_needed,manual_review_needed,manual_review_needed,manual_review_needed,0.493,manual_review
0213.JPEG,train,manual_review_needed,manual_review_needed,manual_review_needed,manual_review_needed,0.5081,manual_review
0214.JPEG,train,paint_damage,side_panel,medium,"[0, 0, 300, 168]",0.7094,auto_labeled
0215.JPEG,train,manual_review_needed,manual_review_needed,manual_review_needed,manual_review_needed,0.525,manual_review
0216.JPEG,train,manual_review_needed,manual_review_needed,manual_review_needed,manual_review_needed,0.5745,manual_review
0217.JPEG,train,paint_damage,side_panel,high,"[0, 0, 310, 162]",0.8121,auto_labeled
0217.JPEG,train,paint_damage,left_door,low,"[0, 130, 46, 31]",0.5147,auto_labeled
0218.JPEG,train,manual_review_needed,manual_review_needed,manual_review_needed,manual_review_needed,0.4079,manual_review
0219.JPEG,train,manual_review_needed,manual_review_needed,manual_review_needed,manual_review_needed,0.4201,manual_review
0220.JPEG,train,manual_review_needed,manual_review_needed,manual_review_needed,manual_review_needed,0.4427,manual_review
0221.JPEG,train,manual_review_needed,manual_review_needed,manual_review_needed,manual_review_needed,0.4559,manual_review
0222.JPEG,train,scratch,side_panel,high,"[0, 0, 296, 170]",0.7805,auto_labeled
0223.JPEG,train,manual_review_needed,manual_review_needed,manual_review_needed,manual_review_needed,0.4807,manual_review
0224.JPEG,train,manual_review_needed,manual_review_needed,manual_review_needed,manual_review_needed,0.4765,manual_review
0225.JPEG,train,manual_review_needed,manual_review_needed,manual_review_needed,manual_review_needed,0.5081,manual_review
0226.JPEG,train,paint_damage,side_panel,high,"[0, 0, 267, 189]",0.8316,auto_labeled
0226.JPEG,train,paint_damage,side_panel,low,"[141, 113, 15, 12]",0.5675,auto_labeled
0227.JPEG,train,manual_review_needed,manual_review_needed,manual_review_needed,manual_review_needed,0.4633,manual_review
0228.JPEG,train,manual_review_needed,manual_review_needed,manual_review_needed,manual_review_needed,0.5238,manual_review
0229.JPEG,train,crack,front_bumper,medium,"[0, 159, 269, 28]",0.6637,auto_labeled
0229.JPEG,train,paint_damage,side_panel,medium,"[0, 0, 269, 168]",0.6356,auto_labeled
0230.JPEG,train,manual_review_needed,manual_review_needed,manual_review_needed,manual_review_needed,0.5652,manual_review
0231.JPEG,train,manual_review_needed,manual_review_needed,manual_review_needed,manual_review_needed,0.3733,manual_review
0232.JPEG,train,manual_review_needed,manual_review_needed,manual_review_needed,manual_review_needed,0.5801,manual_review
0233.JPEG,train,manual_review_needed,manual_review_needed,manual_review_needed,manual_review_needed,0.5306,manual_review
0234.JPEG,train,manual_review_needed,manual_review_needed,manual_review_needed,manual_review_needed,0.4607,manual_review
0235.JPEG,train,paint_damage,side_panel,medium,"[14, 23, 231, 152]",0.6226,auto_labeled
0236.JPEG,train,manual_review_needed,manual_review_needed,manual_review_needed,manual_review_needed,0.4555,manual_review
0237.JPEG,train,paint_damage,side_panel,high,"[0, 0, 269, 187]",0.83,auto_labeled
0238.JPEG,train,scratch,side_panel,high,"[0, 0, 259, 194]",0.8002,auto_labeled
0239.JPEG,train,manual_review_needed,manual_review_needed,manual_review_needed,manual_review_needed,0.4814,manual_review
0240.JPEG,train,manual_review_needed,manual_review_needed,manual_review_needed,manual_review_needed,0.5903,manual_review
0241.JPEG,train,manual_review_needed,manual_review_needed,manual_review_needed,manual_review_needed,0.515,manual_review
0242.JPEG,train,manual_review_needed,manual_review_needed,manual_review_needed,manual_review_needed,0.509,manual_review
0243.JPEG,train,paint_damage,side_panel,medium,"[0, 0, 275, 183]",0.6435,auto_labeled
0244.JPEG,train,paint_damage,side_panel,medium,"[0, 0, 258, 196]",0.6717,auto_labeled
0245.JPEG,train,manual_review_needed,manual_review_needed,manual_review_needed,manual_review_needed,0.5083,manual_review
0246.JPEG,train,manual_review_needed,manual_review_needed,manual_review_needed,manual_review_needed,0.5574,manual_review
0247.JPEG,train,manual_review_needed,manual_review_needed,manual_review_needed,manual_review_needed,0.4714,manual_review
0248.JPEG,train,manual_review_needed,manual_review_needed,manual_review_needed,manual_review_needed,0.4944,manual_review
0249.JPEG,train,manual_review_needed,manual_review_needed,manual_review_needed,manual_review_needed,0.5261,manual_review
0250.JPEG,train,manual_review_needed,manual_review_needed,manual_review_needed,manual_review_needed,0.4542,manual_review
0251.JPEG,train,manual_review_needed,manual_review_needed,manual_review_needed,manual_review_needed,0.4424,manual_review
0252.JPEG,train,manual_review_needed,manual_review_needed,manual_review_needed,manual_review_needed,0.4025,manual_review
0253.JPEG,train,scratch,side_panel,high,"[0, 0, 259, 194]",0.7128,auto_labeled
0254.JPEG,train,paint_damage,side_panel,high,"[0, 0, 259, 194]",0.7655,auto_labeled
0254.JPEG,train,dent,right_door,low,"[244, 16, 14, 13]",0.4635,auto_labeled
0255.JPEG,train,crack,front_bumper,low,"[0, 182, 259, 11]",0.6186,auto_labeled
0255.JPEG,train,paint_damage,side_panel,medium,"[0, 0, 259, 188]",0.6363,auto_labeled
0256.JPEG,train,manual_review_needed,manual_review_needed,manual_review_needed,manual_review_needed,0.4902,manual_review
0257.JPEG,train,manual_review_needed,manual_review_needed,manual_review_needed,manual_review_needed,0.4597,manual_review
0258.JPEG,train,manual_review_needed,manual_review_needed,manual_review_needed,manual_review_needed,0.4912,manual_review
0259.JPEG,train,scratch,side_panel,high,"[0, 0, 259, 194]",0.7655,auto_labeled
0260.JPEG,train,manual_review_needed,manual_review_needed,manual_review_needed,manual_review_needed,0.5022,manual_review
0261.JPEG,train,paint_damage,side_panel,high,"[0, 0, 275, 183]",0.7543,auto_labeled
0262.JPEG,train,manual_review_needed,manual_review_needed,manual_review_needed,manual_review_needed,0.4936,manual_review
0263.JPEG,train,manual_review_needed,manual_review_needed,manual_review_needed,manual_review_needed,0.4514,manual_review
0264.JPEG,train,manual_review_needed,manual_review_needed,manual_review_needed,manual_review_needed,0.4231,manual_review
0265.JPEG,train,manual_review_needed,manual_review_needed,manual_review_needed,manual_review_needed,0.5464,manual_review
0266.JPEG,train,scratch,side_panel,high,"[0, 0, 259, 194]",0.7226,auto_labeled
0267.JPEG,train,manual_review_needed,manual_review_needed,manual_review_needed,manual_review_needed,0.5178,manual_review
0268.JPEG,train,manual_review_needed,manual_review_needed,manual_review_needed,manual_review_needed,0.4615,manual_review
0269.JPEG,train,manual_review_needed,manual_review_needed,manual_review_needed,manual_review_needed,0.4445,manual_review
0270.JPEG,train,manual_review_needed,manual_review_needed,manual_review_needed,manual_review_needed,0.5278,manual_review
0271.JPEG,train,manual_review_needed,manual_review_needed,manual_review_needed,manual_review_needed,0.3964,manual_review
0272.JPEG,train,manual_review_needed,manual_review_needed,manual_review_needed,manual_review_needed,0.4783,manual_review
0273.JPEG,train,manual_review_needed,manual_review_needed,manual_review_needed,manual_review_needed,0.5007,manual_review
0274.JPEG,train,scratch,side_panel,high,"[0, 0, 273, 185]",0.7241,auto_labeled
0275.JPEG,train,paint_damage,side_panel,high,"[0, 0, 259, 194]",0.7135,auto_labeled
0276.JPEG,train,manual_review_needed,manual_review_needed,manual_review_needed,manual_review_needed,0.4819,manual_review
0277.JPEG,train,manual_review_needed,manual_review_needed,manual_review_needed,manual_review_needed,0.439,manual_review
0278.JPEG,train,paint_damage,side_panel,high,"[0, 0, 300, 168]",0.7661,auto_labeled
0279.JPEG,train,paint_damage,side_panel,medium,"[0, 0, 259, 178]",0.6238,auto_labeled
0280.JPEG,train,manual_review_needed,manual_review_needed,manual_review_needed,manual_review_needed,0.4076,manual_review
0281.JPEG,train,manual_review_needed,manual_review_needed,manual_review_needed,manual_review_needed,0.4376,manual_review
0282.JPEG,train,scratch,side_panel,medium,"[0, 0, 363, 139]",0.6814,auto_labeled
0283.JPEG,train,manual_review_needed,manual_review_needed,manual_review_needed,manual_review_needed,0.5295,manual_review
0284.JPEG,train,dent,side_panel,medium,"[0, 0, 286, 176]",0.6017,auto_labeled
0285.JPEG,train,manual_review_needed,manual_review_needed,manual_review_needed,manual_review_needed,0.5013,manual_review
0286.JPEG,train,manual_review_needed,manual_review_needed,manual_review_needed,manual_review_needed,0.443,manual_review
0287.JPEG,train,manual_review_needed,manual_review_needed,manual_review_needed,manual_review_needed,0.5951,manual_review
0288.JPEG,train,scratch,side_panel,high,"[0, 0, 389, 129]",0.7301,auto_labeled
0289.jpeg,train,manual_review_needed,manual_review_needed,manual_review_needed,manual_review_needed,0.568,manual_review
0290.JPEG,train,scratch,side_panel,high,"[0, 0, 276, 175]",0.7174,auto_labeled
0291.JPEG,train,manual_review_needed,manual_review_needed,manual_review_needed,manual_review_needed,0.528,manual_review
0292.JPEG,train,paint_damage,side_panel,high,"[0, 0, 274, 184]",0.8408,auto_labeled
0293.JPEG,train,manual_review_needed,manual_review_needed,manual_review_needed,manual_review_needed,0.5286,manual_review
0294.JPEG,train,manual_review_needed,manual_review_needed,manual_review_needed,manual_review_needed,0.4991,manual_review
0295.JPEG,train,manual_review_needed,manual_review_needed,manual_review_needed,manual_review_needed,0.496,manual_review
0296.JPEG,train,manual_review_needed,manual_review_needed,manual_review_needed,manual_review_needed,0.441,manual_review
0297.JPEG,train,manual_review_needed,manual_review_needed,manual_review_needed,manual_review_needed,0.4544,manual_review
0298.JPEG,train,manual_review_needed,manual_review_needed,manual_review_needed,manual_review_needed,0.5356,manual_review
0299.JPEG,train,scratch,side_panel,medium,"[0, 0, 259, 194]",0.6091,auto_labeled
0300.JPEG,train,manual_review_needed,manual_review_needed,manual_review_needed,manual_review_needed,0.4833,manual_review
0301.JPEG,train,manual_review_needed,manual_review_needed,manual_review_needed,manual_review_needed,0.5382,manual_review
0302.JPEG,train,scratch,side_panel,medium,"[0, 0, 278, 181]",0.6538,auto_labeled
0303.JPEG,train,manual_review_needed,manual_review_needed,manual_review_needed,manual_review_needed,0.5397,manual_review
0304.JPEG,train,scratch,side_panel,medium,"[0, 0, 274, 184]",0.6135,auto_labeled
0305.JPEG,train,paint_damage,side_panel,high,"[0, 0, 259, 165]",0.7024,auto_labeled
0305.JPEG,train,scratch,front_bumper,medium,"[0, 180, 259, 13]",0.5642,auto_labeled
0306.JPEG,train,manual_review_needed,manual_review_needed,manual_review_needed,manual_review_needed,0.5109,manual_review
0307.JPEG,train,manual_review_needed,manual_review_needed,manual_review_needed,manual_review_needed,0.5448,manual_review
0308.JPEG,train,scratch,side_panel,high,"[0, 0, 194, 259]",0.7868,auto_labeled
0309.JPEG,train,manual_review_needed,manual_review_needed,manual_review_needed,manual_review_needed,0.4976,manual_review
0310.JPEG,train,manual_review_needed,manual_review_needed,manual_review_needed,manual_review_needed,0.4671,manual_review
0311.JPEG,train,scratch,side_panel,high,"[0, 0, 298, 169]",0.7715,auto_labeled
0312.JPEG,train,crack,front_bumper,medium,"[0, 172, 266, 16]",0.6949,auto_labeled
0312.JPEG,train,paint_damage,side_panel,medium,"[0, 0, 266, 173]",0.5523,auto_labeled
0313.JPEG,train,manual_review_needed,manual_review_needed,manual_review_needed,manual_review_needed,0.4794,manual_review
0314.JPEG,train,manual_review_needed,manual_review_needed,manual_review_needed,manual_review_needed,0.5024,manual_review
0315.JPEG,train,crack,left_door,medium,"[45, 109, 51, 10]",0.5539,auto_labeled
0315.JPEG,train,paint_damage,side_panel,medium,"[0, 0, 300, 168]",0.6631,auto_labeled
0316.JPEG,train,manual_review_needed,manual_review_needed,manual_review_needed,manual_review_needed,0.5259,manual_review
0317.JPEG,train,manual_review_needed,manual_review_needed,manual_review_needed,manual_review_needed,0.452,manual_review
0318.JPEG,train,manual_review_needed,manual_review_needed,manual_review_needed,manual_review_needed,0.4088,manual_review
0319.JPEG,train,manual_review_needed,manual_review_needed,manual_review_needed,manual_review_needed,0.4762,manual_review
0320.jpeg,train,paint_damage,side_panel,medium,"[0, 0, 275, 183]",0.6698,auto_labeled
0321.JPEG,train,manual_review_needed,manual_review_needed,manual_review_needed,manual_review_needed,0.423,manual_review
0322.JPEG,train,manual_review_needed,manual_review_needed,manual_review_needed,manual_review_needed,0.4925,manual_review
0323.JPEG,train,manual_review_needed,manual_review_needed,manual_review_needed,manual_review_needed,0.5391,manual_review
0324.JPEG,train,manual_review_needed,manual_review_needed,manual_review_needed,manual_review_needed,0.5818,manual_review
0325.JPEG,train,manual_review_needed,manual_review_needed,manual_review_needed,manual_review_needed,0.5801,manual_review
0326.JPEG,train,manual_review_needed,manual_review_needed,manual_review_needed,manual_review_needed,0.4964,manual_review
0327.JPEG,train,scratch,side_panel,high,"[0, 0, 259, 194]",0.7496,auto_labeled
0328.JPEG,train,manual_review_needed,manual_review_needed,manual_review_needed,manual_review_needed,0.4362,manual_review
0329.JPEG,train,manual_review_needed,manual_review_needed,manual_review_needed,manual_review_needed,0.5413,manual_review
0330.JPEG,train,manual_review_needed,manual_review_needed,manual_review_needed,manual_review_needed,0.4047,manual_review
0331.JPEG,train,manual_review_needed,manual_review_needed,manual_review_needed,manual_review_needed,0.5373,manual_review
0332.JPEG,train,scratch,side_panel,medium,"[0, 0, 300, 168]",0.637,auto_labeled
0333.JPEG,train,manual_review_needed,manual_review_needed,manual_review_needed,manual_review_needed,0.5184,manual_review
0334.JPEG,train,manual_review_needed,manual_review_needed,manual_review_needed,manual_review_needed,0.5985,manual_review
0335.JPEG,train,manual_review_needed,manual_review_needed,manual_review_needed,manual_review_needed,0.5085,manual_review
0336.JPEG,train,manual_review_needed,manual_review_needed,manual_review_needed,manual_review_needed,0.4897,manual_review
0337.JPEG,train,manual_review_needed,manual_review_needed,manual_review_needed,manual_review_needed,0.4631,manual_review
0338.JPEG,train,manual_review_needed,manual_review_needed,manual_review_needed,manual_review_needed,0.5821,manual_review
0339.JPEG,train,paint_damage,side_panel,high,"[0, 0, 276, 183]",0.7979,auto_labeled
0340.JPEG,train,manual_review_needed,manual_review_needed,manual_review_needed,manual_review_needed,0.5073,manual_review
0341.JPEG,train,paint_damage,side_panel,medium,"[0, 0, 260, 164]",0.64,auto_labeled
0342.JPEG,train,paint_damage,side_panel,high,"[0, 0, 268, 188]",0.8318,auto_labeled
0343.JPEG,train,manual_review_needed,manual_review_needed,manual_review_needed,manual_review_needed,0.48,manual_review
0344.JPEG,train,paint_damage,side_panel,high,"[0, 0, 304, 166]",0.7458,auto_labeled
0345.JPEG,train,manual_review_needed,manual_review_needed,manual_review_needed,manual_review_needed,0.5653,manual_review
0346.JPEG,train,manual_review_needed,manual_review_needed,manual_review_needed,manual_review_needed,0.4922,manual_review
0347.JPEG,train,manual_review_needed,manual_review_needed,manual_review_needed,manual_review_needed,0.5766,manual_review
0348.JPEG,train,manual_review_needed,manual_review_needed,manual_review_needed,manual_review_needed,0.5253,manual_review
0349.jpeg,train,manual_review_needed,manual_review_needed,manual_review_needed,manual_review_needed,0.4561,manual_review
0350.JPEG,train,manual_review_needed,manual_review_needed,manual_review_needed,manual_review_needed,0.4476,manual_review
0351.JPEG,train,manual_review_needed,manual_review_needed,manual_review_needed,manual_review_needed,0.4422,manual_review
0352.JPEG,train,manual_review_needed,manual_review_needed,manual_review_needed,manual_review_needed,0.4748,manual_review
0353.JPEG,train,manual_review_needed,manual_review_needed,manual_review_needed,manual_review_needed,0.5187,manual_review
0354.JPEG,train,manual_review_needed,manual_review_needed,manual_review_needed,manual_review_needed,0.4904,manual_review
0355.JPEG,train,manual_review_needed,manual_review_needed,manual_review_needed,manual_review_needed,0.4978,manual_review
0356.JPEG,train,manual_review_needed,manual_review_needed,manual_review_needed,manual_review_needed,0.4906,manual_review
0357.JPEG,train,paint_damage,side_panel,high,"[0, 0, 266, 147]",0.7317,auto_labeled
0357.JPEG,train,paint_damage,side_panel,high,"[0, 129, 266, 60]",0.6666,auto_labeled
0358.JPEG,train,paint_damage,side_panel,high,"[0, 0, 268, 172]",0.8043,auto_labeled
0358.JPEG,train,crack,front_bumper,medium,"[0, 166, 268, 21]",0.6754,auto_labeled
0359.JPEG,train,manual_review_needed,manual_review_needed,manual_review_needed,manual_review_needed,0.4858,manual_review
0360.JPEG,train,paint_damage,side_panel,high,"[0, 0, 266, 189]",0.8249,auto_labeled
0361.JPEG,train,paint_damage,left_door,low,"[0, 85, 27, 26]",0.6266,auto_labeled
0361.JPEG,train,paint_damage,side_panel,medium,"[81, 117, 42, 54]",0.5743,auto_labeled
0361.JPEG,train,paint_damage,side_panel,medium,"[0, 0, 262, 176]",0.6255,auto_labeled
0362.JPEG,train,manual_review_needed,manual_review_needed,manual_review_needed,manual_review_needed,0.4332,manual_review
0363.JPEG,train,manual_review_needed,manual_review_needed,manual_review_needed,manual_review_needed,0.5218,manual_review
0364.JPEG,train,manual_review_needed,manual_review_needed,manual_review_needed,manual_review_needed,0.4328,manual_review
0365.JPEG,train,crack,rear_bumper,medium,"[0, 0, 259, 18]",0.6878,auto_labeled
0365.JPEG,train,paint_damage,hood,medium,"[0, 10, 259, 112]",0.6044,auto_labeled
0366.JPEG,train,manual_review_needed,manual_review_needed,manual_review_needed,manual_review_needed,0.4549,manual_review
0367.JPEG,train,manual_review_needed,manual_review_needed,manual_review_needed,manual_review_needed,0.5654,manual_review
0368.JPEG,train,manual_review_needed,manual_review_needed,manual_review_needed,manual_review_needed,0.4548,manual_review
0369.JPEG,train,manual_review_needed,manual_review_needed,manual_review_needed,manual_review_needed,0.4553,manual_review
0370.JPEG,train,manual_review_needed,manual_review_needed,manual_review_needed,manual_review_needed,0.5312,manual_review
0371.JPEG,train,paint_damage,side_panel,medium,"[0, 0, 284, 177]",0.6488,auto_labeled
0372.JPEG,train,paint_damage,side_panel,high,"[0, 29, 299, 138]",0.7186,auto_labeled
0372.JPEG,train,paint_damage,windshield,medium,"[10, 0, 288, 43]",0.528,auto_labeled
0373.JPEG,train,manual_review_needed,manual_review_needed,manual_review_needed,manual_review_needed,0.4345,manual_review
0374.JPEG,train,manual_review_needed,manual_review_needed,manual_review_needed,manual_review_needed,0.4827,manual_review
0375.JPEG,train,manual_review_needed,manual_review_needed,manual_review_needed,manual_review_needed,0.4277,manual_review
0376.JPEG,train,manual_review_needed,manual_review_needed,manual_review_needed,manual_review_needed,0.5344,manual_review
0377.JPEG,train,manual_review_needed,manual_review_needed,manual_review_needed,manual_review_needed,0.5771,manual_review
0378.JPEG,train,manual_review_needed,manual_review_needed,manual_review_needed,manual_review_needed,0.4594,manual_review
0379.JPEG,train,manual_review_needed,manual_review_needed,manual_review_needed,manual_review_needed,0.5176,manual_review
0380.JPEG,train,manual_review_needed,manual_review_needed,manual_review_needed,manual_review_needed,0.5513,manual_review
0381.JPEG,train,manual_review_needed,manual_review_needed,manual_review_needed,manual_review_needed,0.4941,manual_review
0382.JPEG,train,manual_review_needed,manual_review_needed,manual_review_needed,manual_review_needed,0.5595,manual_review
0383.jpeg,train,manual_review_needed,manual_review_needed,manual_review_needed,manual_review_needed,0.4788,manual_review
0384.JPEG,train,manual_review_needed,manual_review_needed,manual_review_needed,manual_review_needed,0.5107,manual_review
0385.JPEG,train,manual_review_needed,manual_review_needed,manual_review_needed,manual_review_needed,0.5321,manual_review
0386.JPEG,train,manual_review_needed,manual_review_needed,manual_review_needed,manual_review_needed,0.5672,manual_review
0387.JPEG,train,manual_review_needed,manual_review_needed,manual_review_needed,manual_review_needed,0.4379,manual_review
0388.JPEG,train,manual_review_needed,manual_review_needed,manual_review_needed,manual_review_needed,0.4335,manual_review
0389.JPEG,train,manual_review_needed,manual_review_needed,manual_review_needed,manual_review_needed,0.5954,manual_review
0390.JPEG,train,manual_review_needed,manual_review_needed,manual_review_needed,manual_review_needed,0.4904,manual_review
0391.JPEG,train,manual_review_needed,manual_review_needed,manual_review_needed,manual_review_needed,0.4369,manual_review
0392.JPEG,train,manual_review_needed,manual_review_needed,manual_review_needed,manual_review_needed,0.4591,manual_review
0393.JPEG,train,manual_review_needed,manual_review_needed,manual_review_needed,manual_review_needed,0.5665,manual_review
0394.JPEG,train,manual_review_needed,manual_review_needed,manual_review_needed,manual_review_needed,0.5871,manual_review
0395.JPEG,train,manual_review_needed,manual_review_needed,manual_review_needed,manual_review_needed,0.5044,manual_review
0396.JPEG,train,manual_review_needed,manual_review_needed,manual_review_needed,manual_review_needed,0.5691,manual_review
0397.JPEG,train,manual_review_needed,manual_review_needed,manual_review_needed,manual_review_needed,0.4791,manual_review
0398.JPEG,train,paint_damage,side_panel,high,"[0, 0, 180, 280]",0.7875,auto_labeled
0399.JPEG,train,paint_damage,side_panel,medium,"[0, 0, 259, 194]",0.6222,auto_labeled
0400.JPEG,train,manual_review_needed,manual_review_needed,manual_review_needed,manual_review_needed,0.5642,manual_review
0401.JPEG,train,manual_review_needed,manual_review_needed,manual_review_needed,manual_review_needed,0.5677,manual_review
0402.JPEG,train,paint_damage,windshield,medium,"[158, 0, 46, 16]",0.5795,auto_labeled
0402.JPEG,train,crack,side_panel,high,"[0, 114, 259, 79]",0.6978,auto_labeled
0402.JPEG,train,paint_damage,side_panel,medium,"[0, 0, 259, 181]",0.576,auto_labeled
0403.JPEG,train,manual_review_needed,manual_review_needed,manual_review_needed,manual_review_needed,0.5823,manual_review
0404.JPEG,train,manual_review_needed,manual_review_needed,manual_review_needed,manual_review_needed,0.548,manual_review
0405.JPEG,train,manual_review_needed,manual_review_needed,manual_review_needed,manual_review_needed,0.4969,manual_review
0406.JPEG,train,manual_review_needed,manual_review_needed,manual_review_needed,manual_review_needed,0.4744,manual_review
0407.JPEG,train,manual_review_needed,manual_review_needed,manual_review_needed,manual_review_needed,0.5006,manual_review
0408.JPEG,train,manual_review_needed,manual_review_needed,manual_review_needed,manual_review_needed,0.4565,manual_review
0409.JPEG,train,manual_review_needed,manual_review_needed,manual_review_needed,manual_review_needed,0.5677,manual_review
0410.JPEG,train,paint_damage,side_panel,high,"[0, 0, 266, 177]",0.7438,auto_labeled
0410.JPEG,train,crack,front_bumper,medium,"[0, 158, 266, 31]",0.5447,auto_labeled
0411.JPEG,train,manual_review_needed,manual_review_needed,manual_review_needed,manual_review_needed,0.4197,manual_review
0412.jpeg,train,manual_review_needed,manual_review_needed,manual_review_needed,manual_review_needed,0.4442,manual_review
0413.JPEG,train,manual_review_needed,manual_review_needed,manual_review_needed,manual_review_needed,0.5439,manual_review
0414.JPEG,train,manual_review_needed,manual_review_needed,manual_review_needed,manual_review_needed,0.4224,manual_review
0415.JPEG,train,manual_review_needed,manual_review_needed,manual_review_needed,manual_review_needed,0.5873,manual_review
0416.JPEG,train,manual_review_needed,manual_review_needed,manual_review_needed,manual_review_needed,0.4463,manual_review
0417.JPEG,train,manual_review_needed,manual_review_needed,manual_review_needed,manual_review_needed,0.5119,manual_review
0418.JPEG,train,paint_damage,side_panel,high,"[0, 0, 269, 187]",0.8304,auto_labeled
0419.JPEG,train,manual_review_needed,manual_review_needed,manual_review_needed,manual_review_needed,0.5338,manual_review
0420.JPEG,train,paint_damage,side_panel,low,"[190, 35, 31, 13]",0.5357,auto_labeled
0420.JPEG,train,paint_damage,side_panel,high,"[0, 0, 314, 146]",0.7298,auto_labeled
0421.JPEG,train,manual_review_needed,manual_review_needed,manual_review_needed,manual_review_needed,0.5563,manual_review
0422.JPEG,train,manual_review_needed,manual_review_needed,manual_review_needed,manual_review_needed,0.5246,manual_review
0423.JPEG,train,manual_review_needed,manual_review_needed,manual_review_needed,manual_review_needed,0.5023,manual_review
0424.JPEG,train,paint_damage,side_panel,medium,"[0, 0, 180, 280]",0.7554,auto_labeled
0424.JPEG,train,dent,windshield,low,"[32, 62, 11, 10]",0.4771,auto_labeled
0425.JPEG,train,paint_damage,side_panel,medium,"[0, 0, 259, 163]",0.7336,auto_labeled
0425.JPEG,train,paint_damage,front_bumper,medium,"[0, 146, 259, 47]",0.6264,auto_labeled
0426.JPEG,train,manual_review_needed,manual_review_needed,manual_review_needed,manual_review_needed,0.4671,manual_review
0427.JPEG,train,manual_review_needed,manual_review_needed,manual_review_needed,manual_review_needed,0.4728,manual_review
0428.JPEG,train,manual_review_needed,manual_review_needed,manual_review_needed,manual_review_needed,0.4458,manual_review
0429.JPEG,train,scratch,side_panel,medium,"[0, 0, 259, 194]",0.6131,auto_labeled
0430.JPEG,train,manual_review_needed,manual_review_needed,manual_review_needed,manual_review_needed,0.5639,manual_review
0431.JPEG,train,manual_review_needed,manual_review_needed,manual_review_needed,manual_review_needed,0.4804,manual_review
0432.JPEG,train,manual_review_needed,manual_review_needed,manual_review_needed,manual_review_needed,0.5421,manual_review
0433.JPEG,train,manual_review_needed,manual_review_needed,manual_review_needed,manual_review_needed,0.4651,manual_review
0434.JPEG,train,manual_review_needed,manual_review_needed,manual_review_needed,manual_review_needed,0.5737,manual_review
0435.JPEG,train,manual_review_needed,manual_review_needed,manual_review_needed,manual_review_needed,0.4546,manual_review
0436.JPEG,train,paint_damage,side_panel,high,"[0, 0, 259, 194]",0.7478,auto_labeled
0437.JPEG,train,manual_review_needed,manual_review_needed,manual_review_needed,manual_review_needed,0.5062,manual_review
0438.JPEG,train,manual_review_needed,manual_review_needed,manual_review_needed,manual_review_needed,0.4902,manual_review
0439.JPEG,train,manual_review_needed,manual_review_needed,manual_review_needed,manual_review_needed,0.4649,manual_review
0440.JPEG,train,manual_review_needed,manual_review_needed,manual_review_needed,manual_review_needed,0.5433,manual_review
0441.JPEG,train,manual_review_needed,manual_review_needed,manual_review_needed,manual_review_needed,0.528,manual_review
0442.JPEG,train,paint_damage,side_panel,medium,"[0, 0, 259, 194]",0.6486,auto_labeled
0443.JPEG,train,manual_review_needed,manual_review_needed,manual_review_needed,manual_review_needed,0.5218,manual_review
0444.JPEG,train,scratch,side_panel,medium,"[0, 0, 259, 194]",0.6419,auto_labeled
0445.JPEG,train,paint_damage,side_panel,high,"[0, 0, 183, 235]",0.7873,auto_labeled
0445.JPEG,train,paint_damage,front_bumper,medium,"[0, 199, 183, 75]",0.6023,auto_labeled
0446.JPEG,train,paint_damage,side_panel,high,"[0, 0, 269, 187]",0.8598,auto_labeled
0447.JPEG,train,manual_review_needed,manual_review_needed,manual_review_needed,manual_review_needed,0.5412,manual_review
0448.JPEG,train,manual_review_needed,manual_review_needed,manual_review_needed,manual_review_needed,0.5144,manual_review
0449.JPEG,train,paint_damage,side_panel,high,"[0, 0, 268, 149]",0.7678,auto_labeled
0449.JPEG,train,crack,front_bumper,low,"[0, 173, 268, 14]",0.6562,auto_labeled
0450.JPEG,train,manual_review_needed,manual_review_needed,manual_review_needed,manual_review_needed,0.465,manual_review
0451.jpeg,train,paint_damage,side_panel,high,"[0, 0, 334, 151]",0.7602,auto_labeled
0452.JPEG,train,paint_damage,side_panel,high,"[0, 0, 293, 171]",0.7444,auto_labeled
0453.JPEG,train,manual_review_needed,manual_review_needed,manual_review_needed,manual_review_needed,0.4993,manual_review
0454.JPEG,train,paint_damage,side_panel,high,"[80, 34, 213, 74]",0.7249,auto_labeled
0454.JPEG,train,crack,side_panel,high,"[0, 75, 300, 93]",0.7551,auto_labeled
0454.JPEG,train,paint_damage,left_door,low,"[17, 0, 40, 35]",0.4836,auto_labeled
0454.JPEG,train,paint_damage,right_door,medium,"[140, 91, 159, 53]",0.5085,auto_labeled
0454.JPEG,train,paint_damage,windshield,medium,"[46, 0, 253, 37]",0.5811,auto_labeled
0455.JPEG,train,manual_review_needed,manual_review_needed,manual_review_needed,manual_review_needed,0.5287,manual_review
0456.JPEG,train,manual_review_needed,manual_review_needed,manual_review_needed,manual_review_needed,0.5257,manual_review
0457.JPEG,train,manual_review_needed,manual_review_needed,manual_review_needed,manual_review_needed,0.4779,manual_review
0458.JPEG,train,manual_review_needed,manual_review_needed,manual_review_needed,manual_review_needed,0.4884,manual_review
0459.JPEG,train,manual_review_needed,manual_review_needed,manual_review_needed,manual_review_needed,0.4867,manual_review
0460.JPEG,train,manual_review_needed,manual_review_needed,manual_review_needed,manual_review_needed,0.4308,manual_review
0461.jpeg,train,paint_damage,side_panel,medium,"[0, 0, 290, 147]",0.6654,auto_labeled
0462.JPEG,train,manual_review_needed,manual_review_needed,manual_review_needed,manual_review_needed,0.5198,manual_review
0463.JPEG,train,manual_review_needed,manual_review_needed,manual_review_needed,manual_review_needed,0.3958,manual_review
0464.JPEG,train,paint_damage,side_panel,medium,"[3, 5, 246, 189]",0.696,auto_labeled
0465.JPEG,train,manual_review_needed,manual_review_needed,manual_review_needed,manual_review_needed,0.5586,manual_review
0466.JPEG,train,manual_review_needed,manual_review_needed,manual_review_needed,manual_review_needed,0.4359,manual_review
0467.jpeg,train,manual_review_needed,manual_review_needed,manual_review_needed,manual_review_needed,0.5978,manual_review
0468.JPEG,train,manual_review_needed,manual_review_needed,manual_review_needed,manual_review_needed,0.5641,manual_review
0469.JPEG,train,manual_review_needed,manual_review_needed,manual_review_needed,manual_review_needed,0.4992,manual_review
0470.JPEG,train,paint_damage,side_panel,medium,"[0, 0, 282, 172]",0.6483,auto_labeled
0471.jpeg,train,manual_review_needed,manual_review_needed,manual_review_needed,manual_review_needed,0.5366,manual_review
0472.JPEG,train,paint_damage,right_door,medium,"[242, 0, 58, 43]",0.5961,auto_labeled
0472.JPEG,train,paint_damage,side_panel,high,"[0, 0, 301, 167]",0.7344,auto_labeled
0473.JPEG,train,paint_damage,side_panel,high,"[5, 8, 256, 165]",0.7771,auto_labeled
0474.JPEG,train,manual_review_needed,manual_review_needed,manual_review_needed,manual_review_needed,0.4886,manual_review
0475.jpeg,train,manual_review_needed,manual_review_needed,manual_review_needed,manual_review_needed,0.4232,manual_review
0476.JPEG,train,manual_review_needed,manual_review_needed,manual_review_needed,manual_review_needed,0.5482,manual_review
0477.JPEG,train,manual_review_needed,manual_review_needed,manual_review_needed,manual_review_needed,0.5005,manual_review
0478.JPEG,train,paint_damage,side_panel,high,"[0, 0, 284, 177]",0.8179,auto_labeled
0479.JPEG,train,manual_review_needed,manual_review_needed,manual_review_needed,manual_review_needed,0.4978,manual_review
0480.JPEG,train,manual_review_needed,manual_review_needed,manual_review_needed,manual_review_needed,0.5195,manual_review
0481.JPEG,train,manual_review_needed,manual_review_needed,manual_review_needed,manual_review_needed,0.4396,manual_review
0482.JPEG,train,manual_review_needed,manual_review_needed,manual_review_needed,manual_review_needed,0.528,manual_review
0483.JPEG,train,manual_review_needed,manual_review_needed,manual_review_needed,manual_review_needed,0.4792,manual_review
0484.jpeg,train,manual_review_needed,manual_review_needed,manual_review_needed,manual_review_needed,0.4976,manual_review
0485.JPEG,train,manual_review_needed,manual_review_needed,manual_review_needed,manual_review_needed,0.497,manual_review
0486.JPEG,train,manual_review_needed,manual_review_needed,manual_review_needed,manual_review_needed,0.4331,manual_review
0487.JPEG,train,manual_review_needed,manual_review_needed,manual_review_needed,manual_review_needed,0.4522,manual_review
0488.JPEG,train,manual_review_needed,manual_review_needed,manual_review_needed,manual_review_needed,0.5488,manual_review
0489.jpeg,train,manual_review_needed,manual_review_needed,manual_review_needed,manual_review_needed,0.5179,manual_review
0490.JPEG,train,manual_review_needed,manual_review_needed,manual_review_needed,manual_review_needed,0.4104,manual_review
0491.JPEG,train,paint_damage,side_panel,medium,"[123, 94, 24, 40]",0.6545,auto_labeled
0491.JPEG,train,crack,side_panel,medium,"[0, 139, 299, 28]",0.6736,auto_labeled
0491.JPEG,train,paint_damage,side_panel,high,"[0, 0, 299, 133]",0.702,auto_labeled
0491.JPEG,train,dent,left_door,low,"[0, 124, 12, 13]",0.4679,auto_labeled
0492.jpeg,train,manual_review_needed,manual_review_needed,manual_review_needed,manual_review_needed,0.5598,manual_review
0493.jpeg,train,paint_damage,side_panel,medium,"[0, 0, 290, 144]",0.6445,auto_labeled
0494.JPEG,train,manual_review_needed,manual_review_needed,manual_review_needed,manual_review_needed,0.5679,manual_review
0495.JPEG,train,manual_review_needed,manual_review_needed,manual_review_needed,manual_review_needed,0.5853,manual_review
0496.JPEG,train,paint_damage,side_panel,high,"[0, 0, 284, 177]",0.8156,auto_labeled
0497.JPEG,train,manual_review_needed,manual_review_needed,manual_review_needed,manual_review_needed,0.5378,manual_review
0498.JPEG,train,paint_damage,side_panel,medium,"[0, 0, 248, 189]",0.6529,auto_labeled
0499.JPEG,train,manual_review_needed,manual_review_needed,manual_review_needed,manual_review_needed,0.4375,manual_review
0500.JPEG,train,manual_review_needed,manual_review_needed,manual_review_needed,manual_review_needed,0.4677,manual_review
0501.JPEG,train,manual_review_needed,manual_review_needed,manual_review_needed,manual_review_needed,0.4719,manual_review
0502.JPEG,train,manual_review_needed,manual_review_needed,manual_review_needed,manual_review_needed,0.4638,manual_review
0503.JPEG,train,manual_review_needed,manual_review_needed,manual_review_needed,manual_review_needed,0.544,manual_review
0504.JPEG,train,manual_review_needed,manual_review_needed,manual_review_needed,manual_review_needed,0.5401,manual_review
0505.JPEG,train,manual_review_needed,manual_review_needed,manual_review_needed,manual_review_needed,0.4862,manual_review
0506.JPEG,train,paint_damage,side_panel,medium,"[0, 0, 179, 280]",0.6889,auto_labeled
0507.JPEG,train,manual_review_needed,manual_review_needed,manual_review_needed,manual_review_needed,0.5964,manual_review
0508.JPEG,train,manual_review_needed,manual_review_needed,manual_review_needed,manual_review_needed,0.468,manual_review
0509.JPEG,train,paint_damage,side_panel,high,"[0, 0, 260, 194]",0.7546,auto_labeled
0510.JPEG,train,paint_damage,side_panel,medium,"[0, 0, 180, 279]",0.6751,auto_labeled
0511.JPEG,train,manual_review_needed,manual_review_needed,manual_review_needed,manual_review_needed,0.4348,manual_review
0512.JPEG,train,manual_review_needed,manual_review_needed,manual_review_needed,manual_review_needed,0.5281,manual_review
0513.JPEG,train,manual_review_needed,manual_review_needed,manual_review_needed,manual_review_needed,0.5484,manual_review
0514.JPEG,train,paint_damage,side_panel,high,"[0, 0, 275, 183]",0.7283,auto_labeled
0515.JPEG,train,manual_review_needed,manual_review_needed,manual_review_needed,manual_review_needed,0.4808,manual_review
0516.JPEG,train,manual_review_needed,manual_review_needed,manual_review_needed,manual_review_needed,0.4683,manual_review
0517.JPEG,train,paint_damage,side_panel,high,"[0, 0, 269, 187]",0.8001,auto_labeled
0518.JPEG,train,manual_review_needed,manual_review_needed,manual_review_needed,manual_review_needed,0.5351,manual_review
0519.JPEG,train,manual_review_needed,manual_review_needed,manual_review_needed,manual_review_needed,0.5086,manual_review
0520.JPEG,train,manual_review_needed,manual_review_needed,manual_review_needed,manual_review_needed,0.4664,manual_review
0521.JPEG,train,manual_review_needed,manual_review_needed,manual_review_needed,manual_review_needed,0.4605,manual_review
0522.JPEG,train,scratch,side_panel,high,"[0, 0, 259, 194]",0.7733,auto_labeled
0522.JPEG,train,scratch,front_bumper,medium,"[0, 150, 219, 43]",0.5067,auto_labeled
0523.JPEG,train,manual_review_needed,manual_review_needed,manual_review_needed,manual_review_needed,0.574,manual_review
0524.JPEG,train,scratch,side_panel,high,"[0, 0, 301, 167]",0.6848,auto_labeled
0525.JPEG,train,manual_review_needed,manual_review_needed,manual_review_needed,manual_review_needed,0.476,manual_review
0526.JPEG,train,manual_review_needed,manual_review_needed,manual_review_needed,manual_review_needed,0.5789,manual_review
0527.jpeg,train,manual_review_needed,manual_review_needed,manual_review_needed,manual_review_needed,0.5245,manual_review
0528.JPEG,train,manual_review_needed,manual_review_needed,manual_review_needed,manual_review_needed,0.5756,manual_review
0529.JPEG,train,paint_damage,side_panel,high,"[0, 0, 309, 163]",0.8027,auto_labeled
0529.JPEG,train,dent,left_door,low,"[0, 113, 11, 10]",0.4125,auto_labeled
0530.JPEG,train,manual_review_needed,manual_review_needed,manual_review_needed,manual_review_needed,0.4881,manual_review
0531.JPEG,train,paint_damage,side_panel,low,"[66, 109, 35, 17]",0.6585,auto_labeled
0531.JPEG,train,crack,left_door,medium,"[0, 44, 33, 24]",0.6334,auto_labeled
0531.JPEG,train,paint_damage,left_door,medium,"[0, 91, 41, 90]",0.5608,auto_labeled
0531.JPEG,train,paint_damage,side_panel,medium,"[0, 0, 261, 193]",0.675,auto_labeled
0532.JPEG,train,manual_review_needed,manual_review_needed,manual_review_needed,manual_review_needed,0.5532,manual_review
0533.JPEG,train,manual_review_needed,manual_review_needed,manual_review_needed,manual_review_needed,0.4329,manual_review
0534.JPEG,train,manual_review_needed,manual_review_needed,manual_review_needed,manual_review_needed,0.4385,manual_review
0535.JPEG,train,manual_review_needed,manual_review_needed,manual_review_needed,manual_review_needed,0.4667,manual_review
0536.JPEG,train,manual_review_needed,manual_review_needed,manual_review_needed,manual_review_needed,0.4413,manual_review
0537.JPEG,train,paint_damage,side_panel,high,"[0, 0, 259, 194]",0.7722,auto_labeled
0538.JPEG,train,manual_review_needed,manual_review_needed,manual_review_needed,manual_review_needed,0.5404,manual_review
0539.JPEG,train,manual_review_needed,manual_review_needed,manual_review_needed,manual_review_needed,0.4424,manual_review
0540.JPEG,train,manual_review_needed,manual_review_needed,manual_review_needed,manual_review_needed,0.5005,manual_review
0541.JPEG,train,manual_review_needed,manual_review_needed,manual_review_needed,manual_review_needed,0.4374,manual_review
0542.JPEG,train,manual_review_needed,manual_review_needed,manual_review_needed,manual_review_needed,0.5826,manual_review
0543.JPEG,train,paint_damage,side_panel,medium,"[0, 19, 275, 163]",0.6613,auto_labeled
0544.JPEG,train,manual_review_needed,manual_review_needed,manual_review_needed,manual_review_needed,0.5738,manual_review
0545.JPEG,train,manual_review_needed,manual_review_needed,manual_review_needed,manual_review_needed,0.5426,manual_review
0546.JPEG,train,manual_review_needed,manual_review_needed,manual_review_needed,manual_review_needed,0.5708,manual_review
0547.JPEG,train,manual_review_needed,manual_review_needed,manual_review_needed,manual_review_needed,0.4743,manual_review
0548.JPEG,train,paint_damage,side_panel,high,"[0, 0, 276, 183]",0.7686,auto_labeled
0549.JPEG,train,paint_damage,side_panel,high,"[0, 0, 269, 188]",0.7955,auto_labeled
0549.JPEG,train,paint_damage,left_door,medium,"[0, 102, 50, 61]",0.5341,auto_labeled
0550.JPEG,train,paint_damage,side_panel,high,"[0, 0, 269, 188]",0.7806,auto_labeled
0550.JPEG,train,paint_damage,left_door,medium,"[0, 102, 58, 64]",0.4987,auto_labeled
0551.JPEG,train,manual_review_needed,manual_review_needed,manual_review_needed,manual_review_needed,0.5513,manual_review
0552.JPEG,train,manual_review_needed,manual_review_needed,manual_review_needed,manual_review_needed,0.4711,manual_review
0553.JPEG,train,scratch,side_panel,high,"[0, 0, 259, 194]",0.7239,auto_labeled
0554.JPEG,train,paint_damage,side_panel,high,"[0, 0, 300, 168]",0.7956,auto_labeled
0554.JPEG,train,crack,left_door,medium,"[0, 89, 21, 40]",0.5557,auto_labeled
0555.JPEG,train,manual_review_needed,manual_review_needed,manual_review_needed,manual_review_needed,0.5221,manual_review
0556.JPEG,train,manual_review_needed,manual_review_needed,manual_review_needed,manual_review_needed,0.4261,manual_review
0557.JPEG,train,manual_review_needed,manual_review_needed,manual_review_needed,manual_review_needed,0.4982,manual_review
0558.JPEG,train,manual_review_needed,manual_review_needed,manual_review_needed,manual_review_needed,0.5029,manual_review
0559.JPEG,train,manual_review_needed,manual_review_needed,manual_review_needed,manual_review_needed,0.5622,manual_review
0560.JPEG,train,manual_review_needed,manual_review_needed,manual_review_needed,manual_review_needed,0.5602,manual_review
0561.JPEG,train,paint_damage,side_panel,high,"[0, 0, 275, 183]",0.7746,auto_labeled
0562.JPEG,train,manual_review_needed,manual_review_needed,manual_review_needed,manual_review_needed,0.5184,manual_review
0563.JPEG,train,manual_review_needed,manual_review_needed,manual_review_needed,manual_review_needed,0.5832,manual_review
0564.JPEG,train,manual_review_needed,manual_review_needed,manual_review_needed,manual_review_needed,0.5207,manual_review
0565.JPEG,train,manual_review_needed,manual_review_needed,manual_review_needed,manual_review_needed,0.5,manual_review
0566.JPEG,train,manual_review_needed,manual_review_needed,manual_review_needed,manual_review_needed,0.4576,manual_review
0567.JPEG,train,manual_review_needed,manual_review_needed,manual_review_needed,manual_review_needed,0.4311,manual_review
0568.JPEG,train,manual_review_needed,manual_review_needed,manual_review_needed,manual_review_needed,0.4499,manual_review
0569.JPEG,train,paint_damage,side_panel,medium,"[0, 5, 259, 188]",0.669,auto_labeled
0570.JPEG,train,crack,front_bumper,medium,"[0, 143, 280, 36]",0.6657,auto_labeled
0570.JPEG,train,crack,hood,high,"[0, 0, 280, 69]",0.7097,auto_labeled
0570.JPEG,train,paint_damage,side_panel,high,"[0, 54, 280, 108]",0.6795,auto_labeled
0571.JPEG,train,paint_damage,side_panel,high,"[0, 0, 269, 187]",0.8476,auto_labeled
0571.JPEG,train,dent,right_door,low,"[210, 142, 19, 11]",0.3576,auto_labeled
0572.JPEG,train,manual_review_needed,manual_review_needed,manual_review_needed,manual_review_needed,0.5296,manual_review
0573.JPEG,train,manual_review_needed,manual_review_needed,manual_review_needed,manual_review_needed,0.5058,manual_review
0574.JPEG,train,manual_review_needed,manual_review_needed,manual_review_needed,manual_review_needed,0.4304,manual_review
0575.JPEG,train,manual_review_needed,manual_review_needed,manual_review_needed,manual_review_needed,0.5568,manual_review
0576.JPEG,train,manual_review_needed,manual_review_needed,manual_review_needed,manual_review_needed,0.4574,manual_review
0577.JPEG,train,manual_review_needed,manual_review_needed,manual_review_needed,manual_review_needed,0.4488,manual_review
0578.JPEG,train,manual_review_needed,manual_review_needed,manual_review_needed,manual_review_needed,0.4502,manual_review
0579.JPEG,train,manual_review_needed,manual_review_needed,manual_review_needed,manual_review_needed,0.3899,manual_review
0580.JPEG,train,manual_review_needed,manual_review_needed,manual_review_needed,manual_review_needed,0.5665,manual_review
0581.JPEG,train,paint_damage,side_panel,high,"[0, 49, 261, 143]",0.7565,auto_labeled
0581.JPEG,train,scratch,windshield,low,"[143, 37, 117, 29]",0.4725,auto_labeled
0582.JPEG,train,manual_review_needed,manual_review_needed,manual_review_needed,manual_review_needed,0.5339,manual_review
0583.JPEG,train,manual_review_needed,manual_review_needed,manual_review_needed,manual_review_needed,0.5062,manual_review
0584.JPEG,train,manual_review_needed,manual_review_needed,manual_review_needed,manual_review_needed,0.5855,manual_review
0585.JPEG,train,manual_review_needed,manual_review_needed,manual_review_needed,manual_review_needed,0.4424,manual_review
0586.JPEG,train,manual_review_needed,manual_review_needed,manual_review_needed,manual_review_needed,0.4579,manual_review
0587.JPEG,train,manual_review_needed,manual_review_needed,manual_review_needed,manual_review_needed,0.4602,manual_review
0588.JPEG,train,scratch,side_panel,high,"[0, 0, 300, 168]",0.7058,auto_labeled
0589.JPEG,train,manual_review_needed,manual_review_needed,manual_review_needed,manual_review_needed,0.4311,manual_review
0590.JPEG,train,paint_damage,side_panel,medium,"[0, 0, 272, 185]",0.6352,auto_labeled
0591.JPEG,train,paint_damage,windshield,high,"[59, 0, 199, 93]",0.7165,auto_labeled
0591.JPEG,train,paint_damage,side_panel,medium,"[0, 6, 259, 187]",0.6419,auto_labeled
0591.JPEG,train,paint_damage,left_door,medium,"[0, 22, 85, 141]",0.4891,auto_labeled
0592.JPEG,train,manual_review_needed,manual_review_needed,manual_review_needed,manual_review_needed,0.5534,manual_review
0593.JPEG,train,manual_review_needed,manual_review_needed,manual_review_needed,manual_review_needed,0.4768,manual_review
0594.JPEG,train,manual_review_needed,manual_review_needed,manual_review_needed,manual_review_needed,0.5499,manual_review
0595.JPEG,train,manual_review_needed,manual_review_needed,manual_review_needed,manual_review_needed,0.4547,manual_review
0596.JPEG,train,manual_review_needed,manual_review_needed,manual_review_needed,manual_review_needed,0.5776,manual_review
0597.JPEG,train,paint_damage,side_panel,high,"[0, 0, 286, 176]",0.803,auto_labeled
0598.JPEG,train,paint_damage,side_panel,medium,"[0, 0, 259, 171]",0.6571,auto_labeled
0599.JPEG,train,crack,front_bumper,medium,"[0, 156, 299, 11]",0.642,auto_labeled
0599.JPEG,train,paint_damage,side_panel,medium,"[0, 0, 299, 148]",0.5938,auto_labeled
0600.JPEG,train,paint_damage,side_panel,high,"[0, 0, 259, 194]",0.8797,auto_labeled
0601.JPEG,train,paint_damage,left_door,medium,"[0, 38, 12, 34]",0.7192,auto_labeled
0601.JPEG,train,crack,side_panel,high,"[0, 0, 414, 122]",0.8679,auto_labeled
0601.JPEG,train,paint_damage,left_door,low,"[0, 0, 65, 19]",0.5206,auto_labeled
0602.JPEG,train,manual_review_needed,manual_review_needed,manual_review_needed,manual_review_needed,0.4542,manual_review
0603.JPEG,train,manual_review_needed,manual_review_needed,manual_review_needed,manual_review_needed,0.5791,manual_review
0604.JPEG,train,manual_review_needed,manual_review_needed,manual_review_needed,manual_review_needed,0.4457,manual_review
0605.JPEG,train,manual_review_needed,manual_review_needed,manual_review_needed,manual_review_needed,0.5713,manual_review
0606.JPEG,train,manual_review_needed,manual_review_needed,manual_review_needed,manual_review_needed,0.4718,manual_review
0607.JPEG,train,paint_damage,side_panel,medium,"[0, 0, 259, 164]",0.6458,auto_labeled
0607.JPEG,train,scratch,front_bumper,medium,"[0, 151, 259, 42]",0.5967,auto_labeled
0608.JPEG,train,manual_review_needed,manual_review_needed,manual_review_needed,manual_review_needed,0.4324,manual_review
0609.JPEG,train,manual_review_needed,manual_review_needed,manual_review_needed,manual_review_needed,0.4389,manual_review
0610.JPEG,train,manual_review_needed,manual_review_needed,manual_review_needed,manual_review_needed,0.5013,manual_review
0611.JPEG,train,manual_review_needed,manual_review_needed,manual_review_needed,manual_review_needed,0.5788,manual_review
0612.JPEG,train,crack,front_bumper,medium,"[0, 182, 259, 11]",0.696,auto_labeled
0612.JPEG,train,paint_damage,side_panel,medium,"[0, 0, 259, 147]",0.6164,auto_labeled
0613.JPEG,train,manual_review_needed,manual_review_needed,manual_review_needed,manual_review_needed,0.5236,manual_review
0614.JPEG,train,manual_review_needed,manual_review_needed,manual_review_needed,manual_review_needed,0.5783,manual_review
0615.JPEG,train,paint_damage,side_panel,high,"[0, 0, 280, 180]",0.847,auto_labeled
0616.JPEG,train,manual_review_needed,manual_review_needed,manual_review_needed,manual_review_needed,0.5441,manual_review
0617.JPEG,train,manual_review_needed,manual_review_needed,manual_review_needed,manual_review_needed,0.4759,manual_review
0618.JPEG,train,manual_review_needed,manual_review_needed,manual_review_needed,manual_review_needed,0.4943,manual_review
0619.jpeg,train,manual_review_needed,manual_review_needed,manual_review_needed,manual_review_needed,0.5252,manual_review
0620.JPEG,train,manual_review_needed,manual_review_needed,manual_review_needed,manual_review_needed,0.4303,manual_review
0621.JPEG,train,manual_review_needed,manual_review_needed,manual_review_needed,manual_review_needed,0.5319,manual_review
0622.JPEG,train,manual_review_needed,manual_review_needed,manual_review_needed,manual_review_needed,0.5291,manual_review
0623.JPEG,train,manual_review_needed,manual_review_needed,manual_review_needed,manual_review_needed,0.5538,manual_review
0624.JPEG,train,manual_review_needed,manual_review_needed,manual_review_needed,manual_review_needed,0.5811,manual_review
0625.JPEG,train,manual_review_needed,manual_review_needed,manual_review_needed,manual_review_needed,0.4725,manual_review
0626.JPEG,train,crack,rear_bumper,medium,"[0, 0, 259, 10]",0.6842,auto_labeled
0626.JPEG,train,paint_damage,side_panel,medium,"[0, 8, 259, 185]",0.6088,auto_labeled
0627.JPEG,train,scratch,side_panel,high,"[0, 32, 259, 161]",0.7357,auto_labeled
0628.JPEG,train,manual_review_needed,manual_review_needed,manual_review_needed,manual_review_needed,0.4891,manual_review
0629.JPEG,train,manual_review_needed,manual_review_needed,manual_review_needed,manual_review_needed,0.4654,manual_review
0630.JPEG,train,manual_review_needed,manual_review_needed,manual_review_needed,manual_review_needed,0.4945,manual_review
0631.JPEG,train,manual_review_needed,manual_review_needed,manual_review_needed,manual_review_needed,0.4701,manual_review
0632.JPEG,train,paint_damage,side_panel,medium,"[0, 6, 259, 156]",0.6373,auto_labeled
0632.JPEG,train,paint_damage,side_panel,medium,"[0, 96, 259, 97]",0.5863,auto_labeled
0633.JPEG,train,manual_review_needed,manual_review_needed,manual_review_needed,manual_review_needed,0.4752,manual_review
0634.JPEG,train,manual_review_needed,manual_review_needed,manual_review_needed,manual_review_needed,0.4958,manual_review
0635.JPEG,train,scratch,side_panel,high,"[0, 0, 259, 194]",0.728,auto_labeled
0636.JPEG,train,manual_review_needed,manual_review_needed,manual_review_needed,manual_review_needed,0.481,manual_review
0637.JPEG,train,paint_damage,side_panel,high,"[0, 0, 300, 118]",0.795,auto_labeled
0638.JPEG,train,manual_review_needed,manual_review_needed,manual_review_needed,manual_review_needed,0.4483,manual_review
0639.JPEG,train,manual_review_needed,manual_review_needed,manual_review_needed,manual_review_needed,0.4446,manual_review
0640.JPEG,train,manual_review_needed,manual_review_needed,manual_review_needed,manual_review_needed,0.4845,manual_review
0641.JPEG,train,manual_review_needed,manual_review_needed,manual_review_needed,manual_review_needed,0.4949,manual_review
0642.JPEG,train,manual_review_needed,manual_review_needed,manual_review_needed,manual_review_needed,0.5989,manual_review
0643.JPEG,train,manual_review_needed,manual_review_needed,manual_review_needed,manual_review_needed,0.5761,manual_review
0644.JPEG,train,paint_damage,side_panel,medium,"[0, 0, 254, 159]",0.6541,auto_labeled
0645.JPEG,train,manual_review_needed,manual_review_needed,manual_review_needed,manual_review_needed,0.3721,manual_review
0646.JPEG,train,manual_review_needed,manual_review_needed,manual_review_needed,manual_review_needed,0.5174,manual_review
0647.JPEG,train,paint_damage,side_panel,high,"[0, 0, 299, 169]",0.8359,auto_labeled
0647.JPEG,train,dent,side_panel,low,"[136, 128, 37, 28]",0.3999,auto_labeled
0648.JPEG,train,paint_damage,side_panel,high,"[3, 22, 306, 123]",0.8064,auto_labeled
0648.JPEG,train,crack,side_panel,low,"[0, 140, 322, 15]",0.6388,auto_labeled
0649.JPEG,train,paint_damage,side_panel,medium,"[0, 0, 321, 150]",0.6341,auto_labeled
0650.JPEG,train,manual_review_needed,manual_review_needed,manual_review_needed,manual_review_needed,0.4376,manual_review
0651.JPEG,train,manual_review_needed,manual_review_needed,manual_review_needed,manual_review_needed,0.5029,manual_review
0652.JPEG,train,manual_review_needed,manual_review_needed,manual_review_needed,manual_review_needed,0.5224,manual_review
0653.JPEG,train,manual_review_needed,manual_review_needed,manual_review_needed,manual_review_needed,0.4533,manual_review
0654.JPEG,train,manual_review_needed,manual_review_needed,manual_review_needed,manual_review_needed,0.4439,manual_review
0655.JPEG,train,manual_review_needed,manual_review_needed,manual_review_needed,manual_review_needed,0.4633,manual_review
0656.JPEG,train,manual_review_needed,manual_review_needed,manual_review_needed,manual_review_needed,0.5395,manual_review
0657.JPEG,train,manual_review_needed,manual_review_needed,manual_review_needed,manual_review_needed,0.569,manual_review
0658.JPEG,train,manual_review_needed,manual_review_needed,manual_review_needed,manual_review_needed,0.4672,manual_review
0659.JPEG,train,manual_review_needed,manual_review_needed,manual_review_needed,manual_review_needed,0.4334,manual_review
0660.JPEG,train,manual_review_needed,manual_review_needed,manual_review_needed,manual_review_needed,0.5476,manual_review
0661.JPEG,train,manual_review_needed,manual_review_needed,manual_review_needed,manual_review_needed,0.576,manual_review
0662.JPEG,train,manual_review_needed,manual_review_needed,manual_review_needed,manual_review_needed,0.5383,manual_review
0663.JPEG,train,paint_damage,side_panel,high,"[0, 0, 287, 175]",0.7364,auto_labeled
0664.JPEG,train,manual_review_needed,manual_review_needed,manual_review_needed,manual_review_needed,0.5337,manual_review
0665.JPEG,train,manual_review_needed,manual_review_needed,manual_review_needed,manual_review_needed,0.5168,manual_review
0666.JPEG,train,manual_review_needed,manual_review_needed,manual_review_needed,manual_review_needed,0.4707,manual_review
0667.JPEG,train,manual_review_needed,manual_review_needed,manual_review_needed,manual_review_needed,0.502,manual_review
0668.JPEG,train,paint_damage,front_bumper,medium,"[0, 163, 275, 19]",0.6376,auto_labeled
0668.JPEG,train,paint_damage,side_panel,high,"[0, 73, 275, 76]",0.7248,auto_labeled
0668.JPEG,train,crack,windshield,medium,"[0, 0, 275, 18]",0.6404,auto_labeled
0669.JPEG,train,manual_review_needed,manual_review_needed,manual_review_needed,manual_review_needed,0.5186,manual_review
0670.JPEG,train,manual_review_needed,manual_review_needed,manual_review_needed,manual_review_needed,0.5195,manual_review
0671.jpeg,train,manual_review_needed,manual_review_needed,manual_review_needed,manual_review_needed,0.566,manual_review
0672.JPEG,train,manual_review_needed,manual_review_needed,manual_review_needed,manual_review_needed,0.4965,manual_review
0673.JPEG,train,paint_damage,side_panel,medium,"[0, 0, 274, 182]",0.6347,auto_labeled
0674.JPEG,train,manual_review_needed,manual_review_needed,manual_review_needed,manual_review_needed,0.4353,manual_review
0675.JPEG,train,manual_review_needed,manual_review_needed,manual_review_needed,manual_review_needed,0.4574,manual_review
0676.JPEG,train,manual_review_needed,manual_review_needed,manual_review_needed,manual_review_needed,0.5355,manual_review
0677.JPEG,train,manual_review_needed,manual_review_needed,manual_review_needed,manual_review_needed,0.523,manual_review
0678.JPEG,train,manual_review_needed,manual_review_needed,manual_review_needed,manual_review_needed,0.5237,manual_review
0679.JPEG,train,manual_review_needed,manual_review_needed,manual_review_needed,manual_review_needed,0.453,manual_review
0680.JPEG,train,manual_review_needed,manual_review_needed,manual_review_needed,manual_review_needed,0.4515,manual_review
0681.JPEG,train,manual_review_needed,manual_review_needed,manual_review_needed,manual_review_needed,0.4908,manual_review
0682.JPEG,train,manual_review_needed,manual_review_needed,manual_review_needed,manual_review_needed,0.4819,manual_review
0683.JPEG,train,manual_review_needed,manual_review_needed,manual_review_needed,manual_review_needed,0.467,manual_review
0684.JPEG,train,paint_damage,side_panel,high,"[0, 0, 259, 184]",0.752,auto_labeled
0684.JPEG,train,scratch,front_bumper,medium,"[0, 178, 259, 15]",0.6195,auto_labeled
0685.JPEG,train,manual_review_needed,manual_review_needed,manual_review_needed,manual_review_needed,0.4301,manual_review
0686.JPEG,train,manual_review_needed,manual_review_needed,manual_review_needed,manual_review_needed,0.4898,manual_review
0687.JPEG,train,manual_review_needed,manual_review_needed,manual_review_needed,manual_review_needed,0.5278,manual_review
0688.JPEG,train,manual_review_needed,manual_review_needed,manual_review_needed,manual_review_needed,0.5374,manual_review
0689.JPEG,train,manual_review_needed,manual_review_needed,manual_review_needed,manual_review_needed,0.5583,manual_review
0690.JPEG,train,crack,front_bumper,medium,"[0, 180, 259, 13]",0.6509,auto_labeled
0690.JPEG,train,paint_damage,side_panel,medium,"[0, 0, 259, 155]",0.5889,auto_labeled
0691.JPEG,train,paint_damage,side_panel,low,"[136, 98, 15, 16]",0.5967,auto_labeled
0691.JPEG,train,paint_damage,side_panel,high,"[0, 22, 259, 171]",0.7357,auto_labeled
0692.JPEG,train,manual_review_needed,manual_review_needed,manual_review_needed,manual_review_needed,0.5552,manual_review
0693.JPEG,train,manual_review_needed,manual_review_needed,manual_review_needed,manual_review_needed,0.4472,manual_review
0694.JPEG,train,manual_review_needed,manual_review_needed,manual_review_needed,manual_review_needed,0.4924,manual_review
0695.JPEG,train,manual_review_needed,manual_review_needed,manual_review_needed,manual_review_needed,0.5292,manual_review
0696.JPEG,train,manual_review_needed,manual_review_needed,manual_review_needed,manual_review_needed,0.5327,manual_review
0697.JPEG,train,paint_damage,side_panel,high,"[0, 0, 310, 163]",0.8022,auto_labeled
0698.JPEG,train,paint_damage,side_panel,high,"[0, 0, 275, 183]",0.7915,auto_labeled
0699.JPEG,train,manual_review_needed,manual_review_needed,manual_review_needed,manual_review_needed,0.4806,manual_review
0700.jpeg,train,manual_review_needed,manual_review_needed,manual_review_needed,manual_review_needed,0.5115,manual_review
0701.jpeg,train,manual_review_needed,manual_review_needed,manual_review_needed,manual_review_needed,0.5343,manual_review
0702.JPEG,train,crack,front_bumper,low,"[0, 176, 269, 10]",0.6878,auto_labeled
0702.JPEG,train,paint_damage,side_panel,high,"[0, 0, 269, 170]",0.7776,auto_labeled
0702.JPEG,train,paint_damage,left_door,medium,"[0, 71, 30, 15]",0.6201,auto_labeled
0703.JPEG,train,manual_review_needed,manual_review_needed,manual_review_needed,manual_review_needed,0.442,manual_review
0704.JPEG,train,manual_review_needed,manual_review_needed,manual_review_needed,manual_review_needed,0.5569,manual_review
0705.jpeg,train,crack,side_panel,medium,"[0, 120, 259, 73]",0.6411,auto_labeled
0705.jpeg,train,paint_damage,side_panel,medium,"[0, 0, 259, 163]",0.59,auto_labeled
0706.JPEG,train,scratch,side_panel,high,"[0, 0, 299, 157]",0.7157,auto_labeled
0706.JPEG,train,crack,left_door,medium,"[0, 100, 28, 35]",0.5583,auto_labeled
0706.JPEG,train,crack,front_bumper,medium,"[0, 148, 299, 19]",0.6015,auto_labeled
0707.JPEG,train,manual_review_needed,manual_review_needed,manual_review_needed,manual_review_needed,0.5161,manual_review
0708.JPEG,train,manual_review_needed,manual_review_needed,manual_review_needed,manual_review_needed,0.5296,manual_review
0709.JPEG,train,manual_review_needed,manual_review_needed,manual_review_needed,manual_review_needed,0.4195,manual_review
0710.jpeg,train,manual_review_needed,manual_review_needed,manual_review_needed,manual_review_needed,0.5918,manual_review
0711.JPEG,train,manual_review_needed,manual_review_needed,manual_review_needed,manual_review_needed,0.4511,manual_review
0712.JPEG,train,manual_review_needed,manual_review_needed,manual_review_needed,manual_review_needed,0.4565,manual_review
0713.JPEG,train,manual_review_needed,manual_review_needed,manual_review_needed,manual_review_needed,0.4574,manual_review
0714.JPEG,train,paint_damage,side_panel,medium,"[0, 0, 259, 194]",0.6359,auto_labeled
0715.JPEG,train,manual_review_needed,manual_review_needed,manual_review_needed,manual_review_needed,0.4159,manual_review
0716.jpeg,train,manual_review_needed,manual_review_needed,manual_review_needed,manual_review_needed,0.4785,manual_review
0717.JPEG,train,manual_review_needed,manual_review_needed,manual_review_needed,manual_review_needed,0.5903,manual_review
0718.JPEG,train,scratch,side_panel,high,"[0, 0, 299, 169]",0.747,auto_labeled
0719.JPEG,train,manual_review_needed,manual_review_needed,manual_review_needed,manual_review_needed,0.5436,manual_review
0720.JPEG,train,manual_review_needed,manual_review_needed,manual_review_needed,manual_review_needed,0.5212,manual_review
0721.JPEG,train,manual_review_needed,manual_review_needed,manual_review_needed,manual_review_needed,0.475,manual_review
0722.JPEG,train,manual_review_needed,manual_review_needed,manual_review_needed,manual_review_needed,0.4857,manual_review
0723.jpeg,train,manual_review_needed,manual_review_needed,manual_review_needed,manual_review_needed,0.5075,manual_review
0724.JPEG,train,scratch,side_panel,high,"[0, 0, 284, 177]",0.7987,auto_labeled
0725.JPEG,train,manual_review_needed,manual_review_needed,manual_review_needed,manual_review_needed,0.484,manual_review
0726.JPEG,train,manual_review_needed,manual_review_needed,manual_review_needed,manual_review_needed,0.5437,manual_review
0727.jpeg,train,manual_review_needed,manual_review_needed,manual_review_needed,manual_review_needed,0.5472,manual_review
0728.JPEG,train,manual_review_needed,manual_review_needed,manual_review_needed,manual_review_needed,0.3872,manual_review
0729.JPEG,train,scratch,side_panel,medium,"[0, 0, 284, 177]",0.6838,auto_labeled
0730.JPEG,train,manual_review_needed,manual_review_needed,manual_review_needed,manual_review_needed,0.5014,manual_review
0731.JPEG,train,manual_review_needed,manual_review_needed,manual_review_needed,manual_review_needed,0.4969,manual_review
0732.jpeg,train,paint_damage,side_panel,medium,"[0, 0, 275, 159]",0.666,auto_labeled
0732.jpeg,train,paint_damage,side_panel,medium,"[0, 102, 275, 80]",0.6087,auto_labeled
0733.JPEG,train,paint_damage,side_panel,high,"[0, 0, 300, 165]",0.7384,auto_labeled
0734.JPEG,train,crack,rear_bumper,low,"[0, 0, 259, 12]",0.6281,auto_labeled
0734.JPEG,train,paint_damage,side_panel,medium,"[0, 9, 259, 149]",0.5723,auto_labeled
0735.JPEG,train,manual_review_needed,manual_review_needed,manual_review_needed,manual_review_needed,0.5735,manual_review
0736.JPEG,train,manual_review_needed,manual_review_needed,manual_review_needed,manual_review_needed,0.5799,manual_review
0737.JPEG,train,manual_review_needed,manual_review_needed,manual_review_needed,manual_review_needed,0.5029,manual_review
0738.jpeg,train,manual_review_needed,manual_review_needed,manual_review_needed,manual_review_needed,0.5167,manual_review
0739.JPEG,train,manual_review_needed,manual_review_needed,manual_review_needed,manual_review_needed,0.417,manual_review
0740.JPEG,train,manual_review_needed,manual_review_needed,manual_review_needed,manual_review_needed,0.5626,manual_review
0741.JPEG,train,manual_review_needed,manual_review_needed,manual_review_needed,manual_review_needed,0.461,manual_review
0742.JPEG,train,manual_review_needed,manual_review_needed,manual_review_needed,manual_review_needed,0.4791,manual_review
0743.jpeg,train,manual_review_needed,manual_review_needed,manual_review_needed,manual_review_needed,0.4384,manual_review
0744.JPEG,train,manual_review_needed,manual_review_needed,manual_review_needed,manual_review_needed,0.4196,manual_review
0745.JPEG,train,manual_review_needed,manual_review_needed,manual_review_needed,manual_review_needed,0.5187,manual_review
0746.JPEG,train,manual_review_needed,manual_review_needed,manual_review_needed,manual_review_needed,0.4665,manual_review
0747.JPEG,train,manual_review_needed,manual_review_needed,manual_review_needed,manual_review_needed,0.4468,manual_review
0748.jpeg,train,manual_review_needed,manual_review_needed,manual_review_needed,manual_review_needed,0.4367,manual_review
0749.JPEG,train,manual_review_needed,manual_review_needed,manual_review_needed,manual_review_needed,0.42,manual_review
0750.JPEG,train,paint_damage,side_panel,high,"[0, 0, 259, 194]",0.7918,auto_labeled
0751.JPEG,train,manual_review_needed,manual_review_needed,manual_review_needed,manual_review_needed,0.5244,manual_review
0752.JPEG,train,manual_review_needed,manual_review_needed,manual_review_needed,manual_review_needed,0.4607,manual_review
0753.JPEG,train,manual_review_needed,manual_review_needed,manual_review_needed,manual_review_needed,0.4914,manual_review
0754.JPEG,train,manual_review_needed,manual_review_needed,manual_review_needed,manual_review_needed,0.5717,manual_review
0755.JPEG,train,manual_review_needed,manual_review_needed,manual_review_needed,manual_review_needed,0.503,manual_review
0756.JPEG,train,manual_review_needed,manual_review_needed,manual_review_needed,manual_review_needed,0.4671,manual_review
0757.JPEG,train,paint_damage,side_panel,high,"[0, 47, 269, 140]",0.7298,auto_labeled
0757.JPEG,train,paint_damage,hood,medium,"[0, 0, 269, 129]",0.5696,auto_labeled
0758.JPEG,train,paint_damage,windshield,low,"[0, 0, 91, 27]",0.6136,auto_labeled
0758.JPEG,train,paint_damage,side_panel,high,"[0, 0, 275, 183]",0.7134,auto_labeled
0759.JPEG,train,manual_review_needed,manual_review_needed,manual_review_needed,manual_review_needed,0.5051,manual_review
0760.JPEG,train,manual_review_needed,manual_review_needed,manual_review_needed,manual_review_needed,0.4109,manual_review
0761.JPEG,train,manual_review_needed,manual_review_needed,manual_review_needed,manual_review_needed,0.5906,manual_review
0762.JPEG,train,manual_review_needed,manual_review_needed,manual_review_needed,manual_review_needed,0.4381,manual_review
0763.JPEG,train,manual_review_needed,manual_review_needed,manual_review_needed,manual_review_needed,0.4185,manual_review
0764.JPEG,train,manual_review_needed,manual_review_needed,manual_review_needed,manual_review_needed,0.4842,manual_review
0765.JPEG,train,manual_review_needed,manual_review_needed,manual_review_needed,manual_review_needed,0.4829,manual_review
0766.JPEG,train,paint_damage,side_panel,high,"[0, 51, 316, 107]",0.7386,auto_labeled
0766.JPEG,train,paint_damage,side_panel,high,"[0, 0, 316, 125]",0.73,auto_labeled
0767.JPEG,train,manual_review_needed,manual_review_needed,manual_review_needed,manual_review_needed,0.4995,manual_review
0768.JPEG,train,manual_review_needed,manual_review_needed,manual_review_needed,manual_review_needed,0.5078,manual_review
0769.JPEG,train,paint_damage,side_panel,high,"[0, 0, 305, 165]",0.8316,auto_labeled
0769.JPEG,train,dent,left_door,low,"[10, 70, 18, 11]",0.4161,auto_labeled
0770.JPEG,train,manual_review_needed,manual_review_needed,manual_review_needed,manual_review_needed,0.4425,manual_review
0771.JPEG,train,manual_review_needed,manual_review_needed,manual_review_needed,manual_review_needed,0.5319,manual_review
0772.JPEG,train,manual_review_needed,manual_review_needed,manual_review_needed,manual_review_needed,0.5017,manual_review
0773.JPEG,train,manual_review_needed,manual_review_needed,manual_review_needed,manual_review_needed,0.4869,manual_review
0774.JPEG,train,manual_review_needed,manual_review_needed,manual_review_needed,manual_review_needed,0.496,manual_review
0775.JPEG,train,manual_review_needed,manual_review_needed,manual_review_needed,manual_review_needed,0.4765,manual_review
0776.JPEG,train,manual_review_needed,manual_review_needed,manual_review_needed,manual_review_needed,0.4815,manual_review
0777.JPEG,train,manual_review_needed,manual_review_needed,manual_review_needed,manual_review_needed,0.4745,manual_review
0778.JPEG,train,manual_review_needed,manual_review_needed,manual_review_needed,manual_review_needed,0.543,manual_review
0779.JPEG,train,manual_review_needed,manual_review_needed,manual_review_needed,manual_review_needed,0.4806,manual_review
0780.JPEG,train,crack,front_bumper,low,"[0, 174, 271, 11]",0.6004,auto_labeled
0780.JPEG,train,paint_damage,side_panel,medium,"[0, 0, 271, 170]",0.6552,auto_labeled
0781.JPEG,train,manual_review_needed,manual_review_needed,manual_review_needed,manual_review_needed,0.4888,manual_review
0782.JPEG,train,manual_review_needed,manual_review_needed,manual_review_needed,manual_review_needed,0.5155,manual_review
0783.JPEG,train,manual_review_needed,manual_review_needed,manual_review_needed,manual_review_needed,0.464,manual_review
0784.JPEG,train,manual_review_needed,manual_review_needed,manual_review_needed,manual_review_needed,0.4506,manual_review
0785.JPEG,train,manual_review_needed,manual_review_needed,manual_review_needed,manual_review_needed,0.4495,manual_review
0786.JPEG,train,manual_review_needed,manual_review_needed,manual_review_needed,manual_review_needed,0.4991,manual_review
0787.JPEG,train,manual_review_needed,manual_review_needed,manual_review_needed,manual_review_needed,0.5978,manual_review
0788.JPEG,train,manual_review_needed,manual_review_needed,manual_review_needed,manual_review_needed,0.4447,manual_review
0789.JPEG,train,manual_review_needed,manual_review_needed,manual_review_needed,manual_review_needed,0.5404,manual_review
0790.JPEG,train,manual_review_needed,manual_review_needed,manual_review_needed,manual_review_needed,0.5396,manual_review
0791.JPEG,train,paint_damage,side_panel,high,"[0, 0, 288, 175]",0.7863,auto_labeled
0792.JPEG,train,manual_review_needed,manual_review_needed,manual_review_needed,manual_review_needed,0.4992,manual_review
0793.JPEG,train,manual_review_needed,manual_review_needed,manual_review_needed,manual_review_needed,0.4389,manual_review
0794.JPEG,train,manual_review_needed,manual_review_needed,manual_review_needed,manual_review_needed,0.4908,manual_review
0795.JPEG,train,paint_damage,other_location,medium,"[0, 164, 22, 18]",0.6116,auto_labeled
0795.JPEG,train,paint_damage,side_panel,medium,"[152, 79, 11, 11]",0.6111,auto_labeled
0795.JPEG,train,paint_damage,side_panel,high,"[0, 0, 275, 183]",0.7809,auto_labeled
0795.JPEG,train,paint_damage,left_door,low,"[22, 159, 21, 23]",0.4586,auto_labeled
0795.JPEG,train,paint_damage,left_door,medium,"[0, 64, 52, 60]",0.5759,auto_labeled
0796.JPEG,train,manual_review_needed,manual_review_needed,manual_review_needed,manual_review_needed,0.5315,manual_review
0797.JPEG,train,manual_review_needed,manual_review_needed,manual_review_needed,manual_review_needed,0.3962,manual_review
0798.JPEG,train,manual_review_needed,manual_review_needed,manual_review_needed,manual_review_needed,0.5833,manual_review
0799.JPEG,train,manual_review_needed,manual_review_needed,manual_review_needed,manual_review_needed,0.4369,manual_review
0800.JPEG,train,paint_damage,side_panel,medium,"[137, 100, 44, 42]",0.6023,auto_labeled
0800.JPEG,train,paint_damage,side_panel,high,"[0, 0, 284, 142]",0.6885,auto_labeled
0800.JPEG,train,crack,side_panel,high,"[0, 121, 284, 56]",0.7183,auto_labeled
0801.JPEG,train,manual_review_needed,manual_review_needed,manual_review_needed,manual_review_needed,0.4659,manual_review
0802.JPEG,train,manual_review_needed,manual_review_needed,manual_review_needed,manual_review_needed,0.5167,manual_review
0803.JPEG,train,manual_review_needed,manual_review_needed,manual_review_needed,manual_review_needed,0.379,manual_review
0804.JPEG,train,manual_review_needed,manual_review_needed,manual_review_needed,manual_review_needed,0.4676,manual_review
0805.JPEG,train,manual_review_needed,manual_review_needed,manual_review_needed,manual_review_needed,0.4098,manual_review
0806.JPEG,train,paint_damage,side_panel,medium,"[0, 0, 302, 167]",0.6248,auto_labeled
0807.JPEG,train,manual_review_needed,manual_review_needed,manual_review_needed,manual_review_needed,0.5873,manual_review
0808.JPEG,train,paint_damage,side_panel,high,"[0, 0, 280, 180]",0.8224,auto_labeled
0809.JPEG,train,manual_review_needed,manual_review_needed,manual_review_needed,manual_review_needed,0.5374,manual_review
0810.JPEG,train,manual_review_needed,manual_review_needed,manual_review_needed,manual_review_needed,0.5246,manual_review
0811.JPEG,train,paint_damage,side_panel,high,"[0, 0, 299, 168]",0.7735,auto_labeled
0812.JPEG,train,manual_review_needed,manual_review_needed,manual_review_needed,manual_review_needed,0.4191,manual_review
0813.JPEG,train,scratch,side_panel,medium,"[0, 0, 284, 141]",0.627,auto_labeled
0814.JPEG,train,manual_review_needed,manual_review_needed,manual_review_needed,manual_review_needed,0.4332,manual_review
0815.JPEG,train,manual_review_needed,manual_review_needed,manual_review_needed,manual_review_needed,0.4778,manual_review
0816.jpeg,train,manual_review_needed,manual_review_needed,manual_review_needed,manual_review_needed,0.4653,manual_review
0817.JPEG,train,paint_damage,side_panel,medium,"[0, 0, 300, 168]",0.6644,auto_labeled
0818.JPEG,train,manual_review_needed,manual_review_needed,manual_review_needed,manual_review_needed,0.4168,manual_review
0819.JPEG,train,manual_review_needed,manual_review_needed,manual_review_needed,manual_review_needed,0.5699,manual_review
0820.JPEG,train,manual_review_needed,manual_review_needed,manual_review_needed,manual_review_needed,0.4459,manual_review
0821.JPEG,train,manual_review_needed,manual_review_needed,manual_review_needed,manual_review_needed,0.4688,manual_review
0822.JPEG,train,manual_review_needed,manual_review_needed,manual_review_needed,manual_review_needed,0.5453,manual_review
0823.JPEG,train,paint_damage,right_door,medium,"[212, 68, 12, 11]",0.7237,auto_labeled
0823.JPEG,train,paint_damage,windshield,low,"[48, 0, 20, 16]",0.6011,auto_labeled
0823.JPEG,train,paint_damage,windshield,low,"[215, 38, 11, 18]",0.56,auto_labeled
0823.JPEG,train,paint_damage,side_panel,medium,"[10, 36, 239, 125]",0.6543,auto_labeled
0824.JPEG,train,manual_review_needed,manual_review_needed,manual_review_needed,manual_review_needed,0.5407,manual_review
0825.JPEG,train,manual_review_needed,manual_review_needed,manual_review_needed,manual_review_needed,0.4726,manual_review
0826.JPEG,train,manual_review_needed,manual_review_needed,manual_review_needed,manual_review_needed,0.5169,manual_review
0827.JPEG,train,paint_damage,side_panel,high,"[0, 0, 296, 161]",0.8387,auto_labeled
0827.JPEG,train,crack,front_bumper,medium,"[0, 157, 296, 12]",0.6177,auto_labeled
0828.JPEG,train,paint_damage,side_panel,high,"[0, 0, 259, 194]",0.7161,auto_labeled
0829.JPEG,train,manual_review_needed,manual_review_needed,manual_review_needed,manual_review_needed,0.4801,manual_review
0830.JPEG,train,manual_review_needed,manual_review_needed,manual_review_needed,manual_review_needed,0.4764,manual_review
0831.JPEG,train,paint_damage,side_panel,high,"[0, 0, 300, 140]",0.7185,auto_labeled
0832.JPEG,train,manual_review_needed,manual_review_needed,manual_review_needed,manual_review_needed,0.4567,manual_review
0833.JPEG,train,manual_review_needed,manual_review_needed,manual_review_needed,manual_review_needed,0.5374,manual_review
0834.JPEG,train,manual_review_needed,manual_review_needed,manual_review_needed,manual_review_needed,0.518,manual_review
0835.JPEG,train,manual_review_needed,manual_review_needed,manual_review_needed,manual_review_needed,0.4932,manual_review
0836.JPEG,train,manual_review_needed,manual_review_needed,manual_review_needed,manual_review_needed,0.5778,manual_review
0837.JPEG,train,paint_damage,side_panel,high,"[0, 0, 300, 153]",0.7384,auto_labeled
0837.JPEG,train,scratch,front_bumper,low,"[0, 156, 300, 11]",0.4886,auto_labeled
0838.JPEG,train,manual_review_needed,manual_review_needed,manual_review_needed,manual_review_needed,0.4485,manual_review
0839.JPEG,train,manual_review_needed,manual_review_needed,manual_review_needed,manual_review_needed,0.5969,manual_review
0840.JPEG,train,manual_review_needed,manual_review_needed,manual_review_needed,manual_review_needed,0.4655,manual_review
0841.JPEG,train,scratch,side_panel,medium,"[0, 0, 259, 194]",0.6233,auto_labeled
0842.JPEG,train,manual_review_needed,manual_review_needed,manual_review_needed,manual_review_needed,0.4951,manual_review
0843.JPEG,train,manual_review_needed,manual_review_needed,manual_review_needed,manual_review_needed,0.4705,manual_review
0844.JPEG,train,manual_review_needed,manual_review_needed,manual_review_needed,manual_review_needed,0.5073,manual_review
0845.jpeg,train,manual_review_needed,manual_review_needed,manual_review_needed,manual_review_needed,0.5327,manual_review
0846.JPEG,train,manual_review_needed,manual_review_needed,manual_review_needed,manual_review_needed,0.528,manual_review
0847.JPEG,train,crack,windshield,medium,"[0, 0, 307, 20]",0.6535,auto_labeled
0847.JPEG,train,scratch,side_panel,medium,"[0, 9, 307, 154]",0.5522,auto_labeled
0848.JPEG,train,manual_review_needed,manual_review_needed,manual_review_needed,manual_review_needed,0.5433,manual_review
0849.JPEG,train,manual_review_needed,manual_review_needed,manual_review_needed,manual_review_needed,0.5268,manual_review
0850.JPEG,train,manual_review_needed,manual_review_needed,manual_review_needed,manual_review_needed,0.4753,manual_review
0851.JPEG,train,paint_damage,side_panel,high,"[0, 0, 284, 177]",0.786,auto_labeled
0852.JPEG,train,manual_review_needed,manual_review_needed,manual_review_needed,manual_review_needed,0.4448,manual_review
0853.JPEG,train,manual_review_needed,manual_review_needed,manual_review_needed,manual_review_needed,0.4626,manual_review
0854.JPEG,train,manual_review_needed,manual_review_needed,manual_review_needed,manual_review_needed,0.4951,manual_review
0855.JPEG,train,paint_damage,side_panel,medium,"[0, 40, 244, 153]",0.6099,auto_labeled
0856.JPEG,train,manual_review_needed,manual_review_needed,manual_review_needed,manual_review_needed,0.3681,manual_review
0857.JPEG,train,manual_review_needed,manual_review_needed,manual_review_needed,manual_review_needed,0.4269,manual_review
0858.JPEG,train,paint_damage,side_panel,medium,"[0, 0, 259, 194]",0.6471,auto_labeled
0859.JPEG,train,scratch,side_panel,high,"[0, 0, 303, 166]",0.7749,auto_labeled
0860.JPEG,train,paint_damage,side_panel,high,"[0, 0, 300, 168]",0.7596,auto_labeled
0861.JPEG,train,manual_review_needed,manual_review_needed,manual_review_needed,manual_review_needed,0.447,manual_review
0862.JPEG,train,paint_damage,side_panel,medium,"[0, 57, 255, 84]",0.6636,auto_labeled
0863.JPEG,train,paint_damage,side_panel,high,"[0, 0, 259, 150]",0.7381,auto_labeled
0864.JPEG,train,paint_damage,side_panel,medium,"[0, 0, 275, 168]",0.6307,auto_labeled
0865.JPEG,train,manual_review_needed,manual_review_needed,manual_review_needed,manual_review_needed,0.4689,manual_review
0866.JPEG,train,manual_review_needed,manual_review_needed,manual_review_needed,manual_review_needed,0.4931,manual_review
0867.JPEG,train,manual_review_needed,manual_review_needed,manual_review_needed,manual_review_needed,0.4848,manual_review
0868.jpeg,train,manual_review_needed,manual_review_needed,manual_review_needed,manual_review_needed,0.4771,manual_review
0869.JPEG,train,manual_review_needed,manual_review_needed,manual_review_needed,manual_review_needed,0.4275,manual_review
0870.JPEG,train,manual_review_needed,manual_review_needed,manual_review_needed,manual_review_needed,0.4043,manual_review
0871.JPEG,train,manual_review_needed,manual_review_needed,manual_review_needed,manual_review_needed,0.4295,manual_review
0872.JPEG,train,manual_review_needed,manual_review_needed,manual_review_needed,manual_review_needed,0.487,manual_review
0873.JPEG,train,paint_damage,side_panel,high,"[0, 42, 280, 138]",0.7003,auto_labeled
0874.JPEG,train,manual_review_needed,manual_review_needed,manual_review_needed,manual_review_needed,0.4409,manual_review
0875.JPEG,train,manual_review_needed,manual_review_needed,manual_review_needed,manual_review_needed,0.4596,manual_review
0876.JPEG,train,scratch,side_panel,high,"[0, 0, 275, 136]",0.7274,auto_labeled
0876.JPEG,train,crack,front_bumper,medium,"[0, 168, 275, 14]",0.642,auto_labeled
0877.JPEG,train,manual_review_needed,manual_review_needed,manual_review_needed,manual_review_needed,0.477,manual_review
0878.JPEG,train,manual_review_needed,manual_review_needed,manual_review_needed,manual_review_needed,0.4672,manual_review
0879.JPEG,train,manual_review_needed,manual_review_needed,manual_review_needed,manual_review_needed,0.5368,manual_review
0880.JPEG,train,paint_damage,side_panel,high,"[0, 0, 274, 184]",0.7408,auto_labeled
0880.JPEG,train,paint_damage,left_door,medium,"[0, 148, 54, 35]",0.5069,auto_labeled
0881.JPEG,train,manual_review_needed,manual_review_needed,manual_review_needed,manual_review_needed,0.4506,manual_review
0882.JPEG,train,manual_review_needed,manual_review_needed,manual_review_needed,manual_review_needed,0.5284,manual_review
0883.JPEG,train,manual_review_needed,manual_review_needed,manual_review_needed,manual_review_needed,0.4296,manual_review
0884.JPEG,train,paint_damage,side_panel,high,"[0, 0, 269, 148]",0.8124,auto_labeled
0884.JPEG,train,crack,front_bumper,low,"[0, 176, 269, 11]",0.6914,auto_labeled
0884.JPEG,train,paint_damage,left_door,medium,"[0, 113, 24, 46]",0.6104,auto_labeled
0885.JPEG,train,crack,front_bumper,medium,"[0, 163, 259, 30]",0.6376,auto_labeled
0885.JPEG,train,paint_damage,side_panel,medium,"[0, 0, 259, 156]",0.6098,auto_labeled
0886.JPEG,train,manual_review_needed,manual_review_needed,manual_review_needed,manual_review_needed,0.4869,manual_review
0887.JPEG,train,manual_review_needed,manual_review_needed,manual_review_needed,manual_review_needed,0.4796,manual_review
0888.JPEG,train,manual_review_needed,manual_review_needed,manual_review_needed,manual_review_needed,0.5305,manual_review
0889.JPEG,train,manual_review_needed,manual_review_needed,manual_review_needed,manual_review_needed,0.5721,manual_review
0890.JPEG,train,manual_review_needed,manual_review_needed,manual_review_needed,manual_review_needed,0.5304,manual_review
0891.jpeg,train,paint_damage,side_panel,high,"[0, 0, 269, 187]",0.7381,auto_labeled
0891.jpeg,train,paint_damage,right_door,low,"[226, 74, 40, 34]",0.4911,auto_labeled
0892.JPEG,train,paint_damage,side_panel,medium,"[0, 0, 259, 194]",0.6531,auto_labeled
0893.JPEG,train,manual_review_needed,manual_review_needed,manual_review_needed,manual_review_needed,0.4815,manual_review
0894.JPEG,train,manual_review_needed,manual_review_needed,manual_review_needed,manual_review_needed,0.4445,manual_review
0895.JPEG,train,manual_review_needed,manual_review_needed,manual_review_needed,manual_review_needed,0.5711,manual_review
0896.JPEG,train,manual_review_needed,manual_review_needed,manual_review_needed,manual_review_needed,0.5486,manual_review
0897.JPEG,train,manual_review_needed,manual_review_needed,manual_review_needed,manual_review_needed,0.4553,manual_review
0898.JPEG,train,manual_review_needed,manual_review_needed,manual_review_needed,manual_review_needed,0.5019,manual_review
0899.JPEG,train,manual_review_needed,manual_review_needed,manual_review_needed,manual_review_needed,0.4855,manual_review
0900.JPEG,train,manual_review_needed,manual_review_needed,manual_review_needed,manual_review_needed,0.564,manual_review
0901.JPEG,train,manual_review_needed,manual_review_needed,manual_review_needed,manual_review_needed,0.4564,manual_review
0902.JPEG,train,manual_review_needed,manual_review_needed,manual_review_needed,manual_review_needed,0.4795,manual_review
0903.JPEG,train,manual_review_needed,manual_review_needed,manual_review_needed,manual_review_needed,0.5582,manual_review
0904.JPEG,train,manual_review_needed,manual_review_needed,manual_review_needed,manual_review_needed,0.4517,manual_review
0905.JPEG,train,manual_review_needed,manual_review_needed,manual_review_needed,manual_review_needed,0.5305,manual_review
0906.JPEG,train,manual_review_needed,manual_review_needed,manual_review_needed,manual_review_needed,0.503,manual_review
0907.JPEG,train,manual_review_needed,manual_review_needed,manual_review_needed,manual_review_needed,0.5721,manual_review
0908.jpeg,train,manual_review_needed,manual_review_needed,manual_review_needed,manual_review_needed,0.4372,manual_review
0909.JPEG,train,manual_review_needed,manual_review_needed,manual_review_needed,manual_review_needed,0.5513,manual_review
0910.JPEG,train,scratch,side_panel,high,"[0, 0, 275, 183]",0.786,auto_labeled
0911.JPEG,train,manual_review_needed,manual_review_needed,manual_review_needed,manual_review_needed,0.507,manual_review
0912.JPEG,train,manual_review_needed,manual_review_needed,manual_review_needed,manual_review_needed,0.4401,manual_review
0913.JPEG,train,paint_damage,side_panel,high,"[0, 0, 259, 194]",0.7403,auto_labeled
0913.JPEG,train,paint_damage,side_panel,low,"[108, 122, 18, 38]",0.5007,auto_labeled
0914.JPEG,train,manual_review_needed,manual_review_needed,manual_review_needed,manual_review_needed,0.4796,manual_review
0915.JPEG,train,paint_damage,side_panel,medium,"[0, 0, 275, 183]",0.6102,auto_labeled
0916.JPEG,train,manual_review_needed,manual_review_needed,manual_review_needed,manual_review_needed,0.5082,manual_review
0917.jpeg,train,manual_review_needed,manual_review_needed,manual_review_needed,manual_review_needed,0.5214,manual_review
0918.JPEG,train,manual_review_needed,manual_review_needed,manual_review_needed,manual_review_needed,0.4306,manual_review
0919.JPEG,train,paint_damage,side_panel,high,"[0, 0, 284, 177]",0.7532,auto_labeled
0920.jpeg,train,manual_review_needed,manual_review_needed,manual_review_needed,manual_review_needed,0.4641,manual_review
0001.jpg,train,whole_potential_damage,unknown,unknown,none,0.3,review_whole
0002.jpg,train,whole_potential_damage,unknown,unknown,none,0.3,review_whole
0003.jpg,train,whole_potential_damage,unknown,unknown,none,0.3,review_whole
0004.jpg,train,whole_potential_damage,unknown,unknown,none,0.3,review_whole
0005.jpg,train,whole_potential_damage,unknown,unknown,none,0.3,review_whole
0006.jpg,train,whole_potential_damage,unknown,unknown,none,0.3,review_whole
0007.jpg,train,whole_potential_damage,unknown,unknown,none,0.3,review_whole
0008.jpg,train,whole_potential_damage,unknown,unknown,none,0.3,review_whole
0009.jpg,train,whole_potential_damage,unknown,unknown,none,0.3,review_whole
0010.jpg,train,whole_potential_damage,unknown,unknown,none,0.3,review_whole
0011.jpg,train,whole_potential_damage,unknown,unknown,none,0.3,review_whole
0012.jpg,train,whole_potential_damage,unknown,unknown,none,0.3,review_whole
0013.jpg,train,whole_potential_damage,unknown,unknown,none,0.3,review_whole
0014.jpg,train,whole_potential_damage,unknown,unknown,none,0.3,review_whole
0015.jpg,train,whole_potential_damage,unknown,unknown,none,0.3,review_whole
0016.jpg,train,whole_potential_damage,unknown,unknown,none,0.3,review_whole
0017.jpg,train,whole_potential_damage,unknown,unknown,none,0.3,review_whole
0018.jpg,train,none,none,none,none,1.0,whole_confirmed
0019.jpg,train,whole_potential_damage,unknown,unknown,none,0.3,review_whole
0020.jpg,train,whole_potential_damage,unknown,unknown,none,0.3,review_whole
0021.jpg,train,whole_potential_damage,unknown,unknown,none,0.3,review_whole
0022.jpg,train,whole_potential_damage,unknown,unknown,none,0.3,review_whole
0023.jpg,train,whole_potential_damage,unknown,unknown,none,0.3,review_whole
0024.jpg,train,whole_potential_damage,unknown,unknown,none,0.3,review_whole
0025.jpg,train,whole_potential_damage,unknown,unknown,none,0.3,review_whole
0026.jpg,train,whole_potential_damage,unknown,unknown,none,0.3,review_whole
0027.jpg,train,whole_potential_damage,unknown,unknown,none,0.3,review_whole
0028.jpg,train,none,none,none,none,1.0,whole_confirmed
0029.jpg,train,none,none,none,none,1.0,whole_confirmed
0030.jpg,train,whole_potential_damage,unknown,unknown,none,0.3,review_whole
0031.jpg,train,whole_potential_damage,unknown,unknown,none,0.3,review_whole
0032.jpg,train,whole_potential_damage,unknown,unknown,none,0.3,review_whole
0033.jpg,train,whole_potential_damage,unknown,unknown,none,0.3,review_whole
0034.jpg,train,whole_potential_damage,unknown,unknown,none,0.3,review_whole
0035.jpg,train,whole_potential_damage,unknown,unknown,none,0.3,review_whole
0036.jpg,train,whole_potential_damage,unknown,unknown,none,0.3,review_whole
0037.jpg,train,whole_potential_damage,unknown,unknown,none,0.3,review_whole
0038.jpg,train,whole_potential_damage,unknown,unknown,none,0.3,review_whole
0039.jpg,train,whole_potential_damage,unknown,unknown,none,0.3,review_whole
0040.jpg,train,whole_potential_damage,unknown,unknown,none,0.3,review_whole
0041.jpg,train,whole_potential_damage,unknown,unknown,none,0.3,review_whole
0042.jpg,train,whole_potential_damage,unknown,unknown,none,0.3,review_whole
0043.jpg,train,whole_potential_damage,unknown,unknown,none,0.3,review_whole
0044.jpg,train,whole_potential_damage,unknown,unknown,none,0.3,review_whole
0045.jpg,train,whole_potential_damage,unknown,unknown,none,0.3,review_whole
0046.jpg,train,whole_potential_damage,unknown,unknown,none,0.3,review_whole
0047.jpg,train,none,none,none,none,1.0,whole_confirmed
0048.jpg,train,whole_potential_damage,unknown,unknown,none,0.3,review_whole
0049.jpg,train,whole_potential_damage,unknown,unknown,none,0.3,review_whole
0050.jpg,train,whole_potential_damage,unknown,unknown,none,0.3,review_whole
0051.jpg,train,whole_potential_damage,unknown,unknown,none,0.3,review_whole
0052.jpg,train,whole_potential_damage,unknown,unknown,none,0.3,review_whole
0053.jpg,train,whole_potential_damage,unknown,unknown,none,0.3,review_whole
0054.jpg,train,whole_potential_damage,unknown,unknown,none,0.3,review_whole
0055.jpg,train,whole_potential_damage,unknown,unknown,none,0.3,review_whole
0056.jpg,train,whole_potential_damage,unknown,unknown,none,0.3,review_whole
0057.jpg,train,none,none,none,none,1.0,whole_confirmed
0058.jpg,train,none,none,none,none,1.0,whole_confirmed
0059.jpg,train,whole_potential_damage,unknown,unknown,none,0.3,review_whole
0060.jpg,train,whole_potential_damage,unknown,unknown,none,0.3,review_whole
0061.jpg,train,whole_potential_damage,unknown,unknown,none,0.3,review_whole
0062.jpg,train,whole_potential_damage,unknown,unknown,none,0.3,review_whole
0063.jpg,train,whole_potential_damage,unknown,unknown,none,0.3,review_whole
0064.jpg,train,whole_potential_damage,unknown,unknown,none,0.3,review_whole
0065.jpg,train,whole_potential_damage,unknown,unknown,none,0.3,review_whole
0066.jpg,train,whole_potential_damage,unknown,unknown,none,0.3,review_whole
0067.jpg,train,whole_potential_damage,unknown,unknown,none,0.3,review_whole
0068.jpg,train,whole_potential_damage,unknown,unknown,none,0.3,review_whole
0069.jpg,train,whole_potential_damage,unknown,unknown,none,0.3,review_whole
0070.jpg,train,whole_potential_damage,unknown,unknown,none,0.3,review_whole
0071.jpg,train,whole_potential_damage,unknown,unknown,none,0.3,review_whole
0072.jpg,train,whole_potential_damage,unknown,unknown,none,0.3,review_whole
0073.jpg,train,whole_potential_damage,unknown,unknown,none,0.3,review_whole
0074.jpg,train,whole_potential_damage,unknown,unknown,none,0.3,review_whole
0075.jpg,train,whole_potential_damage,unknown,unknown,none,0.3,review_whole
0076.jpg,train,whole_potential_damage,unknown,unknown,none,0.3,review_whole
0077.jpg,train,none,none,none,none,1.0,whole_confirmed
0078.jpg,train,whole_potential_damage,unknown,unknown,none,0.3,review_whole
0079.jpg,train,whole_potential_damage,unknown,unknown,none,0.3,review_whole
0080.jpg,train,whole_potential_damage,unknown,unknown,none,0.3,review_whole
0081.jpg,train,whole_potential_damage,unknown,unknown,none,0.3,review_whole
0082.jpg,train,whole_potential_damage,unknown,unknown,none,0.3,review_whole
0083.jpg,train,whole_potential_damage,unknown,unknown,none,0.3,review_whole
0084.jpg,train,whole_potential_damage,unknown,unknown,none,0.3,review_whole
0085.jpg,train,whole_potential_damage,unknown,unknown,none,0.3,review_whole
0086.jpg,train,whole_potential_damage,unknown,unknown,none,0.3,review_whole
0087.jpg,train,whole_potential_damage,unknown,unknown,none,0.3,review_whole
0088.jpg,train,whole_potential_damage,unknown,unknown,none,0.3,review_whole
0089.jpg,train,whole_potential_damage,unknown,unknown,none,0.3,review_whole
0090.jpg,train,whole_potential_damage,unknown,unknown,none,0.3,review_whole
0091.jpg,train,whole_potential_damage,unknown,unknown,none,0.3,review_whole
0092.jpg,train,whole_potential_damage,unknown,unknown,none,0.3,review_whole
0093.jpg,train,whole_potential_damage,unknown,unknown,none,0.3,review_whole
0094.jpg,train,whole_potential_damage,unknown,unknown,none,0.3,review_whole
0095.jpg,train,whole_potential_damage,unknown,unknown,none,0.3,review_whole
0096.jpg,train,whole_potential_damage,unknown,unknown,none,0.3,review_whole
0097.jpg,train,whole_potential_damage,unknown,unknown,none,0.3,review_whole
0098.jpg,train,whole_potential_damage,unknown,unknown,none,0.3,review_whole
0099.jpg,train,whole_potential_damage,unknown,unknown,none,0.3,review_whole
0100.jpg,train,whole_potential_damage,unknown,unknown,none,0.3,review_whole
0101.jpg,train,whole_potential_damage,unknown,unknown,none,0.3,review_whole
0102.jpg,train,whole_potential_damage,unknown,unknown,none,0.3,review_whole
0103.jpg,train,none,none,none,none,1.0,whole_confirmed
0104.jpg,train,whole_potential_damage,unknown,unknown,none,0.3,review_whole
0105.jpg,train,whole_potential_damage,unknown,unknown,none,0.3,review_whole
0106.jpg,train,whole_potential_damage,unknown,unknown,none,0.3,review_whole
0107.jpg,train,whole_potential_damage,unknown,unknown,none,0.3,review_whole
0108.jpg,train,whole_potential_damage,unknown,unknown,none,0.3,review_whole
0109.jpg,train,whole_potential_damage,unknown,unknown,none,0.3,review_whole
0110.jpg,train,none,none,none,none,1.0,whole_confirmed
0111.jpg,train,whole_potential_damage,unknown,unknown,none,0.3,review_whole
0112.jpg,train,whole_potential_damage,unknown,unknown,none,0.3,review_whole
0113.jpg,train,whole_potential_damage,unknown,unknown,none,0.3,review_whole
0114.jpg,train,whole_potential_damage,unknown,unknown,none,0.3,review_whole
0115.jpg,train,whole_potential_damage,unknown,unknown,none,0.3,review_whole
0116.jpg,train,whole_potential_damage,unknown,unknown,none,0.3,review_whole
0117.jpg,train,whole_potential_damage,unknown,unknown,none,0.3,review_whole
0118.jpg,train,whole_potential_damage,unknown,unknown,none,0.3,review_whole
0119.jpg,train,whole_potential_damage,unknown,unknown,none,0.3,review_whole
0120.jpg,train,whole_potential_damage,unknown,unknown,none,0.3,review_whole
0121.jpg,train,whole_potential_damage,unknown,unknown,none,0.3,review_whole
0122.jpg,train,none,none,none,none,1.0,whole_confirmed
0123.jpg,train,whole_potential_damage,unknown,unknown,none,0.3,review_whole
0124.jpg,train,whole_potential_damage,unknown,unknown,none,0.3,review_whole
0125.jpg,train,none,none,none,none,1.0,whole_confirmed
0126.jpg,train,whole_potential_damage,unknown,unknown,none,0.3,review_whole
0127.jpg,train,whole_potential_damage,unknown,unknown,none,0.3,review_whole
0128.jpg,train,whole_potential_damage,unknown,unknown,none,0.3,review_whole
0129.jpg,train,whole_potential_damage,unknown,unknown,none,0.3,review_whole
0130.jpg,train,whole_potential_damage,unknown,unknown,none,0.3,review_whole
0131.jpg,train,whole_potential_damage,unknown,unknown,none,0.3,review_whole
0132.jpg,train,whole_potential_damage,unknown,unknown,none,0.3,review_whole
0133.jpg,train,whole_potential_damage,unknown,unknown,none,0.3,review_whole
0134.jpg,train,whole_potential_damage,unknown,unknown,none,0.3,review_whole
0135.jpg,train,whole_potential_damage,unknown,unknown,none,0.3,review_whole
0136.jpg,train,whole_potential_damage,unknown,unknown,none,0.3,review_whole
0137.jpg,train,whole_potential_damage,unknown,unknown,none,0.3,review_whole
0138.jpg,train,whole_potential_damage,unknown,unknown,none,0.3,review_whole
0139.jpg,train,whole_potential_damage,unknown,unknown,none,0.3,review_whole
0140.jpg,train,whole_potential_damage,unknown,unknown,none,0.3,review_whole
0141.jpg,train,whole_potential_damage,unknown,unknown,none,0.3,review_whole
0142.jpg,train,whole_potential_damage,unknown,unknown,none,0.3,review_whole
0143.jpg,train,whole_potential_damage,unknown,unknown,none,0.3,review_whole
0144.jpg,train,whole_potential_damage,unknown,unknown,none,0.3,review_whole
0145.jpg,train,whole_potential_damage,unknown,unknown,none,0.3,review_whole
0146.jpg,train,whole_potential_damage,unknown,unknown,none,0.3,review_whole
0147.jpg,train,whole_potential_damage,unknown,unknown,none,0.3,review_whole
0148.jpg,train,whole_potential_damage,unknown,unknown,none,0.3,review_whole
0149.jpg,train,whole_potential_damage,unknown,unknown,none,0.3,review_whole
0150.jpg,train,whole_potential_damage,unknown,unknown,none,0.3,review_whole
0151.jpg,train,whole_potential_damage,unknown,unknown,none,0.3,review_whole
0152.jpg,train,whole_potential_damage,unknown,unknown,none,0.3,review_whole
0153.jpg,train,whole_potential_damage,unknown,unknown,none,0.3,review_whole
0154.jpg,train,whole_potential_damage,unknown,unknown,none,0.3,review_whole
0155.jpg,train,none,none,none,none,1.0,whole_confirmed
0156.jpg,train,none,none,none,none,1.0,whole_confirmed
0157.jpg,train,whole_potential_damage,unknown,unknown,none,0.3,review_whole
0158.jpg,train,whole_potential_damage,unknown,unknown,none,0.3,review_whole
0159.jpg,train,none,none,none,none,1.0,whole_confirmed
0160.jpg,train,whole_potential_damage,unknown,unknown,none,0.3,review_whole
0161.jpg,train,whole_potential_damage,unknown,unknown,none,0.3,review_whole
0162.jpg,train,whole_potential_damage,unknown,unknown,none,0.3,review_whole
0163.jpg,train,whole_potential_damage,unknown,unknown,none,0.3,review_whole
0164.jpg,train,whole_potential_damage,unknown,unknown,none,0.3,review_whole
0165.jpg,train,whole_potential_damage,unknown,unknown,none,0.3,review_whole
0166.jpg,train,whole_potential_damage,unknown,unknown,none,0.3,review_whole
0167.jpg,train,whole_potential_damage,unknown,unknown,none,0.3,review_whole
0168.jpg,train,whole_potential_damage,unknown,unknown,none,0.3,review_whole
0169.jpg,train,whole_potential_damage,unknown,unknown,none,0.3,review_whole
0170.jpg,train,whole_potential_damage,unknown,unknown,none,0.3,review_whole
0171.jpg,train,whole_potential_damage,unknown,unknown,none,0.3,review_whole
0172.jpg,train,whole_potential_damage,unknown,unknown,none,0.3,review_whole
0173.jpg,train,none,none,none,none,1.0,whole_confirmed
0174.jpg,train,whole_potential_damage,unknown,unknown,none,0.3,review_whole
0175.jpg,train,whole_potential_damage,unknown,unknown,none,0.3,review_whole
0176.jpg,train,whole_potential_damage,unknown,unknown,none,0.3,review_whole
0177.jpg,train,whole_potential_damage,unknown,unknown,none,0.3,review_whole
0178.jpg,train,whole_potential_damage,unknown,unknown,none,0.3,review_whole
0179.jpg,train,whole_potential_damage,unknown,unknown,none,0.3,review_whole
0180.jpg,train,whole_potential_damage,unknown,unknown,none,0.3,review_whole
0181.jpg,train,whole_potential_damage,unknown,unknown,none,0.3,review_whole
0182.jpg,train,whole_potential_damage,unknown,unknown,none,0.3,review_whole
0183.jpg,train,whole_potential_damage,unknown,unknown,none,0.3,review_whole
0184.jpg,train,whole_potential_damage,unknown,unknown,none,0.3,review_whole
0185.jpg,train,whole_potential_damage,unknown,unknown,none,0.3,review_whole
0186.jpg,train,whole_potential_damage,unknown,unknown,none,0.3,review_whole
0187.jpg,train,whole_potential_damage,unknown,unknown,none,0.3,review_whole
0188.jpg,train,whole_potential_damage,unknown,unknown,none,0.3,review_whole
0189.jpg,train,whole_potential_damage,unknown,unknown,none,0.3,review_whole
0190.jpg,train,whole_potential_damage,unknown,unknown,none,0.3,review_whole
0191.jpg,train,whole_potential_damage,unknown,unknown,none,0.3,review_whole
0192.jpg,train,whole_potential_damage,unknown,unknown,none,0.3,review_whole
0193.jpg,train,none,none,none,none,1.0,whole_confirmed
0194.jpg,train,whole_potential_damage,unknown,unknown,none,0.3,review_whole
0195.jpg,train,whole_potential_damage,unknown,unknown,none,0.3,review_whole
0196.jpg,train,none,none,none,none,1.0,whole_confirmed
0197.jpg,train,whole_potential_damage,unknown,unknown,none,0.3,review_whole
0198.jpg,train,none,none,none,none,1.0,whole_confirmed
0199.jpg,train,whole_potential_damage,unknown,unknown,none,0.3,review_whole
0200.jpg,train,whole_potential_damage,unknown,unknown,none,0.3,review_whole
0201.jpg,train,whole_potential_damage,unknown,unknown,none,0.3,review_whole
0202.jpg,train,whole_potential_damage,unknown,unknown,none,0.3,review_whole
0203.jpg,train,whole_potential_damage,unknown,unknown,none,0.3,review_whole
0204.jpg,train,whole_potential_damage,unknown,unknown,none,0.3,review_whole
0205.jpg,train,whole_potential_damage,unknown,unknown,none,0.3,review_whole
0206.jpg,train,whole_potential_damage,unknown,unknown,none,0.3,review_whole
0207.jpg,train,none,none,none,none,1.0,whole_confirmed
0208.jpg,train,whole_potential_damage,unknown,unknown,none,0.3,review_whole
0209.jpg,train,whole_potential_damage,unknown,unknown,none,0.3,review_whole
0210.jpg,train,whole_potential_damage,unknown,unknown,none,0.3,review_whole
0211.jpg,train,whole_potential_damage,unknown,unknown,none,0.3,review_whole
0212.jpg,train,whole_potential_damage,unknown,unknown,none,0.3,review_whole
0213.jpg,train,whole_potential_damage,unknown,unknown,none,0.3,review_whole
0214.jpg,train,whole_potential_damage,unknown,unknown,none,0.3,review_whole
0215.jpg,train,whole_potential_damage,unknown,unknown,none,0.3,review_whole
0216.jpg,train,whole_potential_damage,unknown,unknown,none,0.3,review_whole
0217.jpg,train,whole_potential_damage,unknown,unknown,none,0.3,review_whole
0218.jpg,train,whole_potential_damage,unknown,unknown,none,0.3,review_whole
0219.jpg,train,whole_potential_damage,unknown,unknown,none,0.3,review_whole
0220.jpg,train,whole_potential_damage,unknown,unknown,none,0.3,review_whole
0221.jpg,train,whole_potential_damage,unknown,unknown,none,0.3,review_whole
0222.jpg,train,whole_potential_damage,unknown,unknown,none,0.3,review_whole
0223.jpg,train,whole_potential_damage,unknown,unknown,none,0.3,review_whole
0224.jpg,train,whole_potential_damage,unknown,unknown,none,0.3,review_whole
0225.jpg,train,whole_potential_damage,unknown,unknown,none,0.3,review_whole
0226.jpg,train,whole_potential_damage,unknown,unknown,none,0.3,review_whole
0227.jpg,train,whole_potential_damage,unknown,unknown,none,0.3,review_whole
0228.jpg,train,whole_potential_damage,unknown,unknown,none,0.3,review_whole
0229.jpg,train,whole_potential_damage,unknown,unknown,none,0.3,review_whole
0230.jpg,train,whole_potential_damage,unknown,unknown,none,0.3,review_whole
0231.jpg,train,whole_potential_damage,unknown,unknown,none,0.3,review_whole
0232.jpg,train,whole_potential_damage,unknown,unknown,none,0.3,review_whole
0233.jpg,train,whole_potential_damage,unknown,unknown,none,0.3,review_whole
0234.jpg,train,whole_potential_damage,unknown,unknown,none,0.3,review_whole
0235.jpg,train,whole_potential_damage,unknown,unknown,none,0.3,review_whole
0236.jpg,train,whole_potential_damage,unknown,unknown,none,0.3,review_whole
0237.jpg,train,whole_potential_damage,unknown,unknown,none,0.3,review_whole
0238.jpg,train,whole_potential_damage,unknown,unknown,none,0.3,review_whole
0239.jpg,train,whole_potential_damage,unknown,unknown,none,0.3,review_whole
0240.jpg,train,whole_potential_damage,unknown,unknown,none,0.3,review_whole
0241.jpg,train,whole_potential_damage,unknown,unknown,none,0.3,review_whole
0242.jpg,train,whole_potential_damage,unknown,unknown,none,0.3,review_whole
0243.jpg,train,whole_potential_damage,unknown,unknown,none,0.3,review_whole
0244.jpg,train,whole_potential_damage,unknown,unknown,none,0.3,review_whole
0245.jpg,train,whole_potential_damage,unknown,unknown,none,0.3,review_whole
0246.jpg,train,whole_potential_damage,unknown,unknown,none,0.3,review_whole
0247.jpg,train,whole_potential_damage,unknown,unknown,none,0.3,review_whole
0248.jpg,train,whole_potential_damage,unknown,unknown,none,0.3,review_whole
0249.jpg,train,whole_potential_damage,unknown,unknown,none,0.3,review_whole
0250.jpg,train,whole_potential_damage,unknown,unknown,none,0.3,review_whole
0251.jpg,train,whole_potential_damage,unknown,unknown,none,0.3,review_whole
0252.jpg,train,whole_potential_damage,unknown,unknown,none,0.3,review_whole
0253.jpg,train,none,none,none,none,1.0,whole_confirmed
0254.jpg,train,whole_potential_damage,unknown,unknown,none,0.3,review_whole
0255.jpg,train,whole_potential_damage,unknown,unknown,none,0.3,review_whole
0256.jpg,train,whole_potential_damage,unknown,unknown,none,0.3,review_whole
0257.jpg,train,whole_potential_damage,unknown,unknown,none,0.3,review_whole
0258.jpg,train,whole_potential_damage,unknown,unknown,none,0.3,review_whole
0259.jpg,train,none,none,none,none,1.0,whole_confirmed
0260.jpg,train,whole_potential_damage,unknown,unknown,none,0.3,review_whole
0261.jpg,train,whole_potential_damage,unknown,unknown,none,0.3,review_whole
0262.jpg,train,whole_potential_damage,unknown,unknown,none,0.3,review_whole
0263.jpg,train,whole_potential_damage,unknown,unknown,none,0.3,review_whole
0264.jpg,train,whole_potential_damage,unknown,unknown,none,0.3,review_whole
0265.jpg,train,whole_potential_damage,unknown,unknown,none,0.3,review_whole
0266.jpg,train,whole_potential_damage,unknown,unknown,none,0.3,review_whole
0267.jpg,train,whole_potential_damage,unknown,unknown,none,0.3,review_whole
0268.jpg,train,whole_potential_damage,unknown,unknown,none,0.3,review_whole
0269.jpg,train,whole_potential_damage,unknown,unknown,none,0.3,review_whole
0270.jpg,train,whole_potential_damage,unknown,unknown,none,0.3,review_whole
0271.jpg,train,whole_potential_damage,unknown,unknown,none,0.3,review_whole
0272.jpg,train,none,none,none,none,1.0,whole_confirmed
0273.jpg,train,whole_potential_damage,unknown,unknown,none,0.3,review_whole
0274.jpg,train,none,none,none,none,1.0,whole_confirmed
0275.jpg,train,whole_potential_damage,unknown,unknown,none,0.3,review_whole
0276.jpg,train,whole_potential_damage,unknown,unknown,none,0.3,review_whole
0277.jpg,train,whole_potential_damage,unknown,unknown,none,0.3,review_whole
0278.jpg,train,whole_potential_damage,unknown,unknown,none,0.3,review_whole
0279.jpg,train,whole_potential_damage,unknown,unknown,none,0.3,review_whole
0280.jpg,train,whole_potential_damage,unknown,unknown,none,0.3,review_whole
0281.jpg,train,whole_potential_damage,unknown,unknown,none,0.3,review_whole
0282.jpg,train,whole_potential_damage,unknown,unknown,none,0.3,review_whole
0283.jpg,train,whole_potential_damage,unknown,unknown,none,0.3,review_whole
0284.jpg,train,whole_potential_damage,unknown,unknown,none,0.3,review_whole
0285.jpg,train,whole_potential_damage,unknown,unknown,none,0.3,review_whole
0286.jpg,train,whole_potential_damage,unknown,unknown,none,0.3,review_whole
0287.jpg,train,whole_potential_damage,unknown,unknown,none,0.3,review_whole
0288.jpg,train,whole_potential_damage,unknown,unknown,none,0.3,review_whole
0289.jpg,train,whole_potential_damage,unknown,unknown,none,0.3,review_whole
0290.jpg,train,whole_potential_damage,unknown,unknown,none,0.3,review_whole
0291.jpg,train,whole_potential_damage,unknown,unknown,none,0.3,review_whole
0292.jpg,train,whole_potential_damage,unknown,unknown,none,0.3,review_whole
0293.jpg,train,whole_potential_damage,unknown,unknown,none,0.3,review_whole
0294.jpg,train,whole_potential_damage,unknown,unknown,none,0.3,review_whole
0295.jpg,train,whole_potential_damage,unknown,unknown,none,0.3,review_whole
0296.jpg,train,whole_potential_damage,unknown,unknown,none,0.3,review_whole
0297.jpg,train,whole_potential_damage,unknown,unknown,none,0.3,review_whole
0298.jpg,train,whole_potential_damage,unknown,unknown,none,0.3,review_whole
0299.jpg,train,whole_potential_damage,unknown,unknown,none,0.3,review_whole
0300.jpg,train,whole_potential_damage,unknown,unknown,none,0.3,review_whole
0301.jpg,train,whole_potential_damage,unknown,unknown,none,0.3,review_whole
0302.jpg,train,whole_potential_damage,unknown,unknown,none,0.3,review_whole
0303.jpg,train,whole_potential_damage,unknown,unknown,none,0.3,review_whole
0304.jpg,train,whole_potential_damage,unknown,unknown,none,0.3,review_whole
0305.jpg,train,none,none,none,none,1.0,whole_confirmed
0306.jpg,train,whole_potential_damage,unknown,unknown,none,0.3,review_whole
0307.jpg,train,whole_potential_damage,unknown,unknown,none,0.3,review_whole
0308.jpg,train,whole_potential_damage,unknown,unknown,none,0.3,review_whole
0309.jpg,train,whole_potential_damage,unknown,unknown,none,0.3,review_whole
0310.jpg,train,whole_potential_damage,unknown,unknown,none,0.3,review_whole
0311.jpg,train,whole_potential_damage,unknown,unknown,none,0.3,review_whole
0312.jpg,train,whole_potential_damage,unknown,unknown,none,0.3,review_whole
0313.jpg,train,whole_potential_damage,unknown,unknown,none,0.3,review_whole
0314.jpg,train,whole_potential_damage,unknown,unknown,none,0.3,review_whole
0315.jpg,train,whole_potential_damage,unknown,unknown,none,0.3,review_whole
0316.jpg,train,whole_potential_damage,unknown,unknown,none,0.3,review_whole
0317.jpg,train,whole_potential_damage,unknown,unknown,none,0.3,review_whole
0318.jpg,train,whole_potential_damage,unknown,unknown,none,0.3,review_whole
0319.jpg,train,whole_potential_damage,unknown,unknown,none,0.3,review_whole
0320.jpg,train,whole_potential_damage,unknown,unknown,none,0.3,review_whole
0321.jpg,train,whole_potential_damage,unknown,unknown,none,0.3,review_whole
0322.jpg,train,none,none,none,none,1.0,whole_confirmed
0323.jpg,train,whole_potential_damage,unknown,unknown,none,0.3,review_whole
0324.jpg,train,whole_potential_damage,unknown,unknown,none,0.3,review_whole
0325.jpg,train,whole_potential_damage,unknown,unknown,none,0.3,review_whole
0326.jpg,train,whole_potential_damage,unknown,unknown,none,0.3,review_whole
0327.jpg,train,whole_potential_damage,unknown,unknown,none,0.3,review_whole
0328.jpg,train,whole_potential_damage,unknown,unknown,none,0.3,review_whole
0329.jpg,train,whole_potential_damage,unknown,unknown,none,0.3,review_whole
0330.jpg,train,whole_potential_damage,unknown,unknown,none,0.3,review_whole
0331.jpg,train,whole_potential_damage,unknown,unknown,none,0.3,review_whole
0332.jpg,train,none,none,none,none,1.0,whole_confirmed
0333.jpg,train,whole_potential_damage,unknown,unknown,none,0.3,review_whole
0334.jpg,train,whole_potential_damage,unknown,unknown,none,0.3,review_whole
0335.jpg,train,whole_potential_damage,unknown,unknown,none,0.3,review_whole
0336.jpg,train,whole_potential_damage,unknown,unknown,none,0.3,review_whole
0337.jpg,train,whole_potential_damage,unknown,unknown,none,0.3,review_whole
0338.jpg,train,whole_potential_damage,unknown,unknown,none,0.3,review_whole
0339.jpg,train,whole_potential_damage,unknown,unknown,none,0.3,review_whole
0340.jpg,train,whole_potential_damage,unknown,unknown,none,0.3,review_whole
0341.jpg,train,whole_potential_damage,unknown,unknown,none,0.3,review_whole
0342.jpg,train,whole_potential_damage,unknown,unknown,none,0.3,review_whole
0343.jpg,train,none,none,none,none,1.0,whole_confirmed
0344.jpg,train,whole_potential_damage,unknown,unknown,none,0.3,review_whole
0345.jpg,train,whole_potential_damage,unknown,unknown,none,0.3,review_whole
0346.jpg,train,whole_potential_damage,unknown,unknown,none,0.3,review_whole
0347.jpg,train,whole_potential_damage,unknown,unknown,none,0.3,review_whole
0348.jpg,train,none,none,none,none,1.0,whole_confirmed
0349.jpg,train,whole_potential_damage,unknown,unknown,none,0.3,review_whole
0350.jpg,train,whole_potential_damage,unknown,unknown,none,0.3,review_whole
0351.jpg,train,whole_potential_damage,unknown,unknown,none,0.3,review_whole
0352.jpg,train,whole_potential_damage,unknown,unknown,none,0.3,review_whole
0353.jpg,train,whole_potential_damage,unknown,unknown,none,0.3,review_whole
0354.jpg,train,whole_potential_damage,unknown,unknown,none,0.3,review_whole
0355.jpg,train,whole_potential_damage,unknown,unknown,none,0.3,review_whole
0356.jpg,train,whole_potential_damage,unknown,unknown,none,0.3,review_whole
0357.jpg,train,whole_potential_damage,unknown,unknown,none,0.3,review_whole
0358.jpg,train,whole_potential_damage,unknown,unknown,none,0.3,review_whole
0359.jpg,train,whole_potential_damage,unknown,unknown,none,0.3,review_whole
0360.jpg,train,whole_potential_damage,unknown,unknown,none,0.3,review_whole
0361.jpg,train,whole_potential_damage,unknown,unknown,none,0.3,review_whole
0362.jpg,train,whole_potential_damage,unknown,unknown,none,0.3,review_whole
0363.jpg,train,whole_potential_damage,unknown,unknown,none,0.3,review_whole
0364.jpg,train,whole_potential_damage,unknown,unknown,none,0.3,review_whole
0365.jpg,train,whole_potential_damage,unknown,unknown,none,0.3,review_whole
0366.jpg,train,whole_potential_damage,unknown,unknown,none,0.3,review_whole
0367.jpg,train,whole_potential_damage,unknown,unknown,none,0.3,review_whole
0368.jpg,train,whole_potential_damage,unknown,unknown,none,0.3,review_whole
0369.jpg,train,whole_potential_damage,unknown,unknown,none,0.3,review_whole
0370.jpg,train,whole_potential_damage,unknown,unknown,none,0.3,review_whole
0371.jpg,train,whole_potential_damage,unknown,unknown,none,0.3,review_whole
0372.jpg,train,whole_potential_damage,unknown,unknown,none,0.3,review_whole
0373.jpg,train,whole_potential_damage,unknown,unknown,none,0.3,review_whole
0374.jpg,train,none,none,none,none,1.0,whole_confirmed
0375.jpg,train,whole_potential_damage,unknown,unknown,none,0.3,review_whole
0376.jpg,train,whole_potential_damage,unknown,unknown,none,0.3,review_whole
0377.jpg,train,whole_potential_damage,unknown,unknown,none,0.3,review_whole
0378.jpg,train,whole_potential_damage,unknown,unknown,none,0.3,review_whole
0379.jpg,train,whole_potential_damage,unknown,unknown,none,0.3,review_whole
0380.jpg,train,whole_potential_damage,unknown,unknown,none,0.3,review_whole
0381.jpg,train,whole_potential_damage,unknown,unknown,none,0.3,review_whole
0382.jpg,train,whole_potential_damage,unknown,unknown,none,0.3,review_whole
0383.jpg,train,whole_potential_damage,unknown,unknown,none,0.3,review_whole
0384.jpg,train,whole_potential_damage,unknown,unknown,none,0.3,review_whole
0385.jpg,train,whole_potential_damage,unknown,unknown,none,0.3,review_whole
0386.jpg,train,whole_potential_damage,unknown,unknown,none,0.3,review_whole
0387.jpg,train,whole_potential_damage,unknown,unknown,none,0.3,review_whole
0388.jpg,train,whole_potential_damage,unknown,unknown,none,0.3,review_whole
0389.jpg,train,whole_potential_damage,unknown,unknown,none,0.3,review_whole
0390.jpg,train,whole_potential_damage,unknown,unknown,none,0.3,review_whole
0391.jpg,train,whole_potential_damage,unknown,unknown,none,0.3,review_whole
0392.jpg,train,whole_potential_damage,unknown,unknown,none,0.3,review_whole
0393.jpg,train,none,none,none,none,1.0,whole_confirmed
0394.jpg,train,whole_potential_damage,unknown,unknown,none,0.3,review_whole
0395.jpg,train,none,none,none,none,1.0,whole_confirmed
0396.jpg,train,none,none,none,none,1.0,whole_confirmed
0397.jpg,train,whole_potential_damage,unknown,unknown,none,0.3,review_whole
0398.jpg,train,whole_potential_damage,unknown,unknown,none,0.3,review_whole
0399.jpg,train,whole_potential_damage,unknown,unknown,none,0.3,review_whole
0400.jpg,train,whole_potential_damage,unknown,unknown,none,0.3,review_whole
0401.jpg,train,whole_potential_damage,unknown,unknown,none,0.3,review_whole
0402.jpg,train,whole_potential_damage,unknown,unknown,none,0.3,review_whole
0403.jpg,train,whole_potential_damage,unknown,unknown,none,0.3,review_whole
0404.jpg,train,whole_potential_damage,unknown,unknown,none,0.3,review_whole
0405.jpg,train,whole_potential_damage,unknown,unknown,none,0.3,review_whole
0406.jpg,train,whole_potential_damage,unknown,unknown,none,0.3,review_whole
0407.jpg,train,whole_potential_damage,unknown,unknown,none,0.3,review_whole
0408.jpg,train,whole_potential_damage,unknown,unknown,none,0.3,review_whole
0409.jpg,train,whole_potential_damage,unknown,unknown,none,0.3,review_whole
0410.jpg,train,whole_potential_damage,unknown,unknown,none,0.3,review_whole
0411.jpg,train,whole_potential_damage,unknown,unknown,none,0.3,review_whole
0412.jpg,train,whole_potential_damage,unknown,unknown,none,0.3,review_whole
0413.jpg,train,whole_potential_damage,unknown,unknown,none,0.3,review_whole
0414.jpg,train,whole_potential_damage,unknown,unknown,none,0.3,review_whole
0415.jpg,train,whole_potential_damage,unknown,unknown,none,0.3,review_whole
0416.jpg,train,whole_potential_damage,unknown,unknown,none,0.3,review_whole
0417.jpg,train,whole_potential_damage,unknown,unknown,none,0.3,review_whole
0418.jpg,train,whole_potential_damage,unknown,unknown,none,0.3,review_whole
0419.jpg,train,whole_potential_damage,unknown,unknown,none,0.3,review_whole
0420.jpg,train,whole_potential_damage,unknown,unknown,none,0.3,review_whole
0421.jpg,train,whole_potential_damage,unknown,unknown,none,0.3,review_whole
0422.jpg,train,whole_potential_damage,unknown,unknown,none,0.3,review_whole
0423.jpg,train,whole_potential_damage,unknown,unknown,none,0.3,review_whole
0424.jpg,train,whole_potential_damage,unknown,unknown,none,0.3,review_whole
0425.jpg,train,whole_potential_damage,unknown,unknown,none,0.3,review_whole
0426.jpg,train,whole_potential_damage,unknown,unknown,none,0.3,review_whole
0427.jpg,train,whole_potential_damage,unknown,unknown,none,0.3,review_whole
0428.jpg,train,whole_potential_damage,unknown,unknown,none,0.3,review_whole
0429.jpg,train,whole_potential_damage,unknown,unknown,none,0.3,review_whole
0430.jpg,train,whole_potential_damage,unknown,unknown,none,0.3,review_whole
0431.jpg,train,whole_potential_damage,unknown,unknown,none,0.3,review_whole
0432.jpg,train,whole_potential_damage,unknown,unknown,none,0.3,review_whole
0433.jpg,train,whole_potential_damage,unknown,unknown,none,0.3,review_whole
0434.jpg,train,whole_potential_damage,unknown,unknown,none,0.3,review_whole
0435.jpg,train,whole_potential_damage,unknown,unknown,none,0.3,review_whole
0436.jpg,train,whole_potential_damage,unknown,unknown,none,0.3,review_whole
0437.jpg,train,whole_potential_damage,unknown,unknown,none,0.3,review_whole
0438.jpg,train,whole_potential_damage,unknown,unknown,none,0.3,review_whole
0439.jpg,train,whole_potential_damage,unknown,unknown,none,0.3,review_whole
0440.jpg,train,whole_potential_damage,unknown,unknown,none,0.3,review_whole
0441.jpg,train,whole_potential_damage,unknown,unknown,none,0.3,review_whole
0442.jpg,train,whole_potential_damage,unknown,unknown,none,0.3,review_whole
0443.jpg,train,whole_potential_damage,unknown,unknown,none,0.3,review_whole
0444.jpg,train,whole_potential_damage,unknown,unknown,none,0.3,review_whole
0445.jpg,train,whole_potential_damage,unknown,unknown,none,0.3,review_whole
0446.jpg,train,whole_potential_damage,unknown,unknown,none,0.3,review_whole
0447.jpg,train,whole_potential_damage,unknown,unknown,none,0.3,review_whole
0448.jpg,train,whole_potential_damage,unknown,unknown,none,0.3,review_whole
0449.jpg,train,whole_potential_damage,unknown,unknown,none,0.3,review_whole
0450.jpg,train,whole_potential_damage,unknown,unknown,none,0.3,review_whole
0451.jpg,train,whole_potential_damage,unknown,unknown,none,0.3,review_whole
0452.jpg,train,whole_potential_damage,unknown,unknown,none,0.3,review_whole
0453.jpg,train,whole_potential_damage,unknown,unknown,none,0.3,review_whole
0454.jpg,train,whole_potential_damage,unknown,unknown,none,0.3,review_whole
0455.jpg,train,whole_potential_damage,unknown,unknown,none,0.3,review_whole
0456.jpg,train,whole_potential_damage,unknown,unknown,none,0.3,review_whole
0457.jpg,train,none,none,none,none,1.0,whole_confirmed
0458.jpg,train,whole_potential_damage,unknown,unknown,none,0.3,review_whole
0459.jpg,train,whole_potential_damage,unknown,unknown,none,0.3,review_whole
0460.jpg,train,whole_potential_damage,unknown,unknown,none,0.3,review_whole
0461.jpg,train,whole_potential_damage,unknown,unknown,none,0.3,review_whole
0462.jpg,train,whole_potential_damage,unknown,unknown,none,0.3,review_whole
0463.jpg,train,whole_potential_damage,unknown,unknown,none,0.3,review_whole
0464.jpg,train,whole_potential_damage,unknown,unknown,none,0.3,review_whole
0465.jpg,train,whole_potential_damage,unknown,unknown,none,0.3,review_whole
0466.jpg,train,whole_potential_damage,unknown,unknown,none,0.3,review_whole
0467.jpg,train,whole_potential_damage,unknown,unknown,none,0.3,review_whole
0468.jpg,train,whole_potential_damage,unknown,unknown,none,0.3,review_whole
0469.jpg,train,whole_potential_damage,unknown,unknown,none,0.3,review_whole
0470.jpg,train,whole_potential_damage,unknown,unknown,none,0.3,review_whole
0471.jpg,train,whole_potential_damage,unknown,unknown,none,0.3,review_whole
0472.jpg,train,whole_potential_damage,unknown,unknown,none,0.3,review_whole
0473.jpg,train,whole_potential_damage,unknown,unknown,none,0.3,review_whole
0474.jpg,train,whole_potential_damage,unknown,unknown,none,0.3,review_whole
0475.jpg,train,whole_potential_damage,unknown,unknown,none,0.3,review_whole
0476.jpg,train,whole_potential_damage,unknown,unknown,none,0.3,review_whole
0477.jpg,train,whole_potential_damage,unknown,unknown,none,0.3,review_whole
0478.jpg,train,whole_potential_damage,unknown,unknown,none,0.3,review_whole
0479.jpg,train,whole_potential_damage,unknown,unknown,none,0.3,review_whole
0480.jpg,train,whole_potential_damage,unknown,unknown,none,0.3,review_whole
0481.jpg,train,whole_potential_damage,unknown,unknown,none,0.3,review_whole
0482.jpg,train,whole_potential_damage,unknown,unknown,none,0.3,review_whole
0483.jpg,train,whole_potential_damage,unknown,unknown,none,0.3,review_whole
0484.jpg,train,whole_potential_damage,unknown,unknown,none,0.3,review_whole
0485.jpg,train,whole_potential_damage,unknown,unknown,none,0.3,review_whole
0486.jpg,train,whole_potential_damage,unknown,unknown,none,0.3,review_whole
0487.jpg,train,whole_potential_damage,unknown,unknown,none,0.3,review_whole
0488.jpg,train,whole_potential_damage,unknown,unknown,none,0.3,review_whole
0489.jpg,train,whole_potential_damage,unknown,unknown,none,0.3,review_whole
0490.jpg,train,whole_potential_damage,unknown,unknown,none,0.3,review_whole
0491.jpg,train,none,none,none,none,1.0,whole_confirmed
0492.jpg,train,whole_potential_damage,unknown,unknown,none,0.3,review_whole
0493.jpg,train,whole_potential_damage,unknown,unknown,none,0.3,review_whole
0494.jpg,train,none,none,none,none,1.0,whole_confirmed
0495.jpg,train,whole_potential_damage,unknown,unknown,none,0.3,review_whole
0496.jpg,train,whole_potential_damage,unknown,unknown,none,0.3,review_whole
0497.jpg,train,whole_potential_damage,unknown,unknown,none,0.3,review_whole
0498.jpg,train,whole_potential_damage,unknown,unknown,none,0.3,review_whole
0499.jpg,train,whole_potential_damage,unknown,unknown,none,0.3,review_whole
0500.jpg,train,whole_potential_damage,unknown,unknown,none,0.3,review_whole
0501.jpg,train,whole_potential_damage,unknown,unknown,none,0.3,review_whole
0502.jpg,train,whole_potential_damage,unknown,unknown,none,0.3,review_whole
0503.jpg,train,whole_potential_damage,unknown,unknown,none,0.3,review_whole
0504.jpg,train,whole_potential_damage,unknown,unknown,none,0.3,review_whole
0505.jpg,train,whole_potential_damage,unknown,unknown,none,0.3,review_whole
0506.jpg,train,whole_potential_damage,unknown,unknown,none,0.3,review_whole
0507.jpg,train,none,none,none,none,1.0,whole_confirmed
0508.jpg,train,whole_potential_damage,unknown,unknown,none,0.3,review_whole
0509.jpg,train,whole_potential_damage,unknown,unknown,none,0.3,review_whole
0510.jpg,train,whole_potential_damage,unknown,unknown,none,0.3,review_whole
0511.jpg,train,whole_potential_damage,unknown,unknown,none,0.3,review_whole
0512.jpg,train,whole_potential_damage,unknown,unknown,none,0.3,review_whole
0513.jpg,train,whole_potential_damage,unknown,unknown,none,0.3,review_whole
0514.jpg,train,whole_potential_damage,unknown,unknown,none,0.3,review_whole
0515.jpg,train,whole_potential_damage,unknown,unknown,none,0.3,review_whole
0516.jpg,train,whole_potential_damage,unknown,unknown,none,0.3,review_whole
0517.jpg,train,whole_potential_damage,unknown,unknown,none,0.3,review_whole
0518.jpg,train,whole_potential_damage,unknown,unknown,none,0.3,review_whole
0519.jpg,train,whole_potential_damage,unknown,unknown,none,0.3,review_whole
0520.jpg,train,whole_potential_damage,unknown,unknown,none,0.3,review_whole
0521.jpg,train,whole_potential_damage,unknown,unknown,none,0.3,review_whole
0522.jpg,train,whole_potential_damage,unknown,unknown,none,0.3,review_whole
0523.jpg,train,whole_potential_damage,unknown,unknown,none,0.3,review_whole
0524.jpg,train,whole_potential_damage,unknown,unknown,none,0.3,review_whole
0525.jpg,train,none,none,none,none,1.0,whole_confirmed
0526.jpg,train,whole_potential_damage,unknown,unknown,none,0.3,review_whole
0527.jpg,train,whole_potential_damage,unknown,unknown,none,0.3,review_whole
0528.jpg,train,whole_potential_damage,unknown,unknown,none,0.3,review_whole
0529.jpg,train,whole_potential_damage,unknown,unknown,none,0.3,review_whole
0530.jpg,train,whole_potential_damage,unknown,unknown,none,0.3,review_whole
0531.jpg,train,whole_potential_damage,unknown,unknown,none,0.3,review_whole
0532.jpg,train,whole_potential_damage,unknown,unknown,none,0.3,review_whole
0533.jpg,train,whole_potential_damage,unknown,unknown,none,0.3,review_whole
0534.jpg,train,whole_potential_damage,unknown,unknown,none,0.3,review_whole
0535.jpg,train,whole_potential_damage,unknown,unknown,none,0.3,review_whole
0536.jpg,train,whole_potential_damage,unknown,unknown,none,0.3,review_whole
0537.jpg,train,whole_potential_damage,unknown,unknown,none,0.3,review_whole
0538.jpg,train,whole_potential_damage,unknown,unknown,none,0.3,review_whole
0539.jpg,train,whole_potential_damage,unknown,unknown,none,0.3,review_whole
0540.jpg,train,whole_potential_damage,unknown,unknown,none,0.3,review_whole
0541.jpg,train,whole_potential_damage,unknown,unknown,none,0.3,review_whole
0542.jpg,train,whole_potential_damage,unknown,unknown,none,0.3,review_whole
0543.jpg,train,whole_potential_damage,unknown,unknown,none,0.3,review_whole
0544.jpg,train,whole_potential_damage,unknown,unknown,none,0.3,review_whole
0545.jpg,train,whole_potential_damage,unknown,unknown,none,0.3,review_whole
0546.jpg,train,whole_potential_damage,unknown,unknown,none,0.3,review_whole
0547.jpg,train,whole_potential_damage,unknown,unknown,none,0.3,review_whole
0548.jpg,train,whole_potential_damage,unknown,unknown,none,0.3,review_whole
0549.jpg,train,whole_potential_damage,unknown,unknown,none,0.3,review_whole
0550.jpg,train,whole_potential_damage,unknown,unknown,none,0.3,review_whole
0551.jpg,train,whole_potential_damage,unknown,unknown,none,0.3,review_whole
0552.jpg,train,whole_potential_damage,unknown,unknown,none,0.3,review_whole
0553.jpg,train,none,none,none,none,1.0,whole_confirmed
0554.jpg,train,whole_potential_damage,unknown,unknown,none,0.3,review_whole
0555.jpg,train,whole_potential_damage,unknown,unknown,none,0.3,review_whole
0556.jpg,train,whole_potential_damage,unknown,unknown,none,0.3,review_whole
0557.jpg,train,whole_potential_damage,unknown,unknown,none,0.3,review_whole
0558.jpg,train,whole_potential_damage,unknown,unknown,none,0.3,review_whole
0559.jpg,train,whole_potential_damage,unknown,unknown,none,0.3,review_whole
0560.jpg,train,whole_potential_damage,unknown,unknown,none,0.3,review_whole
0561.jpg,train,whole_potential_damage,unknown,unknown,none,0.3,review_whole
0562.jpg,train,whole_potential_damage,unknown,unknown,none,0.3,review_whole
0563.jpg,train,whole_potential_damage,unknown,unknown,none,0.3,review_whole
0564.jpg,train,whole_potential_damage,unknown,unknown,none,0.3,review_whole
0565.jpg,train,whole_potential_damage,unknown,unknown,none,0.3,review_whole
0566.jpg,train,whole_potential_damage,unknown,unknown,none,0.3,review_whole
0567.jpg,train,whole_potential_damage,unknown,unknown,none,0.3,review_whole
0568.jpg,train,whole_potential_damage,unknown,unknown,none,0.3,review_whole
0569.jpg,train,whole_potential_damage,unknown,unknown,none,0.3,review_whole
0570.jpg,train,whole_potential_damage,unknown,unknown,none,0.3,review_whole
0571.jpg,train,whole_potential_damage,unknown,unknown,none,0.3,review_whole
0572.jpg,train,whole_potential_damage,unknown,unknown,none,0.3,review_whole
0573.jpg,train,none,none,none,none,1.0,whole_confirmed
0574.jpg,train,whole_potential_damage,unknown,unknown,none,0.3,review_whole
0575.jpg,train,whole_potential_damage,unknown,unknown,none,0.3,review_whole
0576.jpg,train,whole_potential_damage,unknown,unknown,none,0.3,review_whole
0577.jpg,train,whole_potential_damage,unknown,unknown,none,0.3,review_whole
0578.jpg,train,whole_potential_damage,unknown,unknown,none,0.3,review_whole
0579.jpg,train,whole_potential_damage,unknown,unknown,none,0.3,review_whole
0580.jpg,train,whole_potential_damage,unknown,unknown,none,0.3,review_whole
0581.jpg,train,whole_potential_damage,unknown,unknown,none,0.3,review_whole
0582.jpg,train,whole_potential_damage,unknown,unknown,none,0.3,review_whole
0583.jpg,train,whole_potential_damage,unknown,unknown,none,0.3,review_whole
0584.jpg,train,whole_potential_damage,unknown,unknown,none,0.3,review_whole
0585.jpg,train,whole_potential_damage,unknown,unknown,none,0.3,review_whole
0586.jpg,train,whole_potential_damage,unknown,unknown,none,0.3,review_whole
0587.jpg,train,whole_potential_damage,unknown,unknown,none,0.3,review_whole
0588.jpg,train,whole_potential_damage,unknown,unknown,none,0.3,review_whole
0589.jpg,train,whole_potential_damage,unknown,unknown,none,0.3,review_whole
0590.jpg,train,whole_potential_damage,unknown,unknown,none,0.3,review_whole
0591.jpg,train,whole_potential_damage,unknown,unknown,none,0.3,review_whole
0592.jpg,train,whole_potential_damage,unknown,unknown,none,0.3,review_whole
0593.jpg,train,whole_potential_damage,unknown,unknown,none,0.3,review_whole
0594.jpg,train,whole_potential_damage,unknown,unknown,none,0.3,review_whole
0595.jpg,train,whole_potential_damage,unknown,unknown,none,0.3,review_whole
0596.jpg,train,whole_potential_damage,unknown,unknown,none,0.3,review_whole
0597.jpg,train,whole_potential_damage,unknown,unknown,none,0.3,review_whole
0598.jpg,train,whole_potential_damage,unknown,unknown,none,0.3,review_whole
0599.jpg,train,whole_potential_damage,unknown,unknown,none,0.3,review_whole
0600.jpg,train,whole_potential_damage,unknown,unknown,none,0.3,review_whole
0601.jpg,train,whole_potential_damage,unknown,unknown,none,0.3,review_whole
0602.jpg,train,whole_potential_damage,unknown,unknown,none,0.3,review_whole
0603.jpg,train,whole_potential_damage,unknown,unknown,none,0.3,review_whole
0604.jpg,train,whole_potential_damage,unknown,unknown,none,0.3,review_whole
0605.jpg,train,whole_potential_damage,unknown,unknown,none,0.3,review_whole
0606.jpg,train,none,none,none,none,1.0,whole_confirmed
0607.jpg,train,whole_potential_damage,unknown,unknown,none,0.3,review_whole
0608.jpg,train,whole_potential_damage,unknown,unknown,none,0.3,review_whole
0609.jpg,train,whole_potential_damage,unknown,unknown,none,0.3,review_whole
0610.jpg,train,whole_potential_damage,unknown,unknown,none,0.3,review_whole
0611.jpg,train,whole_potential_damage,unknown,unknown,none,0.3,review_whole
0612.jpg,train,whole_potential_damage,unknown,unknown,none,0.3,review_whole
0613.jpg,train,whole_potential_damage,unknown,unknown,none,0.3,review_whole
0614.jpg,train,whole_potential_damage,unknown,unknown,none,0.3,review_whole
0615.jpg,train,whole_potential_damage,unknown,unknown,none,0.3,review_whole
0616.jpg,train,whole_potential_damage,unknown,unknown,none,0.3,review_whole
0617.jpg,train,whole_potential_damage,unknown,unknown,none,0.3,review_whole
0618.jpg,train,whole_potential_damage,unknown,unknown,none,0.3,review_whole
0619.jpg,train,whole_potential_damage,unknown,unknown,none,0.3,review_whole
0620.jpg,train,whole_potential_damage,unknown,unknown,none,0.3,review_whole
0621.jpg,train,whole_potential_damage,unknown,unknown,none,0.3,review_whole
0622.jpg,train,whole_potential_damage,unknown,unknown,none,0.3,review_whole
0623.jpg,train,whole_potential_damage,unknown,unknown,none,0.3,review_whole
0624.jpg,train,whole_potential_damage,unknown,unknown,none,0.3,review_whole
0625.jpg,train,whole_potential_damage,unknown,unknown,none,0.3,review_whole
0626.jpg,train,whole_potential_damage,unknown,unknown,none,0.3,review_whole
0627.jpg,train,whole_potential_damage,unknown,unknown,none,0.3,review_whole
0628.jpg,train,whole_potential_damage,unknown,unknown,none,0.3,review_whole
0629.jpg,train,whole_potential_damage,unknown,unknown,none,0.3,review_whole
0630.jpg,train,whole_potential_damage,unknown,unknown,none,0.3,review_whole
0631.jpg,train,whole_potential_damage,unknown,unknown,none,0.3,review_whole
0632.jpg,train,none,none,none,none,1.0,whole_confirmed
0633.jpg,train,whole_potential_damage,unknown,unknown,none,0.3,review_whole
0634.jpg,train,whole_potential_damage,unknown,unknown,none,0.3,review_whole
0635.jpg,train,whole_potential_damage,unknown,unknown,none,0.3,review_whole
0636.jpg,train,whole_potential_damage,unknown,unknown,none,0.3,review_whole
0637.jpg,train,whole_potential_damage,unknown,unknown,none,0.3,review_whole
0638.jpg,train,whole_potential_damage,unknown,unknown,none,0.3,review_whole
0639.jpg,train,none,none,none,none,1.0,whole_confirmed
0640.jpg,train,whole_potential_damage,unknown,unknown,none,0.3,review_whole
0641.jpg,train,whole_potential_damage,unknown,unknown,none,0.3,review_whole
0642.jpg,train,whole_potential_damage,unknown,unknown,none,0.3,review_whole
0643.jpg,train,whole_potential_damage,unknown,unknown,none,0.3,review_whole
0644.jpg,train,none,none,none,none,1.0,whole_confirmed
0645.jpg,train,whole_potential_damage,unknown,unknown,none,0.3,review_whole
0646.jpg,train,whole_potential_damage,unknown,unknown,none,0.3,review_whole
0647.jpg,train,whole_potential_damage,unknown,unknown,none,0.3,review_whole
0648.jpg,train,whole_potential_damage,unknown,unknown,none,0.3,review_whole
0649.jpg,train,whole_potential_damage,unknown,unknown,none,0.3,review_whole
0650.jpg,train,whole_potential_damage,unknown,unknown,none,0.3,review_whole
0651.jpg,train,whole_potential_damage,unknown,unknown,none,0.3,review_whole
0652.jpg,train,whole_potential_damage,unknown,unknown,none,0.3,review_whole
0653.jpg,train,whole_potential_damage,unknown,unknown,none,0.3,review_whole
0654.jpg,train,whole_potential_damage,unknown,unknown,none,0.3,review_whole
0655.jpg,train,whole_potential_damage,unknown,unknown,none,0.3,review_whole
0656.jpg,train,whole_potential_damage,unknown,unknown,none,0.3,review_whole
0657.jpg,train,whole_potential_damage,unknown,unknown,none,0.3,review_whole
0658.jpg,train,whole_potential_damage,unknown,unknown,none,0.3,review_whole
0659.jpg,train,whole_potential_damage,unknown,unknown,none,0.3,review_whole
0660.jpg,train,whole_potential_damage,unknown,unknown,none,0.3,review_whole
0661.jpg,train,whole_potential_damage,unknown,unknown,none,0.3,review_whole
0662.jpg,train,whole_potential_damage,unknown,unknown,none,0.3,review_whole
0663.jpg,train,none,none,none,none,1.0,whole_confirmed
0664.jpg,train,whole_potential_damage,unknown,unknown,none,0.3,review_whole
0665.jpg,train,whole_potential_damage,unknown,unknown,none,0.3,review_whole
0666.jpg,train,whole_potential_damage,unknown,unknown,none,0.3,review_whole
0667.jpg,train,whole_potential_damage,unknown,unknown,none,0.3,review_whole
0668.jpg,train,whole_potential_damage,unknown,unknown,none,0.3,review_whole
0669.jpg,train,whole_potential_damage,unknown,unknown,none,0.3,review_whole
0670.jpg,train,whole_potential_damage,unknown,unknown,none,0.3,review_whole
0671.jpg,train,whole_potential_damage,unknown,unknown,none,0.3,review_whole
0672.jpg,train,whole_potential_damage,unknown,unknown,none,0.3,review_whole
0673.jpg,train,whole_potential_damage,unknown,unknown,none,0.3,review_whole
0674.jpg,train,whole_potential_damage,unknown,unknown,none,0.3,review_whole
0675.jpg,train,whole_potential_damage,unknown,unknown,none,0.3,review_whole
0676.jpg,train,whole_potential_damage,unknown,unknown,none,0.3,review_whole
0677.jpg,train,whole_potential_damage,unknown,unknown,none,0.3,review_whole
0678.jpg,train,whole_potential_damage,unknown,unknown,none,0.3,review_whole
0679.jpg,train,whole_potential_damage,unknown,unknown,none,0.3,review_whole
0680.jpg,train,whole_potential_damage,unknown,unknown,none,0.3,review_whole
0681.jpg,train,whole_potential_damage,unknown,unknown,none,0.3,review_whole
0682.jpg,train,whole_potential_damage,unknown,unknown,none,0.3,review_whole
0683.jpg,train,whole_potential_damage,unknown,unknown,none,0.3,review_whole
0684.jpg,train,whole_potential_damage,unknown,unknown,none,0.3,review_whole
0685.jpg,train,whole_potential_damage,unknown,unknown,none,0.3,review_whole
0686.jpg,train,whole_potential_damage,unknown,unknown,none,0.3,review_whole
0687.jpg,train,whole_potential_damage,unknown,unknown,none,0.3,review_whole
0688.jpg,train,whole_potential_damage,unknown,unknown,none,0.3,review_whole
0689.jpg,train,none,none,none,none,1.0,whole_confirmed
0690.jpg,train,whole_potential_damage,unknown,unknown,none,0.3,review_whole
0691.jpg,train,none,none,none,none,1.0,whole_confirmed
0692.jpg,train,whole_potential_damage,unknown,unknown,none,0.3,review_whole
0693.jpg,train,whole_potential_damage,unknown,unknown,none,0.3,review_whole
0694.jpg,train,whole_potential_damage,unknown,unknown,none,0.3,review_whole
0695.jpg,train,whole_potential_damage,unknown,unknown,none,0.3,review_whole
0696.jpg,train,whole_potential_damage,unknown,unknown,none,0.3,review_whole
0697.jpg,train,whole_potential_damage,unknown,unknown,none,0.3,review_whole
0698.jpg,train,whole_potential_damage,unknown,unknown,none,0.3,review_whole
0699.jpg,train,whole_potential_damage,unknown,unknown,none,0.3,review_whole
0700.jpg,train,whole_potential_damage,unknown,unknown,none,0.3,review_whole
0701.jpg,train,whole_potential_damage,unknown,unknown,none,0.3,review_whole
0702.jpg,train,whole_potential_damage,unknown,unknown,none,0.3,review_whole
0703.jpg,train,none,none,none,none,1.0,whole_confirmed
0704.jpg,train,whole_potential_damage,unknown,unknown,none,0.3,review_whole
0705.jpg,train,whole_potential_damage,unknown,unknown,none,0.3,review_whole
0706.jpg,train,whole_potential_damage,unknown,unknown,none,0.3,review_whole
0707.jpg,train,whole_potential_damage,unknown,unknown,none,0.3,review_whole
0708.jpg,train,whole_potential_damage,unknown,unknown,none,0.3,review_whole
0709.jpg,train,none,none,none,none,1.0,whole_confirmed
0710.jpg,train,whole_potential_damage,unknown,unknown,none,0.3,review_whole
0711.jpg,train,whole_potential_damage,unknown,unknown,none,0.3,review_whole
0712.jpg,train,whole_potential_damage,unknown,unknown,none,0.3,review_whole
0713.jpg,train,whole_potential_damage,unknown,unknown,none,0.3,review_whole
0714.jpg,train,whole_potential_damage,unknown,unknown,none,0.3,review_whole
0715.jpg,train,whole_potential_damage,unknown,unknown,none,0.3,review_whole
0716.jpg,train,whole_potential_damage,unknown,unknown,none,0.3,review_whole
0717.jpg,train,whole_potential_damage,unknown,unknown,none,0.3,review_whole
0718.jpg,train,whole_potential_damage,unknown,unknown,none,0.3,review_whole
0719.jpg,train,none,none,none,none,1.0,whole_confirmed
0720.jpg,train,whole_potential_damage,unknown,unknown,none,0.3,review_whole
0721.jpg,train,whole_potential_damage,unknown,unknown,none,0.3,review_whole
0722.jpg,train,whole_potential_damage,unknown,unknown,none,0.3,review_whole
0723.jpg,train,whole_potential_damage,unknown,unknown,none,0.3,review_whole
0724.jpg,train,whole_potential_damage,unknown,unknown,none,0.3,review_whole
0725.jpg,train,whole_potential_damage,unknown,unknown,none,0.3,review_whole
0726.jpg,train,whole_potential_damage,unknown,unknown,none,0.3,review_whole
0727.jpg,train,whole_potential_damage,unknown,unknown,none,0.3,review_whole
0728.jpg,train,whole_potential_damage,unknown,unknown,none,0.3,review_whole
0729.jpg,train,whole_potential_damage,unknown,unknown,none,0.3,review_whole
0730.jpg,train,whole_potential_damage,unknown,unknown,none,0.3,review_whole
0731.jpg,train,whole_potential_damage,unknown,unknown,none,0.3,review_whole
0732.jpg,train,whole_potential_damage,unknown,unknown,none,0.3,review_whole
0733.jpg,train,whole_potential_damage,unknown,unknown,none,0.3,review_whole
0734.jpg,train,whole_potential_damage,unknown,unknown,none,0.3,review_whole
0735.jpg,train,whole_potential_damage,unknown,unknown,none,0.3,review_whole
0736.jpg,train,whole_potential_damage,unknown,unknown,none,0.3,review_whole
0737.jpg,train,whole_potential_damage,unknown,unknown,none,0.3,review_whole
0738.jpg,train,whole_potential_damage,unknown,unknown,none,0.3,review_whole
0739.jpg,train,whole_potential_damage,unknown,unknown,none,0.3,review_whole
0740.jpg,train,whole_potential_damage,unknown,unknown,none,0.3,review_whole
0741.jpg,train,whole_potential_damage,unknown,unknown,none,0.3,review_whole
0742.jpg,train,whole_potential_damage,unknown,unknown,none,0.3,review_whole
0743.jpg,train,whole_potential_damage,unknown,unknown,none,0.3,review_whole
0744.jpg,train,whole_potential_damage,unknown,unknown,none,0.3,review_whole
0745.jpg,train,whole_potential_damage,unknown,unknown,none,0.3,review_whole
0746.jpg,train,whole_potential_damage,unknown,unknown,none,0.3,review_whole
0747.jpg,train,whole_potential_damage,unknown,unknown,none,0.3,review_whole
0748.jpg,train,whole_potential_damage,unknown,unknown,none,0.3,review_whole
0749.jpg,train,whole_potential_damage,unknown,unknown,none,0.3,review_whole
0750.jpg,train,whole_potential_damage,unknown,unknown,none,0.3,review_whole
0751.jpg,train,whole_potential_damage,unknown,unknown,none,0.3,review_whole
0752.jpg,train,whole_potential_damage,unknown,unknown,none,0.3,review_whole
0753.jpg,train,whole_potential_damage,unknown,unknown,none,0.3,review_whole
0754.jpg,train,whole_potential_damage,unknown,unknown,none,0.3,review_whole
0755.jpg,train,whole_potential_damage,unknown,unknown,none,0.3,review_whole
0756.jpg,train,whole_potential_damage,unknown,unknown,none,0.3,review_whole
0757.jpg,train,whole_potential_damage,unknown,unknown,none,0.3,review_whole
0758.jpg,train,whole_potential_damage,unknown,unknown,none,0.3,review_whole
0759.jpg,train,whole_potential_damage,unknown,unknown,none,0.3,review_whole
0760.jpg,train,whole_potential_damage,unknown,unknown,none,0.3,review_whole
0761.jpg,train,whole_potential_damage,unknown,unknown,none,0.3,review_whole
0762.jpg,train,whole_potential_damage,unknown,unknown,none,0.3,review_whole
0763.jpg,train,whole_potential_damage,unknown,unknown,none,0.3,review_whole
0764.jpg,train,whole_potential_damage,unknown,unknown,none,0.3,review_whole
0765.jpg,train,whole_potential_damage,unknown,unknown,none,0.3,review_whole
0766.jpg,train,whole_potential_damage,unknown,unknown,none,0.3,review_whole
0767.jpg,train,whole_potential_damage,unknown,unknown,none,0.3,review_whole
0768.jpg,train,whole_potential_damage,unknown,unknown,none,0.3,review_whole
0769.jpg,train,whole_potential_damage,unknown,unknown,none,0.3,review_whole
0770.jpg,train,whole_potential_damage,unknown,unknown,none,0.3,review_whole
0771.jpg,train,whole_potential_damage,unknown,unknown,none,0.3,review_whole
0772.jpg,train,none,none,none,none,1.0,whole_confirmed
0773.jpg,train,whole_potential_damage,unknown,unknown,none,0.3,review_whole
0774.jpg,train,whole_potential_damage,unknown,unknown,none,0.3,review_whole
0775.jpg,train,whole_potential_damage,unknown,unknown,none,0.3,review_whole
0776.jpg,train,whole_potential_damage,unknown,unknown,none,0.3,review_whole
0777.jpg,train,whole_potential_damage,unknown,unknown,none,0.3,review_whole
0778.jpg,train,whole_potential_damage,unknown,unknown,none,0.3,review_whole
0779.jpg,train,whole_potential_damage,unknown,unknown,none,0.3,review_whole
0780.jpg,train,whole_potential_damage,unknown,unknown,none,0.3,review_whole
0781.jpg,train,whole_potential_damage,unknown,unknown,none,0.3,review_whole
0782.jpg,train,whole_potential_damage,unknown,unknown,none,0.3,review_whole
0783.jpg,train,whole_potential_damage,unknown,unknown,none,0.3,review_whole
0784.jpg,train,whole_potential_damage,unknown,unknown,none,0.3,review_whole
0785.jpg,train,whole_potential_damage,unknown,unknown,none,0.3,review_whole
0786.jpg,train,whole_potential_damage,unknown,unknown,none,0.3,review_whole
0787.jpg,train,whole_potential_damage,unknown,unknown,none,0.3,review_whole
0788.jpg,train,whole_potential_damage,unknown,unknown,none,0.3,review_whole
0789.jpg,train,whole_potential_damage,unknown,unknown,none,0.3,review_whole
0790.jpg,train,whole_potential_damage,unknown,unknown,none,0.3,review_whole
0791.jpg,train,whole_potential_damage,unknown,unknown,none,0.3,review_whole
0792.jpg,train,whole_potential_damage,unknown,unknown,none,0.3,review_whole
0793.JPEG,train,whole_potential_damage,unknown,unknown,none,0.3,review_whole
0794.JPEG,train,whole_potential_damage,unknown,unknown,none,0.3,review_whole
0795.JPEG,train,whole_potential_damage,unknown,unknown,none,0.3,review_whole
0796.JPEG,train,none,none,none,none,1.0,whole_confirmed
0797.JPEG,train,whole_potential_damage,unknown,unknown,none,0.3,review_whole
0798.JPEG,train,whole_potential_damage,unknown,unknown,none,0.3,review_whole
0799.JPEG,train,whole_potential_damage,unknown,unknown,none,0.3,review_whole
0800.JPEG,train,whole_potential_damage,unknown,unknown,none,0.3,review_whole
0801.JPEG,train,whole_potential_damage,unknown,unknown,none,0.3,review_whole
0802.JPEG,train,none,none,none,none,1.0,whole_confirmed
0803.JPEG,train,whole_potential_damage,unknown,unknown,none,0.3,review_whole
0804.JPEG,train,none,none,none,none,1.0,whole_confirmed
0805.JPEG,train,whole_potential_damage,unknown,unknown,none,0.3,review_whole
0806.JPEG,train,none,none,none,none,1.0,whole_confirmed
0807.JPEG,train,none,none,none,none,1.0,whole_confirmed
0808.JPEG,train,whole_potential_damage,unknown,unknown,none,0.3,review_whole
0809.JPEG,train,whole_potential_damage,unknown,unknown,none,0.3,review_whole
0810.JPEG,train,whole_potential_damage,unknown,unknown,none,0.3,review_whole
0811.JPEG,train,whole_potential_damage,unknown,unknown,none,0.3,review_whole
0812.JPEG,train,none,none,none,none,1.0,whole_confirmed
0813.JPEG,train,none,none,none,none,1.0,whole_confirmed
0814.JPEG,train,whole_potential_damage,unknown,unknown,none,0.3,review_whole
0815.JPEG,train,none,none,none,none,1.0,whole_confirmed
0816.JPEG,train,none,none,none,none,1.0,whole_confirmed
0817.JPEG,train,whole_potential_damage,unknown,unknown,none,0.3,review_whole
0818.JPEG,train,whole_potential_damage,unknown,unknown,none,0.3,review_whole
0819.JPEG,train,none,none,none,none,1.0,whole_confirmed
0820.JPEG,train,whole_potential_damage,unknown,unknown,none,0.3,review_whole
0821.JPEG,train,whole_potential_damage,unknown,unknown,none,0.3,review_whole
0822.JPEG,train,whole_potential_damage,unknown,unknown,none,0.3,review_whole
0823.JPEG,train,whole_potential_damage,unknown,unknown,none,0.3,review_whole
0824.JPEG,train,whole_potential_damage,unknown,unknown,none,0.3,review_whole
0825.JPEG,train,whole_potential_damage,unknown,unknown,none,0.3,review_whole
0826.JPEG,train,whole_potential_damage,unknown,unknown,none,0.3,review_whole
0827.JPEG,train,whole_potential_damage,unknown,unknown,none,0.3,review_whole
0828.JPEG,train,whole_potential_damage,unknown,unknown,none,0.3,review_whole
0829.JPEG,train,whole_potential_damage,unknown,unknown,none,0.3,review_whole
0830.JPEG,train,whole_potential_damage,unknown,unknown,none,0.3,review_whole
0831.JPEG,train,whole_potential_damage,unknown,unknown,none,0.3,review_whole
0832.JPEG,train,whole_potential_damage,unknown,unknown,none,0.3,review_whole
0833.JPEG,train,whole_potential_damage,unknown,unknown,none,0.3,review_whole
0834.JPEG,train,whole_potential_damage,unknown,unknown,none,0.3,review_whole
0835.JPEG,train,whole_potential_damage,unknown,unknown,none,0.3,review_whole
0836.JPEG,train,whole_potential_damage,unknown,unknown,none,0.3,review_whole
0837.JPEG,train,whole_potential_damage,unknown,unknown,none,0.3,review_whole
0838.JPEG,train,none,none,none,none,1.0,whole_confirmed
0839.JPEG,train,none,none,none,none,1.0,whole_confirmed
0840.JPEG,train,none,none,none,none,1.0,whole_confirmed
0841.JPEG,train,whole_potential_damage,unknown,unknown,none,0.3,review_whole
0842.JPEG,train,whole_potential_damage,unknown,unknown,none,0.3,review_whole
0843.JPEG,train,whole_potential_damage,unknown,unknown,none,0.3,review_whole
0844.JPEG,train,none,none,none,none,1.0,whole_confirmed
0845.JPEG,train,whole_potential_damage,unknown,unknown,none,0.3,review_whole
0846.JPEG,train,none,none,none,none,1.0,whole_confirmed
0847.JPEG,train,whole_potential_damage,unknown,unknown,none,0.3,review_whole
0848.JPEG,train,none,none,none,none,1.0,whole_confirmed
0849.JPEG,train,whole_potential_damage,unknown,unknown,none,0.3,review_whole
0850.JPEG,train,whole_potential_damage,unknown,unknown,none,0.3,review_whole
0851.JPEG,train,whole_potential_damage,unknown,unknown,none,0.3,review_whole
0852.JPEG,train,whole_potential_damage,unknown,unknown,none,0.3,review_whole
0853.JPEG,train,whole_potential_damage,unknown,unknown,none,0.3,review_whole
0854.JPEG,train,none,none,none,none,1.0,whole_confirmed
0855.JPEG,train,whole_potential_damage,unknown,unknown,none,0.3,review_whole
0856.JPEG,train,whole_potential_damage,unknown,unknown,none,0.3,review_whole
0857.JPEG,train,whole_potential_damage,unknown,unknown,none,0.3,review_whole
0858.JPEG,train,none,none,none,none,1.0,whole_confirmed
0859.JPEG,train,whole_potential_damage,unknown,unknown,none,0.3,review_whole
0860.JPEG,train,none,none,none,none,1.0,whole_confirmed
0861.JPEG,train,none,none,none,none,1.0,whole_confirmed
0862.JPEG,train,none,none,none,none,1.0,whole_confirmed
0863.JPEG,train,whole_potential_damage,unknown,unknown,none,0.3,review_whole
0864.JPEG,train,none,none,none,none,1.0,whole_confirmed
0865.JPEG,train,whole_potential_damage,unknown,unknown,none,0.3,review_whole
0866.JPEG,train,whole_potential_damage,unknown,unknown,none,0.3,review_whole
0867.JPEG,train,whole_potential_damage,unknown,unknown,none,0.3,review_whole
0868.JPEG,train,none,none,none,none,1.0,whole_confirmed
0869.JPEG,train,whole_potential_damage,unknown,unknown,none,0.3,review_whole
0870.JPEG,train,none,none,none,none,1.0,whole_confirmed
0871.JPEG,train,whole_potential_damage,unknown,unknown,none,0.3,review_whole
0872.JPEG,train,whole_potential_damage,unknown,unknown,none,0.3,review_whole
0873.JPEG,train,whole_potential_damage,unknown,unknown,none,0.3,review_whole
0874.JPEG,train,whole_potential_damage,unknown,unknown,none,0.3,review_whole
0875.JPEG,train,whole_potential_damage,unknown,unknown,none,0.3,review_whole
0876.JPEG,train,whole_potential_damage,unknown,unknown,none,0.3,review_whole
0877.JPEG,train,whole_potential_damage,unknown,unknown,none,0.3,review_whole
0878.JPEG,train,none,none,none,none,1.0,whole_confirmed
0879.JPEG,train,none,none,none,none,1.0,whole_confirmed
0880.JPEG,train,whole_potential_damage,unknown,unknown,none,0.3,review_whole
0881.JPEG,train,whole_potential_damage,unknown,unknown,none,0.3,review_whole
0882.JPEG,train,whole_potential_damage,unknown,unknown,none,0.3,review_whole
0883.JPEG,train,none,none,none,none,1.0,whole_confirmed
0884.JPEG,train,none,none,none,none,1.0,whole_confirmed
0885.JPEG,train,none,none,none,none,1.0,whole_confirmed
0886.JPEG,train,whole_potential_damage,unknown,unknown,none,0.3,review_whole
0887.JPEG,train,whole_potential_damage,unknown,unknown,none,0.3,review_whole
0888.JPEG,train,whole_potential_damage,unknown,unknown,none,0.3,review_whole
0889.JPEG,train,whole_potential_damage,unknown,unknown,none,0.3,review_whole
0890.JPEG,train,whole_potential_damage,unknown,unknown,none,0.3,review_whole
0891.JPEG,train,none,none,none,none,1.0,whole_confirmed
0892.JPEG,train,whole_potential_damage,unknown,unknown,none,0.3,review_whole
0893.JPEG,train,whole_potential_damage,unknown,unknown,none,0.3,review_whole
0894.JPEG,train,none,none,none,none,1.0,whole_confirmed
0895.JPEG,train,whole_potential_damage,unknown,unknown,none,0.3,review_whole
0896.JPEG,train,whole_potential_damage,unknown,unknown,none,0.3,review_whole
0897.JPEG,train,whole_potential_damage,unknown,unknown,none,0.3,review_whole
0898.JPEG,train,whole_potential_damage,unknown,unknown,none,0.3,review_whole
0899.JPEG,train,whole_potential_damage,unknown,unknown,none,0.3,review_whole
0900.JPEG,train,whole_potential_damage,unknown,unknown,none,0.3,review_whole
0901.JPEG,train,whole_potential_damage,unknown,unknown,none,0.3,review_whole
0902.JPEG,train,whole_potential_damage,unknown,unknown,none,0.3,review_whole
0903.JPEG,train,none,none,none,none,1.0,whole_confirmed
0904.JPEG,train,whole_potential_damage,unknown,unknown,none,0.3,review_whole
0905.JPEG,train,whole_potential_damage,unknown,unknown,none,0.3,review_whole
0906.JPEG,train,whole_potential_damage,unknown,unknown,none,0.3,review_whole
0907.JPEG,train,none,none,none,none,1.0,whole_confirmed
0908.JPEG,train,whole_potential_damage,unknown,unknown,none,0.3,review_whole
0909.JPEG,train,whole_potential_damage,unknown,unknown,none,0.3,review_whole
0910.JPEG,train,whole_potential_damage,unknown,unknown,none,0.3,review_whole
0911.JPEG,train,whole_potential_damage,unknown,unknown,none,0.3,review_whole
0912.JPEG,train,none,none,none,none,1.0,whole_confirmed
0913.JPEG,train,none,none,none,none,1.0,whole_confirmed
0914.JPEG,train,whole_potential_damage,unknown,unknown,none,0.3,review_whole
0915.JPEG,train,none,none,none,none,1.0,whole_confirmed
0916.JPEG,train,whole_potential_damage,unknown,unknown,none,0.3,review_whole
0917.JPEG,train,whole_potential_damage,unknown,unknown,none,0.3,review_whole
0918.JPEG,train,whole_potential_damage,unknown,unknown,none,0.3,review_whole
0919.JPEG,train,none,none,none,none,1.0,whole_confirmed
0920.JPEG,train,none,none,none,none,1.0,whole_confirmed
0001.JPEG,val,manual_review_needed,manual_review_needed,manual_review_needed,manual_review_needed,0.4761,manual_review
0002.JPEG,val,manual_review_needed,manual_review_needed,manual_review_needed,manual_review_needed,0.5741,manual_review
0003.JPEG,val,paint_damage,left_door,medium,"[0, 0, 37, 73]",0.6085,auto_labeled
0003.JPEG,val,paint_damage,side_panel,high,"[0, 0, 302, 167]",0.7494,auto_labeled
0003.JPEG,val,dent,left_door,low,"[35, 70, 29, 21]",0.4662,auto_labeled
0004.JPEG,val,manual_review_needed,manual_review_needed,manual_review_needed,manual_review_needed,0.5011,manual_review
0005.JPEG,val,manual_review_needed,manual_review_needed,manual_review_needed,manual_review_needed,0.439,manual_review
0006.JPEG,val,scratch,side_panel,high,"[0, 31, 275, 151]",0.7131,auto_labeled
0007.JPEG,val,manual_review_needed,manual_review_needed,manual_review_needed,manual_review_needed,0.4451,manual_review
0008.JPEG,val,manual_review_needed,manual_review_needed,manual_review_needed,manual_review_needed,0.5766,manual_review
0009.JPEG,val,manual_review_needed,manual_review_needed,manual_review_needed,manual_review_needed,0.5359,manual_review
0010.JPEG,val,manual_review_needed,manual_review_needed,manual_review_needed,manual_review_needed,0.4973,manual_review
0011.JPEG,val,paint_damage,side_panel,high,"[0, 19, 288, 155]",0.7675,auto_labeled
0012.JPEG,val,paint_damage,side_panel,high,"[0, 0, 264, 191]",0.7543,auto_labeled
0013.JPEG,val,manual_review_needed,manual_review_needed,manual_review_needed,manual_review_needed,0.5481,manual_review
0014.JPEG,val,scratch,side_panel,medium,"[0, 0, 266, 189]",0.6714,auto_labeled
0015.JPEG,val,manual_review_needed,manual_review_needed,manual_review_needed,manual_review_needed,0.4974,manual_review
0016.JPEG,val,manual_review_needed,manual_review_needed,manual_review_needed,manual_review_needed,0.5183,manual_review
0017.JPEG,val,paint_damage,right_door,medium,"[212, 122, 39, 39]",0.6376,auto_labeled
0017.JPEG,val,paint_damage,hood,high,"[0, 0, 275, 122]",0.8513,auto_labeled
0017.JPEG,val,paint_damage,left_door,medium,"[0, 116, 36, 42]",0.6667,auto_labeled
0017.JPEG,val,paint_damage,side_panel,low,"[63, 128, 122, 12]",0.5094,auto_labeled
0018.JPEG,val,manual_review_needed,manual_review_needed,manual_review_needed,manual_review_needed,0.5148,manual_review
0019.JPEG,val,manual_review_needed,manual_review_needed,manual_review_needed,manual_review_needed,0.5588,manual_review
0020.JPEG,val,crack,rear_bumper,medium,"[0, 0, 259, 28]",0.7041,auto_labeled
0020.JPEG,val,paint_damage,side_panel,medium,"[0, 21, 259, 172]",0.6817,auto_labeled
0021.JPEG,val,manual_review_needed,manual_review_needed,manual_review_needed,manual_review_needed,0.5221,manual_review
0022.JPEG,val,manual_review_needed,manual_review_needed,manual_review_needed,manual_review_needed,0.5039,manual_review
0023.JPEG,val,manual_review_needed,manual_review_needed,manual_review_needed,manual_review_needed,0.439,manual_review
0024.JPEG,val,paint_damage,side_panel,high,"[0, 0, 267, 189]",0.7506,auto_labeled
0025.jpeg,val,manual_review_needed,manual_review_needed,manual_review_needed,manual_review_needed,0.5327,manual_review
0026.JPEG,val,manual_review_needed,manual_review_needed,manual_review_needed,manual_review_needed,0.4782,manual_review
0027.jpeg,val,manual_review_needed,manual_review_needed,manual_review_needed,manual_review_needed,0.4706,manual_review
0028.JPEG,val,paint_damage,side_panel,medium,"[0, 0, 276, 183]",0.66,auto_labeled
0029.JPEG,val,manual_review_needed,manual_review_needed,manual_review_needed,manual_review_needed,0.4679,manual_review
0030.JPEG,val,paint_damage,side_panel,high,"[0, 0, 275, 183]",0.7436,auto_labeled
0031.JPEG,val,paint_damage,side_panel,high,"[0, 0, 278, 182]",0.8452,auto_labeled
0032.JPEG,val,manual_review_needed,manual_review_needed,manual_review_needed,manual_review_needed,0.4727,manual_review
0033.JPEG,val,manual_review_needed,manual_review_needed,manual_review_needed,manual_review_needed,0.5699,manual_review
0034.JPEG,val,paint_damage,side_panel,high,"[0, 0, 259, 167]",0.7343,auto_labeled
0034.JPEG,val,paint_damage,side_panel,low,"[102, 121, 43, 53]",0.4928,auto_labeled
0035.JPEG,val,manual_review_needed,manual_review_needed,manual_review_needed,manual_review_needed,0.5262,manual_review
0036.JPEG,val,manual_review_needed,manual_review_needed,manual_review_needed,manual_review_needed,0.4803,manual_review
0037.JPEG,val,crack,front_bumper,medium,"[0, 176, 269, 11]",0.7077,auto_labeled
0037.JPEG,val,paint_damage,other_location,medium,"[205, 0, 63, 23]",0.5203,auto_labeled
0037.JPEG,val,paint_damage,side_panel,low,"[105, 134, 53, 11]",0.6156,auto_labeled
0037.JPEG,val,paint_damage,side_panel,high,"[0, 0, 269, 160]",0.6901,auto_labeled
0038.JPEG,val,paint_damage,side_panel,high,"[0, 80, 254, 117]",0.6751,auto_labeled
0038.JPEG,val,paint_damage,hood,medium,"[0, 0, 254, 148]",0.5902,auto_labeled
0039.JPEG,val,scratch,side_panel,medium,"[0, 0, 295, 171]",0.6239,auto_labeled
0040.JPEG,val,scratch,side_panel,high,"[0, 0, 290, 174]",0.7173,auto_labeled
0041.JPEG,val,manual_review_needed,manual_review_needed,manual_review_needed,manual_review_needed,0.5643,manual_review
0042.JPEG,val,manual_review_needed,manual_review_needed,manual_review_needed,manual_review_needed,0.5483,manual_review
0043.jpeg,val,manual_review_needed,manual_review_needed,manual_review_needed,manual_review_needed,0.5469,manual_review
0044.JPEG,val,manual_review_needed,manual_review_needed,manual_review_needed,manual_review_needed,0.5359,manual_review
0045.JPEG,val,manual_review_needed,manual_review_needed,manual_review_needed,manual_review_needed,0.5566,manual_review
0046.jpeg,val,paint_damage,side_panel,high,"[0, 0, 269, 188]",0.7779,auto_labeled
0047.JPEG,val,paint_damage,side_panel,high,"[0, 0, 259, 194]",0.7054,auto_labeled
0048.JPEG,val,manual_review_needed,manual_review_needed,manual_review_needed,manual_review_needed,0.5057,manual_review
0049.jpeg,val,manual_review_needed,manual_review_needed,manual_review_needed,manual_review_needed,0.5433,manual_review
0050.jpeg,val,paint_damage,side_panel,high,"[0, 0, 299, 168]",0.7202,auto_labeled
0051.JPEG,val,manual_review_needed,manual_review_needed,manual_review_needed,manual_review_needed,0.463,manual_review
0052.JPEG,val,manual_review_needed,manual_review_needed,manual_review_needed,manual_review_needed,0.5286,manual_review
0053.JPEG,val,manual_review_needed,manual_review_needed,manual_review_needed,manual_review_needed,0.405,manual_review
0054.JPEG,val,manual_review_needed,manual_review_needed,manual_review_needed,manual_review_needed,0.4524,manual_review
0055.JPEG,val,manual_review_needed,manual_review_needed,manual_review_needed,manual_review_needed,0.3641,manual_review
0056.JPEG,val,manual_review_needed,manual_review_needed,manual_review_needed,manual_review_needed,0.4434,manual_review
0057.JPEG,val,crack,front_bumper,medium,"[0, 174, 269, 13]",0.6905,auto_labeled
0057.JPEG,val,paint_damage,side_panel,medium,"[128, 105, 39, 53]",0.6145,auto_labeled
0057.JPEG,val,paint_damage,side_panel,high,"[0, 0, 269, 160]",0.7563,auto_labeled
0057.JPEG,val,paint_damage,front_bumper,low,"[97, 158, 68, 13]",0.5025,auto_labeled
0058.JPEG,val,manual_review_needed,manual_review_needed,manual_review_needed,manual_review_needed,0.4584,manual_review
0059.JPEG,val,manual_review_needed,manual_review_needed,manual_review_needed,manual_review_needed,0.4375,manual_review
0060.JPEG,val,paint_damage,side_panel,medium,"[0, 0, 259, 185]",0.6575,auto_labeled
0061.JPEG,val,manual_review_needed,manual_review_needed,manual_review_needed,manual_review_needed,0.5207,manual_review
0062.JPEG,val,manual_review_needed,manual_review_needed,manual_review_needed,manual_review_needed,0.5922,manual_review
0063.JPEG,val,manual_review_needed,manual_review_needed,manual_review_needed,manual_review_needed,0.4922,manual_review
0064.JPEG,val,manual_review_needed,manual_review_needed,manual_review_needed,manual_review_needed,0.4971,manual_review
0065.JPEG,val,manual_review_needed,manual_review_needed,manual_review_needed,manual_review_needed,0.5217,manual_review
0066.JPEG,val,manual_review_needed,manual_review_needed,manual_review_needed,manual_review_needed,0.4763,manual_review
0067.JPEG,val,paint_damage,side_panel,high,"[0, 0, 318, 159]",0.7821,auto_labeled
0068.JPEG,val,paint_damage,side_panel,high,"[0, 0, 299, 168]",0.7448,auto_labeled
0069.JPEG,val,manual_review_needed,manual_review_needed,manual_review_needed,manual_review_needed,0.5267,manual_review
0070.JPEG,val,manual_review_needed,manual_review_needed,manual_review_needed,manual_review_needed,0.4056,manual_review
0071.JPEG,val,manual_review_needed,manual_review_needed,manual_review_needed,manual_review_needed,0.5827,manual_review
0072.JPEG,val,manual_review_needed,manual_review_needed,manual_review_needed,manual_review_needed,0.5222,manual_review
0073.JPEG,val,manual_review_needed,manual_review_needed,manual_review_needed,manual_review_needed,0.4791,manual_review
0074.JPEG,val,manual_review_needed,manual_review_needed,manual_review_needed,manual_review_needed,0.542,manual_review
0075.JPEG,val,manual_review_needed,manual_review_needed,manual_review_needed,manual_review_needed,0.5053,manual_review
0076.JPEG,val,paint_damage,side_panel,high,"[0, 0, 268, 188]",0.8254,auto_labeled
0077.JPEG,val,manual_review_needed,manual_review_needed,manual_review_needed,manual_review_needed,0.4387,manual_review
0078.JPEG,val,manual_review_needed,manual_review_needed,manual_review_needed,manual_review_needed,0.4805,manual_review
0079.JPEG,val,paint_damage,side_panel,medium,"[0, 0, 259, 187]",0.6209,auto_labeled
0080.JPEG,val,manual_review_needed,manual_review_needed,manual_review_needed,manual_review_needed,0.5544,manual_review
0081.JPEG,val,manual_review_needed,manual_review_needed,manual_review_needed,manual_review_needed,0.5475,manual_review
0082.JPEG,val,paint_damage,side_panel,high,"[0, 0, 268, 188]",0.8654,auto_labeled
0083.JPEG,val,manual_review_needed,manual_review_needed,manual_review_needed,manual_review_needed,0.5717,manual_review
0084.JPEG,val,manual_review_needed,manual_review_needed,manual_review_needed,manual_review_needed,0.5224,manual_review
0085.JPEG,val,manual_review_needed,manual_review_needed,manual_review_needed,manual_review_needed,0.5604,manual_review
0086.JPEG,val,manual_review_needed,manual_review_needed,manual_review_needed,manual_review_needed,0.4442,manual_review
0087.JPEG,val,paint_damage,side_panel,high,"[0, 0, 269, 158]",0.7784,auto_labeled
0087.JPEG,val,crack,front_bumper,medium,"[0, 170, 269, 16]",0.6654,auto_labeled
0087.JPEG,val,dent,left_door,low,"[0, 149, 15, 11]",0.3935,auto_labeled
0088.JPEG,val,manual_review_needed,manual_review_needed,manual_review_needed,manual_review_needed,0.4833,manual_review
0089.JPEG,val,manual_review_needed,manual_review_needed,manual_review_needed,manual_review_needed,0.4294,manual_review
0090.JPEG,val,manual_review_needed,manual_review_needed,manual_review_needed,manual_review_needed,0.48,manual_review
0091.JPEG,val,manual_review_needed,manual_review_needed,manual_review_needed,manual_review_needed,0.5475,manual_review
0092.JPEG,val,manual_review_needed,manual_review_needed,manual_review_needed,manual_review_needed,0.3959,manual_review
0093.JPEG,val,manual_review_needed,manual_review_needed,manual_review_needed,manual_review_needed,0.5756,manual_review
0094.JPEG,val,paint_damage,side_panel,medium,"[0, 0, 259, 194]",0.6565,auto_labeled
0095.JPEG,val,manual_review_needed,manual_review_needed,manual_review_needed,manual_review_needed,0.5063,manual_review
0096.JPEG,val,dent,side_panel,medium,"[0, 0, 194, 259]",0.6068,auto_labeled
0097.JPEG,val,manual_review_needed,manual_review_needed,manual_review_needed,manual_review_needed,0.4397,manual_review
0098.JPEG,val,manual_review_needed,manual_review_needed,manual_review_needed,manual_review_needed,0.4881,manual_review
0099.JPEG,val,manual_review_needed,manual_review_needed,manual_review_needed,manual_review_needed,0.4721,manual_review
0100.JPEG,val,manual_review_needed,manual_review_needed,manual_review_needed,manual_review_needed,0.4562,manual_review
0101.JPEG,val,manual_review_needed,manual_review_needed,manual_review_needed,manual_review_needed,0.434,manual_review
0102.JPEG,val,manual_review_needed,manual_review_needed,manual_review_needed,manual_review_needed,0.5503,manual_review
0103.JPEG,val,manual_review_needed,manual_review_needed,manual_review_needed,manual_review_needed,0.4329,manual_review
0104.JPEG,val,manual_review_needed,manual_review_needed,manual_review_needed,manual_review_needed,0.5515,manual_review
0105.JPEG,val,manual_review_needed,manual_review_needed,manual_review_needed,manual_review_needed,0.5545,manual_review
0106.JPEG,val,manual_review_needed,manual_review_needed,manual_review_needed,manual_review_needed,0.4319,manual_review
0107.JPEG,val,paint_damage,side_panel,high,"[0, 0, 269, 188]",0.7693,auto_labeled
0107.JPEG,val,paint_damage,right_door,low,"[232, 67, 36, 12]",0.4737,auto_labeled
0108.JPEG,val,manual_review_needed,manual_review_needed,manual_review_needed,manual_review_needed,0.5193,manual_review
0109.JPEG,val,paint_damage,side_panel,medium,"[0, 0, 292, 142]",0.6219,auto_labeled
0110.JPEG,val,manual_review_needed,manual_review_needed,manual_review_needed,manual_review_needed,0.4949,manual_review
0111.JPEG,val,manual_review_needed,manual_review_needed,manual_review_needed,manual_review_needed,0.521,manual_review
0112.JPEG,val,manual_review_needed,manual_review_needed,manual_review_needed,manual_review_needed,0.4934,manual_review
0113.JPEG,val,manual_review_needed,manual_review_needed,manual_review_needed,manual_review_needed,0.513,manual_review
0114.jpeg,val,manual_review_needed,manual_review_needed,manual_review_needed,manual_review_needed,0.4026,manual_review
0115.JPEG,val,manual_review_needed,manual_review_needed,manual_review_needed,manual_review_needed,0.5106,manual_review
0116.JPEG,val,paint_damage,side_panel,high,"[0, 0, 269, 188]",0.872,auto_labeled
0116.JPEG,val,paint_damage,windshield,medium,"[44, 12, 22, 10]",0.6365,auto_labeled
0116.JPEG,val,paint_damage,right_door,low,"[249, 29, 19, 23]",0.4973,auto_labeled
0117.JPEG,val,paint_damage,side_panel,medium,"[0, 0, 265, 161]",0.6653,auto_labeled
0117.JPEG,val,paint_damage,side_panel,low,"[128, 117, 34, 48]",0.5663,auto_labeled
0118.jpeg,val,paint_damage,side_panel,high,"[0, 0, 275, 161]",0.7278,auto_labeled
0118.jpeg,val,paint_damage,front_bumper,medium,"[0, 159, 275, 23]",0.5934,auto_labeled
0119.JPEG,val,manual_review_needed,manual_review_needed,manual_review_needed,manual_review_needed,0.5079,manual_review
0120.JPEG,val,manual_review_needed,manual_review_needed,manual_review_needed,manual_review_needed,0.5807,manual_review
0121.JPEG,val,paint_damage,side_panel,high,"[0, 0, 259, 154]",0.7539,auto_labeled
0121.JPEG,val,paint_damage,side_panel,medium,"[117, 110, 33, 42]",0.584,auto_labeled
0121.JPEG,val,paint_damage,front_bumper,low,"[0, 167, 259, 26]",0.474,auto_labeled
0122.jpeg,val,paint_damage,side_panel,medium,"[0, 0, 278, 182]",0.6306,auto_labeled
0123.JPEG,val,manual_review_needed,manual_review_needed,manual_review_needed,manual_review_needed,0.4259,manual_review
0124.JPEG,val,manual_review_needed,manual_review_needed,manual_review_needed,manual_review_needed,0.4846,manual_review
0125.JPEG,val,crack,side_panel,high,"[0, 0, 411, 122]",0.856,auto_labeled
0126.JPEG,val,manual_review_needed,manual_review_needed,manual_review_needed,manual_review_needed,0.485,manual_review
0127.JPEG,val,manual_review_needed,manual_review_needed,manual_review_needed,manual_review_needed,0.5511,manual_review
0128.JPEG,val,manual_review_needed,manual_review_needed,manual_review_needed,manual_review_needed,0.4389,manual_review
0129.jpeg,val,manual_review_needed,manual_review_needed,manual_review_needed,manual_review_needed,0.5951,manual_review
0130.JPEG,val,manual_review_needed,manual_review_needed,manual_review_needed,manual_review_needed,0.4647,manual_review
0131.JPEG,val,manual_review_needed,manual_review_needed,manual_review_needed,manual_review_needed,0.5339,manual_review
0132.JPEG,val,scratch,side_panel,medium,"[0, 0, 172, 280]",0.6444,auto_labeled
0133.JPEG,val,paint_damage,side_panel,high,"[0, 0, 299, 168]",0.7934,auto_labeled
0134.JPEG,val,manual_review_needed,manual_review_needed,manual_review_needed,manual_review_needed,0.5049,manual_review
0135.JPEG,val,manual_review_needed,manual_review_needed,manual_review_needed,manual_review_needed,0.537,manual_review
0136.JPEG,val,manual_review_needed,manual_review_needed,manual_review_needed,manual_review_needed,0.5716,manual_review
0137.JPEG,val,manual_review_needed,manual_review_needed,manual_review_needed,manual_review_needed,0.5294,manual_review
0138.JPEG,val,manual_review_needed,manual_review_needed,manual_review_needed,manual_review_needed,0.5306,manual_review
0139.JPEG,val,manual_review_needed,manual_review_needed,manual_review_needed,manual_review_needed,0.596,manual_review
0140.JPEG,val,manual_review_needed,manual_review_needed,manual_review_needed,manual_review_needed,0.4735,manual_review
0141.JPEG,val,crack,front_bumper,medium,"[0, 176, 269, 11]",0.7499,auto_labeled
0141.JPEG,val,paint_damage,side_panel,high,"[0, 0, 269, 171]",0.6907,auto_labeled
0141.JPEG,val,paint_damage,left_door,low,"[0, 67, 16, 13]",0.4941,auto_labeled
0141.JPEG,val,paint_damage,left_door,low,"[0, 86, 11, 18]",0.5122,auto_labeled
0142.JPEG,val,paint_damage,side_panel,high,"[0, 0, 276, 183]",0.7932,auto_labeled
0143.JPEG,val,manual_review_needed,manual_review_needed,manual_review_needed,manual_review_needed,0.5046,manual_review
0144.JPEG,val,manual_review_needed,manual_review_needed,manual_review_needed,manual_review_needed,0.5679,manual_review
0145.JPEG,val,manual_review_needed,manual_review_needed,manual_review_needed,manual_review_needed,0.5707,manual_review
0146.JPEG,val,paint_damage,side_panel,medium,"[0, 0, 259, 194]",0.6323,auto_labeled
0147.JPEG,val,manual_review_needed,manual_review_needed,manual_review_needed,manual_review_needed,0.5909,manual_review
0148.JPEG,val,manual_review_needed,manual_review_needed,manual_review_needed,manual_review_needed,0.5901,manual_review
0149.JPEG,val,manual_review_needed,manual_review_needed,manual_review_needed,manual_review_needed,0.5447,manual_review
0150.JPEG,val,manual_review_needed,manual_review_needed,manual_review_needed,manual_review_needed,0.4861,manual_review
0151.JPEG,val,manual_review_needed,manual_review_needed,manual_review_needed,manual_review_needed,0.5222,manual_review
0152.JPEG,val,manual_review_needed,manual_review_needed,manual_review_needed,manual_review_needed,0.4553,manual_review
0153.JPEG,val,manual_review_needed,manual_review_needed,manual_review_needed,manual_review_needed,0.4964,manual_review
0154.jpeg,val,manual_review_needed,manual_review_needed,manual_review_needed,manual_review_needed,0.5401,manual_review
0155.JPEG,val,manual_review_needed,manual_review_needed,manual_review_needed,manual_review_needed,0.5299,manual_review
0156.JPEG,val,manual_review_needed,manual_review_needed,manual_review_needed,manual_review_needed,0.4403,manual_review
0157.JPEG,val,manual_review_needed,manual_review_needed,manual_review_needed,manual_review_needed,0.441,manual_review
0158.JPEG,val,manual_review_needed,manual_review_needed,manual_review_needed,manual_review_needed,0.5066,manual_review
0159.jpeg,val,paint_damage,side_panel,medium,"[0, 0, 275, 183]",0.6874,auto_labeled
0160.JPEG,val,manual_review_needed,manual_review_needed,manual_review_needed,manual_review_needed,0.4518,manual_review
0161.JPEG,val,manual_review_needed,manual_review_needed,manual_review_needed,manual_review_needed,0.4776,manual_review
0162.JPEG,val,manual_review_needed,manual_review_needed,manual_review_needed,manual_review_needed,0.5386,manual_review
0163.JPEG,val,manual_review_needed,manual_review_needed,manual_review_needed,manual_review_needed,0.4721,manual_review
0164.JPEG,val,manual_review_needed,manual_review_needed,manual_review_needed,manual_review_needed,0.5297,manual_review
0165.JPEG,val,manual_review_needed,manual_review_needed,manual_review_needed,manual_review_needed,0.5353,manual_review
0166.JPEG,val,manual_review_needed,manual_review_needed,manual_review_needed,manual_review_needed,0.5844,manual_review
0167.JPEG,val,manual_review_needed,manual_review_needed,manual_review_needed,manual_review_needed,0.4705,manual_review
0168.JPEG,val,manual_review_needed,manual_review_needed,manual_review_needed,manual_review_needed,0.4311,manual_review
0169.JPEG,val,paint_damage,side_panel,high,"[0, 0, 300, 168]",0.7677,auto_labeled
0169.JPEG,val,paint_damage,right_door,medium,"[247, 35, 52, 38]",0.5799,auto_labeled
0170.JPEG,val,manual_review_needed,manual_review_needed,manual_review_needed,manual_review_needed,0.4806,manual_review
0171.JPEG,val,manual_review_needed,manual_review_needed,manual_review_needed,manual_review_needed,0.5535,manual_review
0172.JPEG,val,manual_review_needed,manual_review_needed,manual_review_needed,manual_review_needed,0.4886,manual_review
0173.JPEG,val,paint_damage,side_panel,medium,"[0, 13, 295, 118]",0.6129,auto_labeled
0174.JPEG,val,manual_review_needed,manual_review_needed,manual_review_needed,manual_review_needed,0.4804,manual_review
0175.JPEG,val,manual_review_needed,manual_review_needed,manual_review_needed,manual_review_needed,0.4528,manual_review
0176.JPEG,val,paint_damage,side_panel,high,"[0, 0, 299, 168]",0.7601,auto_labeled
0177.JPEG,val,manual_review_needed,manual_review_needed,manual_review_needed,manual_review_needed,0.5571,manual_review
0178.JPEG,val,manual_review_needed,manual_review_needed,manual_review_needed,manual_review_needed,0.4896,manual_review
0179.JPEG,val,manual_review_needed,manual_review_needed,manual_review_needed,manual_review_needed,0.5466,manual_review
0180.JPEG,val,manual_review_needed,manual_review_needed,manual_review_needed,manual_review_needed,0.5233,manual_review
0181.JPEG,val,manual_review_needed,manual_review_needed,manual_review_needed,manual_review_needed,0.454,manual_review
0182.JPEG,val,paint_damage,side_panel,high,"[0, 0, 259, 194]",0.7674,auto_labeled
0183.JPEG,val,paint_damage,side_panel,medium,"[0, 0, 300, 168]",0.7416,auto_labeled
0184.JPEG,val,paint_damage,side_panel,high,"[0, 0, 297, 170]",0.8226,auto_labeled
0184.JPEG,val,paint_damage,left_door,medium,"[0, 133, 52, 27]",0.4735,auto_labeled
0185.JPEG,val,manual_review_needed,manual_review_needed,manual_review_needed,manual_review_needed,0.501,manual_review
0186.jpeg,val,paint_damage,side_panel,high,"[0, 0, 314, 160]",0.8461,auto_labeled
0187.JPEG,val,paint_damage,side_panel,high,"[0, 0, 284, 177]",0.7756,auto_labeled
0188.JPEG,val,paint_damage,side_panel,high,"[0, 0, 275, 183]",0.7826,auto_labeled
0188.JPEG,val,paint_damage,windshield,medium,"[0, 0, 115, 29]",0.6261,auto_labeled
0189.JPEG,val,manual_review_needed,manual_review_needed,manual_review_needed,manual_review_needed,0.5583,manual_review
0190.JPEG,val,manual_review_needed,manual_review_needed,manual_review_needed,manual_review_needed,0.5598,manual_review
0191.JPEG,val,manual_review_needed,manual_review_needed,manual_review_needed,manual_review_needed,0.577,manual_review
0192.JPEG,val,manual_review_needed,manual_review_needed,manual_review_needed,manual_review_needed,0.4952,manual_review
0193.JPEG,val,manual_review_needed,manual_review_needed,manual_review_needed,manual_review_needed,0.4492,manual_review
0194.JPEG,val,manual_review_needed,manual_review_needed,manual_review_needed,manual_review_needed,0.5963,manual_review
0195.JPEG,val,manual_review_needed,manual_review_needed,manual_review_needed,manual_review_needed,0.4637,manual_review
0196.JPEG,val,manual_review_needed,manual_review_needed,manual_review_needed,manual_review_needed,0.4676,manual_review
0197.JPEG,val,paint_damage,side_panel,medium,"[0, 0, 194, 259]",0.6811,auto_labeled
0198.JPEG,val,manual_review_needed,manual_review_needed,manual_review_needed,manual_review_needed,0.4924,manual_review
0199.JPEG,val,manual_review_needed,manual_review_needed,manual_review_needed,manual_review_needed,0.4533,manual_review
0200.JPEG,val,manual_review_needed,manual_review_needed,manual_review_needed,manual_review_needed,0.451,manual_review
0201.jpeg,val,manual_review_needed,manual_review_needed,manual_review_needed,manual_review_needed,0.5424,manual_review
0202.JPEG,val,paint_damage,side_panel,high,"[0, 0, 280, 179]",0.8002,auto_labeled
0203.JPEG,val,paint_damage,side_panel,high,"[0, 0, 264, 191]",0.8688,auto_labeled
0203.JPEG,val,paint_damage,left_door,low,"[0, 119, 21, 39]",0.5801,auto_labeled
0203.JPEG,val,paint_damage,left_door,low,"[2, 108, 33, 23]",0.5016,auto_labeled
0204.JPEG,val,manual_review_needed,manual_review_needed,manual_review_needed,manual_review_needed,0.5141,manual_review
0205.JPEG,val,manual_review_needed,manual_review_needed,manual_review_needed,manual_review_needed,0.4486,manual_review
0206.JPEG,val,paint_damage,side_panel,high,"[0, 0, 299, 168]",0.7327,auto_labeled
0207.JPEG,val,manual_review_needed,manual_review_needed,manual_review_needed,manual_review_needed,0.4889,manual_review
0208.JPEG,val,manual_review_needed,manual_review_needed,manual_review_needed,manual_review_needed,0.4984,manual_review
0209.JPEG,val,manual_review_needed,manual_review_needed,manual_review_needed,manual_review_needed,0.5056,manual_review
0210.JPEG,val,manual_review_needed,manual_review_needed,manual_review_needed,manual_review_needed,0.4994,manual_review
0211.JPEG,val,manual_review_needed,manual_review_needed,manual_review_needed,manual_review_needed,0.5988,manual_review
0212.JPEG,val,manual_review_needed,manual_review_needed,manual_review_needed,manual_review_needed,0.5155,manual_review
0213.JPEG,val,paint_damage,side_panel,high,"[0, 0, 299, 168]",0.7698,auto_labeled
0213.JPEG,val,paint_damage,front_bumper,medium,"[23, 156, 104, 11]",0.483,auto_labeled
0214.JPEG,val,manual_review_needed,manual_review_needed,manual_review_needed,manual_review_needed,0.5319,manual_review
0215.JPEG,val,manual_review_needed,manual_review_needed,manual_review_needed,manual_review_needed,0.4292,manual_review
0216.JPEG,val,manual_review_needed,manual_review_needed,manual_review_needed,manual_review_needed,0.4671,manual_review
0217.JPEG,val,manual_review_needed,manual_review_needed,manual_review_needed,manual_review_needed,0.5097,manual_review
0218.JPEG,val,paint_damage,side_panel,medium,"[0, 0, 259, 194]",0.643,auto_labeled
0219.JPEG,val,paint_damage,side_panel,medium,"[91, 142, 62, 15]",0.6755,auto_labeled
0219.JPEG,val,paint_damage,side_panel,high,"[0, 0, 289, 174]",0.7301,auto_labeled
0220.JPEG,val,manual_review_needed,manual_review_needed,manual_review_needed,manual_review_needed,0.4626,manual_review
0221.JPEG,val,paint_damage,side_panel,high,"[0, 0, 284, 177]",0.7667,auto_labeled
0222.JPEG,val,manual_review_needed,manual_review_needed,manual_review_needed,manual_review_needed,0.4455,manual_review
0223.JPEG,val,manual_review_needed,manual_review_needed,manual_review_needed,manual_review_needed,0.5142,manual_review
0224.JPEG,val,manual_review_needed,manual_review_needed,manual_review_needed,manual_review_needed,0.4538,manual_review
0225.JPEG,val,manual_review_needed,manual_review_needed,manual_review_needed,manual_review_needed,0.4317,manual_review
0226.JPEG,val,manual_review_needed,manual_review_needed,manual_review_needed,manual_review_needed,0.489,manual_review
0227.JPEG,val,manual_review_needed,manual_review_needed,manual_review_needed,manual_review_needed,0.5234,manual_review
0228.JPEG,val,manual_review_needed,manual_review_needed,manual_review_needed,manual_review_needed,0.4811,manual_review
0229.JPEG,val,manual_review_needed,manual_review_needed,manual_review_needed,manual_review_needed,0.4574,manual_review
0230.JPEG,val,manual_review_needed,manual_review_needed,manual_review_needed,manual_review_needed,0.4563,manual_review
0001.jpg,val,whole_potential_damage,unknown,unknown,none,0.3,review_whole
0002.jpg,val,whole_potential_damage,unknown,unknown,none,0.3,review_whole
0003.jpg,val,whole_potential_damage,unknown,unknown,none,0.3,review_whole
0004.jpg,val,whole_potential_damage,unknown,unknown,none,0.3,review_whole
0005.jpg,val,whole_potential_damage,unknown,unknown,none,0.3,review_whole
0006.jpg,val,whole_potential_damage,unknown,unknown,none,0.3,review_whole
0007.jpg,val,whole_potential_damage,unknown,unknown,none,0.3,review_whole
0008.jpg,val,whole_potential_damage,unknown,unknown,none,0.3,review_whole
0009.jpg,val,whole_potential_damage,unknown,unknown,none,0.3,review_whole
0010.jpg,val,whole_potential_damage,unknown,unknown,none,0.3,review_whole
0011.jpg,val,whole_potential_damage,unknown,unknown,none,0.3,review_whole
0012.jpg,val,whole_potential_damage,unknown,unknown,none,0.3,review_whole
0013.jpg,val,whole_potential_damage,unknown,unknown,none,0.3,review_whole
0014.jpg,val,whole_potential_damage,unknown,unknown,none,0.3,review_whole
0015.jpg,val,whole_potential_damage,unknown,unknown,none,0.3,review_whole
0016.jpg,val,whole_potential_damage,unknown,unknown,none,0.3,review_whole
0017.jpg,val,whole_potential_damage,unknown,unknown,none,0.3,review_whole
0018.jpg,val,whole_potential_damage,unknown,unknown,none,0.3,review_whole
0019.jpg,val,whole_potential_damage,unknown,unknown,none,0.3,review_whole
0020.jpg,val,whole_potential_damage,unknown,unknown,none,0.3,review_whole
0021.jpg,val,whole_potential_damage,unknown,unknown,none,0.3,review_whole
0022.jpg,val,none,none,none,none,1.0,whole_confirmed
0023.jpg,val,whole_potential_damage,unknown,unknown,none,0.3,review_whole
0024.jpg,val,whole_potential_damage,unknown,unknown,none,0.3,review_whole
0025.jpg,val,whole_potential_damage,unknown,unknown,none,0.3,review_whole
0026.jpg,val,whole_potential_damage,unknown,unknown,none,0.3,review_whole
0027.jpg,val,whole_potential_damage,unknown,unknown,none,0.3,review_whole
0028.jpg,val,whole_potential_damage,unknown,unknown,none,0.3,review_whole
0029.jpg,val,whole_potential_damage,unknown,unknown,none,0.3,review_whole
0030.jpg,val,whole_potential_damage,unknown,unknown,none,0.3,review_whole
0031.jpg,val,whole_potential_damage,unknown,unknown,none,0.3,review_whole
0032.jpg,val,none,none,none,none,1.0,whole_confirmed
0033.jpg,val,whole_potential_damage,unknown,unknown,none,0.3,review_whole
0034.jpg,val,whole_potential_damage,unknown,unknown,none,0.3,review_whole
0035.jpg,val,whole_potential_damage,unknown,unknown,none,0.3,review_whole
0036.jpg,val,none,none,none,none,1.0,whole_confirmed
0037.jpg,val,whole_potential_damage,unknown,unknown,none,0.3,review_whole
0038.jpg,val,whole_potential_damage,unknown,unknown,none,0.3,review_whole
0039.jpg,val,whole_potential_damage,unknown,unknown,none,0.3,review_whole
0040.jpg,val,whole_potential_damage,unknown,unknown,none,0.3,review_whole
0041.jpg,val,whole_potential_damage,unknown,unknown,none,0.3,review_whole
0042.jpg,val,whole_potential_damage,unknown,unknown,none,0.3,review_whole
0043.jpg,val,whole_potential_damage,unknown,unknown,none,0.3,review_whole
0044.jpg,val,whole_potential_damage,unknown,unknown,none,0.3,review_whole
0045.jpg,val,whole_potential_damage,unknown,unknown,none,0.3,review_whole
0046.jpg,val,whole_potential_damage,unknown,unknown,none,0.3,review_whole
0047.jpg,val,whole_potential_damage,unknown,unknown,none,0.3,review_whole
0048.jpg,val,whole_potential_damage,unknown,unknown,none,0.3,review_whole
0049.jpg,val,whole_potential_damage,unknown,unknown,none,0.3,review_whole
0050.jpg,val,whole_potential_damage,unknown,unknown,none,0.3,review_whole
0051.jpg,val,whole_potential_damage,unknown,unknown,none,0.3,review_whole
0052.jpg,val,whole_potential_damage,unknown,unknown,none,0.3,review_whole
0053.jpg,val,whole_potential_damage,unknown,unknown,none,0.3,review_whole
0054.jpg,val,whole_potential_damage,unknown,unknown,none,0.3,review_whole
0055.jpg,val,whole_potential_damage,unknown,unknown,none,0.3,review_whole
0056.jpg,val,whole_potential_damage,unknown,unknown,none,0.3,review_whole
0057.jpg,val,whole_potential_damage,unknown,unknown,none,0.3,review_whole
0058.jpg,val,whole_potential_damage,unknown,unknown,none,0.3,review_whole
0059.jpg,val,whole_potential_damage,unknown,unknown,none,0.3,review_whole
0060.jpg,val,whole_potential_damage,unknown,unknown,none,0.3,review_whole
0061.jpg,val,whole_potential_damage,unknown,unknown,none,0.3,review_whole
0062.jpg,val,whole_potential_damage,unknown,unknown,none,0.3,review_whole
0063.jpg,val,whole_potential_damage,unknown,unknown,none,0.3,review_whole
0064.jpg,val,whole_potential_damage,unknown,unknown,none,0.3,review_whole
0065.jpg,val,whole_potential_damage,unknown,unknown,none,0.3,review_whole
0066.jpg,val,none,none,none,none,1.0,whole_confirmed
0067.jpg,val,whole_potential_damage,unknown,unknown,none,0.3,review_whole
0068.jpg,val,whole_potential_damage,unknown,unknown,none,0.3,review_whole
0069.jpg,val,whole_potential_damage,unknown,unknown,none,0.3,review_whole
0070.jpg,val,whole_potential_damage,unknown,unknown,none,0.3,review_whole
0071.jpg,val,whole_potential_damage,unknown,unknown,none,0.3,review_whole
0072.jpg,val,whole_potential_damage,unknown,unknown,none,0.3,review_whole
0073.jpg,val,whole_potential_damage,unknown,unknown,none,0.3,review_whole
0074.jpg,val,whole_potential_damage,unknown,unknown,none,0.3,review_whole
0075.jpg,val,whole_potential_damage,unknown,unknown,none,0.3,review_whole
0076.jpg,val,whole_potential_damage,unknown,unknown,none,0.3,review_whole
0077.jpg,val,whole_potential_damage,unknown,unknown,none,0.3,review_whole
0078.jpg,val,none,none,none,none,1.0,whole_confirmed
0079.jpg,val,whole_potential_damage,unknown,unknown,none,0.3,review_whole
0080.jpg,val,whole_potential_damage,unknown,unknown,none,0.3,review_whole
0081.jpg,val,whole_potential_damage,unknown,unknown,none,0.3,review_whole
0082.jpg,val,whole_potential_damage,unknown,unknown,none,0.3,review_whole
0083.jpg,val,none,none,none,none,1.0,whole_confirmed
0084.jpg,val,whole_potential_damage,unknown,unknown,none,0.3,review_whole
0085.jpg,val,whole_potential_damage,unknown,unknown,none,0.3,review_whole
0086.jpg,val,whole_potential_damage,unknown,unknown,none,0.3,review_whole
0087.jpg,val,whole_potential_damage,unknown,unknown,none,0.3,review_whole
0088.jpg,val,whole_potential_damage,unknown,unknown,none,0.3,review_whole
0089.jpg,val,whole_potential_damage,unknown,unknown,none,0.3,review_whole
0090.jpg,val,whole_potential_damage,unknown,unknown,none,0.3,review_whole
0091.jpg,val,whole_potential_damage,unknown,unknown,none,0.3,review_whole
0092.jpg,val,whole_potential_damage,unknown,unknown,none,0.3,review_whole
0093.jpg,val,whole_potential_damage,unknown,unknown,none,0.3,review_whole
0094.jpg,val,whole_potential_damage,unknown,unknown,none,0.3,review_whole
0095.jpg,val,whole_potential_damage,unknown,unknown,none,0.3,review_whole
0096.jpg,val,whole_potential_damage,unknown,unknown,none,0.3,review_whole
0097.jpg,val,whole_potential_damage,unknown,unknown,none,0.3,review_whole
0098.jpg,val,whole_potential_damage,unknown,unknown,none,0.3,review_whole
0099.jpg,val,whole_potential_damage,unknown,unknown,none,0.3,review_whole
0100.jpg,val,whole_potential_damage,unknown,unknown,none,0.3,review_whole
0101.jpg,val,whole_potential_damage,unknown,unknown,none,0.3,review_whole
0102.jpg,val,whole_potential_damage,unknown,unknown,none,0.3,review_whole
0103.jpg,val,whole_potential_damage,unknown,unknown,none,0.3,review_whole
0104.jpg,val,whole_potential_damage,unknown,unknown,none,0.3,review_whole
0105.jpg,val,whole_potential_damage,unknown,unknown,none,0.3,review_whole
0106.jpg,val,whole_potential_damage,unknown,unknown,none,0.3,review_whole
0107.jpg,val,whole_potential_damage,unknown,unknown,none,0.3,review_whole
0108.jpg,val,whole_potential_damage,unknown,unknown,none,0.3,review_whole
0109.jpg,val,none,none,none,none,1.0,whole_confirmed
0110.jpg,val,whole_potential_damage,unknown,unknown,none,0.3,review_whole
0111.jpg,val,whole_potential_damage,unknown,unknown,none,0.3,review_whole
0112.jpg,val,whole_potential_damage,unknown,unknown,none,0.3,review_whole
0113.jpg,val,whole_potential_damage,unknown,unknown,none,0.3,review_whole
0114.jpg,val,whole_potential_damage,unknown,unknown,none,0.3,review_whole
0115.jpg,val,whole_potential_damage,unknown,unknown,none,0.3,review_whole
0116.jpg,val,whole_potential_damage,unknown,unknown,none,0.3,review_whole
0117.jpg,val,whole_potential_damage,unknown,unknown,none,0.3,review_whole
0118.jpg,val,whole_potential_damage,unknown,unknown,none,0.3,review_whole
0119.jpg,val,whole_potential_damage,unknown,unknown,none,0.3,review_whole
0120.jpg,val,whole_potential_damage,unknown,unknown,none,0.3,review_whole
0121.jpg,val,whole_potential_damage,unknown,unknown,none,0.3,review_whole
0122.jpg,val,whole_potential_damage,unknown,unknown,none,0.3,review_whole
0123.jpg,val,whole_potential_damage,unknown,unknown,none,0.3,review_whole
0124.jpg,val,whole_potential_damage,unknown,unknown,none,0.3,review_whole
0125.jpg,val,whole_potential_damage,unknown,unknown,none,0.3,review_whole
0126.jpg,val,whole_potential_damage,unknown,unknown,none,0.3,review_whole
0127.jpg,val,whole_potential_damage,unknown,unknown,none,0.3,review_whole
0128.jpg,val,whole_potential_damage,unknown,unknown,none,0.3,review_whole
0129.jpg,val,whole_potential_damage,unknown,unknown,none,0.3,review_whole
0130.jpg,val,whole_potential_damage,unknown,unknown,none,0.3,review_whole
0131.jpg,val,whole_potential_damage,unknown,unknown,none,0.3,review_whole
0132.jpg,val,none,none,none,none,1.0,whole_confirmed
0133.jpg,val,whole_potential_damage,unknown,unknown,none,0.3,review_whole
0134.jpg,val,whole_potential_damage,unknown,unknown,none,0.3,review_whole
0135.jpg,val,whole_potential_damage,unknown,unknown,none,0.3,review_whole
0136.jpg,val,whole_potential_damage,unknown,unknown,none,0.3,review_whole
0137.jpg,val,whole_potential_damage,unknown,unknown,none,0.3,review_whole
0138.jpg,val,whole_potential_damage,unknown,unknown,none,0.3,review_whole
0139.jpg,val,whole_potential_damage,unknown,unknown,none,0.3,review_whole
0140.jpg,val,none,none,none,none,1.0,whole_confirmed
0141.jpg,val,whole_potential_damage,unknown,unknown,none,0.3,review_whole
0142.jpg,val,whole_potential_damage,unknown,unknown,none,0.3,review_whole
0143.jpg,val,whole_potential_damage,unknown,unknown,none,0.3,review_whole
0144.jpg,val,whole_potential_damage,unknown,unknown,none,0.3,review_whole
0145.jpg,val,whole_potential_damage,unknown,unknown,none,0.3,review_whole
0146.jpg,val,whole_potential_damage,unknown,unknown,none,0.3,review_whole
0147.jpg,val,whole_potential_damage,unknown,unknown,none,0.3,review_whole
0148.jpg,val,whole_potential_damage,unknown,unknown,none,0.3,review_whole
0149.jpg,val,whole_potential_damage,unknown,unknown,none,0.3,review_whole
0150.jpg,val,whole_potential_damage,unknown,unknown,none,0.3,review_whole
0151.jpg,val,whole_potential_damage,unknown,unknown,none,0.3,review_whole
0152.jpg,val,whole_potential_damage,unknown,unknown,none,0.3,review_whole
0153.jpg,val,whole_potential_damage,unknown,unknown,none,0.3,review_whole
0154.jpg,val,whole_potential_damage,unknown,unknown,none,0.3,review_whole
0155.jpg,val,whole_potential_damage,unknown,unknown,none,0.3,review_whole
0156.jpg,val,none,none,none,none,1.0,whole_confirmed
0157.jpg,val,whole_potential_damage,unknown,unknown,none,0.3,review_whole
0158.jpg,val,whole_potential_damage,unknown,unknown,none,0.3,review_whole
0159.jpg,val,whole_potential_damage,unknown,unknown,none,0.3,review_whole
0160.jpg,val,whole_potential_damage,unknown,unknown,none,0.3,review_whole
0161.jpg,val,whole_potential_damage,unknown,unknown,none,0.3,review_whole
0162.jpg,val,whole_potential_damage,unknown,unknown,none,0.3,review_whole
0163.jpg,val,whole_potential_damage,unknown,unknown,none,0.3,review_whole
0164.jpg,val,whole_potential_damage,unknown,unknown,none,0.3,review_whole
0165.jpg,val,whole_potential_damage,unknown,unknown,none,0.3,review_whole
0166.jpg,val,whole_potential_damage,unknown,unknown,none,0.3,review_whole
0167.jpg,val,whole_potential_damage,unknown,unknown,none,0.3,review_whole
0168.jpg,val,whole_potential_damage,unknown,unknown,none,0.3,review_whole
0169.jpg,val,none,none,none,none,1.0,whole_confirmed
0170.jpg,val,whole_potential_damage,unknown,unknown,none,0.3,review_whole
0171.jpg,val,whole_potential_damage,unknown,unknown,none,0.3,review_whole
0172.jpg,val,whole_potential_damage,unknown,unknown,none,0.3,review_whole
0173.jpg,val,whole_potential_damage,unknown,unknown,none,0.3,review_whole
0174.jpg,val,whole_potential_damage,unknown,unknown,none,0.3,review_whole
0175.jpg,val,whole_potential_damage,unknown,unknown,none,0.3,review_whole
0176.jpg,val,whole_potential_damage,unknown,unknown,none,0.3,review_whole
0177.jpg,val,whole_potential_damage,unknown,unknown,none,0.3,review_whole
0178.jpg,val,whole_potential_damage,unknown,unknown,none,0.3,review_whole
0179.jpg,val,whole_potential_damage,unknown,unknown,none,0.3,review_whole
0180.jpg,val,whole_potential_damage,unknown,unknown,none,0.3,review_whole
0181.jpg,val,whole_potential_damage,unknown,unknown,none,0.3,review_whole
0182.jpg,val,whole_potential_damage,unknown,unknown,none,0.3,review_whole
0183.jpg,val,whole_potential_damage,unknown,unknown,none,0.3,review_whole
0184.jpg,val,whole_potential_damage,unknown,unknown,none,0.3,review_whole
0185.jpg,val,whole_potential_damage,unknown,unknown,none,0.3,review_whole
0186.jpg,val,whole_potential_damage,unknown,unknown,none,0.3,review_whole
0187.jpg,val,none,none,none,none,1.0,whole_confirmed
0188.jpg,val,whole_potential_damage,unknown,unknown,none,0.3,review_whole
0189.jpg,val,whole_potential_damage,unknown,unknown,none,0.3,review_whole
0190.jpg,val,none,none,none,none,1.0,whole_confirmed
0191.jpg,val,whole_potential_damage,unknown,unknown,none,0.3,review_whole
0192.jpg,val,whole_potential_damage,unknown,unknown,none,0.3,review_whole
0193.jpg,val,whole_potential_damage,unknown,unknown,none,0.3,review_whole
0194.jpg,val,whole_potential_damage,unknown,unknown,none,0.3,review_whole
0195.jpg,val,whole_potential_damage,unknown,unknown,none,0.3,review_whole
0196.jpg,val,whole_potential_damage,unknown,unknown,none,0.3,review_whole
0197.jpg,val,whole_potential_damage,unknown,unknown,none,0.3,review_whole
0198.jpg,val,whole_potential_damage,unknown,unknown,none,0.3,review_whole
0199.jpg,val,whole_potential_damage,unknown,unknown,none,0.3,review_whole
0200.JPEG,val,whole_potential_damage,unknown,unknown,none,0.3,review_whole
0201.JPEG,val,none,none,none,none,1.0,whole_confirmed
0202.JPEG,val,whole_potential_damage,unknown,unknown,none,0.3,review_whole
0203.JPEG,val,whole_potential_damage,unknown,unknown,none,0.3,review_whole
0204.JPEG,val,none,none,none,none,1.0,whole_confirmed
0205.JPEG,val,whole_potential_damage,unknown,unknown,none,0.3,review_whole
0206.JPEG,val,whole_potential_damage,unknown,unknown,none,0.3,review_whole
0207.JPEG,val,whole_potential_damage,unknown,unknown,none,0.3,review_whole
0208.JPEG,val,whole_potential_damage,unknown,unknown,none,0.3,review_whole
0209.JPEG,val,whole_potential_damage,unknown,unknown,none,0.3,review_whole
0210.JPEG,val,none,none,none,none,1.0,whole_confirmed
0211.JPEG,val,whole_potential_damage,unknown,unknown,none,0.3,review_whole
0212.JPEG,val,whole_potential_damage,unknown,unknown,none,0.3,review_whole
0213.JPEG,val,whole_potential_damage,unknown,unknown,none,0.3,review_whole
0214.JPEG,val,none,none,none,none,1.0,whole_confirmed
0215.JPEG,val,whole_potential_damage,unknown,unknown,none,0.3,review_whole
0216.JPEG,val,whole_potential_damage,unknown,unknown,none,0.3,review_whole
0217.JPEG,val,whole_potential_damage,unknown,unknown,none,0.3,review_whole
0218.JPEG,val,none,none,none,none,1.0,whole_confirmed
0219.JPEG,val,whole_potential_damage,unknown,unknown,none,0.3,review_whole
0220.JPEG,val,whole_potential_damage,unknown,unknown,none,0.3,review_whole
0221.JPEG,val,whole_potential_damage,unknown,unknown,none,0.3,review_whole
0222.JPEG,val,none,none,none,none,1.0,whole_confirmed
0223.JPEG,val,none,none,none,none,1.0,whole_confirmed
0224.JPEG,val,whole_potential_damage,unknown,unknown,none,0.3,review_whole
0225.JPEG,val,whole_potential_damage,unknown,unknown,none,0.3,review_whole
0226.JPEG,val,whole_potential_damage,unknown,unknown,none,0.3,review_whole
0227.JPEG,val,whole_potential_damage,unknown,unknown,none,0.3,review_whole
0228.JPEG,val,whole_potential_damage,unknown,unknown,none,0.3,review_whole
0229.JPEG,val,whole_potential_damage,unknown,unknown,none,0.3,review_whole
0230.JPEG,val,none,none,none,none,1.0,whole_confirmed
