image_name,damage_type,location,severity,bbox_x1,bbox_y1,bbox_x2,bbox_y2
0025.jpeg,crack,rear_bumper,medium,0.050909,0.092896,0.101818,0.185792
0025.jpeg,crack,front_bumper,medium,0.283636,0.756831,0.450909,0.278689
0025.jpeg,dent,right_door,medium,0.854545,0.734973,0.283636,0.519126
0025.jpeg,dent,right_door,low,0.818182,0.732240,0.123636,0.131148
0025.jpeg,dent,front_bumper,low,0.720000,0.754098,0.087273,0.131148
0025.jpeg,crack,left_door,medium,0.200000,0.584699,0.400000,0.109290
0027.jpeg,broken_part,hood,medium,0.494208,0.363402,0.154440,0.211340
0027.jpeg,dent,windshield,medium,0.557915,0.211340,0.088803,0.164948
0043.jpeg,crack,left_door,high,0.198276,0.344828,0.396552,0.689655
0043.jpeg,dent,front_bumper,low,0.455172,0.885057,0.131034,0.114943
0043.jpeg,dent,right_door,low,0.817241,0.729885,0.158621,0.114943
0043.jpeg,dent,hood,low,0.705172,0.321839,0.051724,0.126437
0043.jpeg,dent,front_bumper,low,0.684483,0.787356,0.106897,0.091954
0046.jpeg,crack,rear_bumper,medium,0.265000,0.053571,0.123333,0.107143
0046.jpeg,dent,front_bumper,low,0.101667,0.907738,0.143333,0.172619
0049.jpeg,scratch,rear_bumper,high,0.498077,0.100515,0.996154,0.201031
0049.jpeg,paint_damage,front_bumper,low,0.215385,0.938144,0.123077,0.113402
0049.jpeg,crack,front_bumper,medium,0.615385,0.935567,0.761538,0.118557
0049.jpeg,crack,front_bumper,medium,0.498077,0.817010,0.996154,0.304124
0049.jpeg,crack,other_location,medium,0.498077,0.402062,0.996154,0.628866
0050.jpeg,broken_part,windshield,medium,0.693050,0.206186,0.606178,0.412371
0050.jpeg,dent,front_bumper,medium,0.330116,0.873711,0.281853,0.242268
0050.jpeg,dent,left_door,low,0.289575,0.716495,0.061776,0.164948
0114.jpeg,crack,rear_bumper,medium,0.133459,0.047619,0.266917,0.095238
0114.jpeg,crack,front_bumper,medium,0.498120,0.769841,0.996241,0.449735
0118.jpeg,crack,left_door,low,0.132692,0.371134,0.265385,0.144330
0128.jpeg,dent,left_door,low,0.042308,0.311856,0.084615,0.139175
0143.jpeg,dent,right_door,low,0.922780,0.430412,0.146718,0.118557
0148.jpeg,dent,front_bumper,medium,0.770270,0.822165,0.297297,0.293814
0148.jpeg,crack,right_door,medium,0.918919,0.778351,0.154440,0.092784
0148.jpeg,dent,right_door,low,0.951737,0.855670,0.088803,0.144330
0148.jpeg,crack,front_bumper,medium,0.507722,0.778351,0.389961,0.113402
0152.jpeg,crack,front_bumper,medium,0.099237,0.898438,0.198473,0.098958
0152.jpeg,broken_part,right_door,medium,0.927481,0.864583,0.137405,0.208333
0154.jpeg,crack,left_door,low,0.029528,0.424242,0.059055,0.131313
0155.jpeg,crack,right_door,low,0.963636,0.759563,0.065455,0.185792
0157.jpeg,crack,right_door,medium,0.888031,0.396907,0.216216,0.247423
0157.jpeg,dent,right_door,low,0.965251,0.907216,0.061776,0.175258
0157.jpeg,dent,side_panel,low,0.343629,0.592784,0.115830,0.185567
0157.jpeg,dent,left_door,low,0.044402,0.203608,0.081081,0.108247
0157.jpeg,crack,front_bumper,medium,0.249035,0.798969,0.498069,0.103093
0159.jpeg,paint_damage,front_bumper,medium,0.069588,0.965251,0.139175,0.061776
0159.jpeg,crack,left_door,medium,0.211340,0.517375,0.422680,0.069498
0159.jpeg,crack,roof,medium,0.435567,0.129344,0.871134,0.258687
0159.jpeg,crack,rear_bumper,medium,0.731959,0.102317,0.340206,0.158301
0159.jpeg,crack,front_bumper,medium,0.497423,0.702703,0.994845,0.277992
0161.jpeg,dent,right_door,low,0.896648,0.402482,0.150838,0.060284
0169.jpeg,dent,left_door,low,0.046332,0.689744,0.069498,0.097436
0172.jpeg,crack,front_bumper,low,0.799228,0.953608,0.138996,0.082474
0186.jpeg,crack,left_door,medium,0.048263,0.445876,0.096525,0.201031
0186.jpeg,dent,front_bumper,medium,0.731660,0.770619,0.359073,0.283505
0186.jpeg,crack,left_door,medium,0.069498,0.670103,0.138996,0.134021
0188.jpeg,crack,left_door,medium,0.108696,0.275956,0.217391,0.245902
0199.jpeg,crack,front_bumper,medium,0.907336,0.941026,0.177606,0.097436
0201.jpeg,dent,left_door,low,0.078333,0.514881,0.063333,0.113095
0236.jpeg,crack,left_door,low,0.038660,0.872587,0.077320,0.138996
0236.jpeg,dent,right_door,low,0.932990,0.193050,0.123711,0.069498
0236.jpeg,crack,other_location,high,0.497423,0.345560,0.994845,0.691120
0236.jpeg,broken_part,windshield,medium,0.664948,0.216216,0.659794,0.370656
0236.jpeg,broken_part,right_door,high,0.786082,0.548263,0.417526,0.285714
0236.jpeg,crack,front_bumper,high,0.634021,0.776062,0.721649,0.440154
0236.jpeg,dent,right_door,low,0.899485,0.362934,0.139175,0.077220
0236.jpeg,dent,right_door,low,0.945876,0.698842,0.097938,0.092664
0236.jpeg,dent,side_panel,low,0.396907,0.681467,0.123711,0.104247
0236.jpeg,dent,front_bumper,low,0.182990,0.963320,0.097938,0.065637
0236.jpeg,crack,front_bumper,medium,0.085052,0.957529,0.118557,0.077220
0236.jpeg,dent,front_bumper,low,0.131443,0.857143,0.128866,0.108108
0236.jpeg,dent,front_bumper,low,0.257732,0.949807,0.103093,0.084942
0236.jpeg,dent,front_bumper,low,0.317010,0.839768,0.149485,0.150579
0236.jpeg,dent,rear_bumper,low,0.814433,0.150579,0.123711,0.061776
0236.jpeg,dent,right_door,low,0.786082,0.229730,0.128866,0.073359
0237.jpeg,dent,right_door,low,0.951673,0.288770,0.089219,0.203209
0239.jpeg,crack,front_bumper,high,0.718147,0.876289,0.555985,0.237113
0239.jpeg,dent,front_bumper,low,0.507722,0.765464,0.081081,0.118557
0239.jpeg,dent,left_door,low,0.167954,0.791237,0.088803,0.170103
0239.jpeg,dent,left_door,low,0.069498,0.706186,0.138996,0.103093
0239.jpeg,dent,left_door,low,0.067568,0.819588,0.111969,0.154639
0241.jpeg,crack,front_bumper,high,0.265000,0.842262,0.316667,0.303571
0241.jpeg,dent,right_door,medium,0.900000,0.764881,0.193333,0.458333
0241.jpeg,dent,left_door,low,0.048333,0.839286,0.096667,0.095238
0242.jpeg,crack,front_bumper,medium,0.397959,0.949029,0.142857,0.092233
0242.jpeg,crack,hood,medium,0.371429,0.337379,0.065306,0.092233
0243.jpeg,crack,front_bumper,medium,0.729091,0.950820,0.534545,0.087432
0243.jpeg,crack,side_panel,medium,0.043636,0.948087,0.087273,0.092896
0243.jpeg,crack,left_door,high,0.176364,0.778689,0.352727,0.431694
0243.jpeg,dent,side_panel,low,0.587273,0.472678,0.112727,0.136612
0246.jpeg,crack,front_bumper,medium,0.897683,0.922680,0.196911,0.144330
0246.jpeg,crack,rear_bumper,medium,0.754826,0.072165,0.312741,0.144330
0247.jpeg,crack,left_door,medium,0.183398,0.729381,0.366795,0.530928
0247.jpeg,broken_part,front_bumper,medium,0.637066,0.755155,0.262548,0.355670
0247.jpeg,dent,front_bumper,low,0.615830,0.940722,0.150579,0.097938
0247.jpeg,dent,left_door,low,0.038610,0.435567,0.077220,0.139175
0247.jpeg,dent,right_door,medium,0.888031,0.698454,0.216216,0.190722
0248.jpeg,broken_part,front_bumper,medium,0.773946,0.948187,0.444444,0.093264
0248.jpeg,paint_damage,front_bumper,low,0.618774,0.761658,0.088123,0.186528
0248.jpeg,dent,side_panel,low,0.957854,0.937824,0.061303,0.093264
0250.jpeg,dent,right_door,medium,0.735521,0.600515,0.320463,0.252577
0251.jpeg,dent,front_bumper,low,0.220077,0.935567,0.115830,0.118557
0251.jpeg,dent,left_door,low,0.092664,0.791237,0.185328,0.252577
0252.jpeg,crack,front_bumper,medium,0.764479,0.794872,0.463320,0.400000
0252.jpeg,crack,left_door,medium,0.048263,0.874359,0.096525,0.241026
0253.jpeg,dent,left_door,low,0.063707,0.796392,0.088803,0.128866
0254.jpeg,crack,windshield,medium,0.534749,0.219072,0.227799,0.149485
0254.jpeg,dent,front_bumper,low,0.268340,0.809278,0.088803,0.082474
0256.jpeg,dent,front_bumper,low,0.222008,0.940722,0.119691,0.108247
0256.jpeg,crack,roof,medium,0.808880,0.172680,0.374517,0.221649
0257.jpeg,dent,front_bumper,low,0.086538,0.855670,0.173077,0.237113
0258.jpeg,crack,other_location,high,0.497423,0.370656,0.994845,0.694981
0258.jpeg,crack,side_panel,medium,0.322165,0.673745,0.324742,0.111969
0261.jpeg,dent,rear_bumper,low,0.154545,0.040984,0.112727,0.081967
0261.jpeg,dent,rear_bumper,medium,0.076364,0.090164,0.152727,0.180328
0262.jpeg,dent,front_bumper,low,0.630597,0.954787,0.059701,0.079787
0262.jpeg,paint_damage,front_bumper,low,0.255597,0.752660,0.063433,0.079787
0263.jpeg,crack,front_bumper,medium,0.166023,0.927835,0.332046,0.134021
0263.jpeg,dent,front_bumper,low,0.754826,0.863402,0.096525,0.149485
0263.jpeg,dent,right_door,low,0.907336,0.835052,0.061776,0.082474
0264.jpeg,broken_part,front_bumper,medium,0.942085,0.902062,0.108108,0.185567
0264.jpeg,dent,right_door,medium,0.874517,0.716495,0.243243,0.195876
0264.jpeg,dent,right_door,low,0.880309,0.461340,0.108108,0.097938
0264.jpeg,broken_part,rear_bumper,medium,0.349421,0.043814,0.258687,0.077320
0264.jpeg,dent,right_door,low,0.861004,0.556701,0.154440,0.216495
0265.jpeg,crack,rear_bumper,medium,0.768333,0.086310,0.076667,0.172619
0265.jpeg,dent,side_panel,low,0.971667,0.053571,0.050000,0.107143
0265.jpeg,dent,front_bumper,low,0.126667,0.940476,0.253333,0.107143
0268.jpeg,dent,left_door,low,0.068966,0.416185,0.137931,0.173410
0269.jpeg,dent,left_door,medium,0.140000,0.795082,0.236364,0.398907
0269.jpeg,dent,left_door,medium,0.143636,0.215847,0.287273,0.431694
0269.jpeg,dent,right_door,low,0.930909,0.849727,0.065455,0.158470
0270.jpeg,crack,rear_bumper,medium,0.830116,0.069588,0.077220,0.139175
0270.jpeg,dent,front_bumper,low,0.399614,0.868557,0.119691,0.231959
0270.jpeg,dent,front_bumper,low,0.496139,0.711340,0.111969,0.082474
0271.jpeg,dent,right_door,low,0.768340,0.752577,0.193050,0.164948
0272.jpeg,crack,rear_bumper,medium,0.055985,0.064433,0.111969,0.128866
0272.jpeg,crack,left_door,low,0.104247,0.788660,0.077220,0.113402
0273.jpeg,dent,left_door,low,0.154545,0.551913,0.112727,0.163934
0273.jpeg,dent,left_door,low,0.049091,0.827869,0.098182,0.147541
0274.jpeg,crack,left_door,low,0.029304,0.124324,0.058608,0.194595
0275.jpeg,paint_damage,side_panel,medium,0.399614,0.659794,0.088803,0.082474
0275.jpeg,dent,side_panel,low,0.523166,0.538660,0.096525,0.128866
0275.jpeg,dent,side_panel,low,0.621622,0.559278,0.061776,0.077320
0280.jpeg,crack,roof,medium,0.749035,0.180412,0.494208,0.340206
0280.jpeg,crack,left_door,medium,0.042471,0.193299,0.084942,0.159794
0280.jpeg,crack,right_door,medium,0.899614,0.698454,0.193050,0.087629
0280.jpeg,dent,side_panel,low,0.490347,0.592784,0.146718,0.144330
0280.jpeg,dent,rear_bumper,low,0.268340,0.134021,0.096525,0.123711
0280.jpeg,dent,right_door,low,0.700772,0.582474,0.227799,0.113402
0281.jpeg,dent,roof,low,0.605455,0.166667,0.120000,0.125683
0283.jpeg,broken_part,front_bumper,medium,0.527027,0.927835,0.119691,0.134021
0283.jpeg,dent,front_bumper,low,0.637066,0.945876,0.154440,0.097938
0283.jpeg,crack,front_bumper,high,0.243243,0.768041,0.486486,0.453608
0286.jpeg,crack,front_bumper,medium,0.753623,0.907104,0.485507,0.174863
0287.jpeg,crack,front_bumper,high,0.465779,0.893229,0.703422,0.203125
0287.jpeg,crack,front_bumper,medium,0.110266,0.947917,0.220532,0.093750
0287.jpeg,dent,front_bumper,low,0.528517,0.838542,0.091255,0.083333
0291.jpeg,crack,rear_bumper,medium,0.791506,0.074742,0.262548,0.149485
0291.jpeg,dent,front_bumper,low,0.739382,0.953608,0.057915,0.082474
0291.jpeg,crack,rear_bumper,medium,0.876448,0.134021,0.108108,0.123711
0291.jpeg,crack,left_door,medium,0.036680,0.239691,0.073359,0.097938
0295.jpeg,crack,side_panel,medium,0.372587,0.574742,0.745174,0.458763
0295.jpeg,dent,left_door,medium,0.181467,0.742268,0.293436,0.268041
0296.jpeg,paint_damage,front_bumper,medium,0.629464,0.772321,0.196429,0.223214
0296.jpeg,paint_damage,right_door,low,0.720982,0.667411,0.120536,0.075893
0296.jpeg,broken_part,front_bumper,high,0.198661,0.790179,0.397321,0.410714
0296.jpeg,crack,left_door,medium,0.138393,0.388393,0.276786,0.178571
0296.jpeg,paint_damage,side_panel,medium,0.312500,0.448661,0.125000,0.111607
0297.jpeg,crack,front_bumper,medium,0.428846,0.835052,0.188462,0.092784
0301.jpeg,dent,left_door,low,0.027273,0.650273,0.054545,0.087432
0303.jpeg,broken_part,side_panel,medium,0.038851,0.044118,0.077703,0.088235
0303.jpeg,broken_part,side_panel,low,0.057432,0.950000,0.060811,0.088235
0303.jpeg,dent,right_door,medium,0.839527,0.773529,0.287162,0.394118
0307.jpeg,crack,right_door,medium,0.903846,0.206186,0.184615,0.164948
0309.jpeg,paint_damage,rear_bumper,medium,0.179537,0.092784,0.166023,0.185567
0309.jpeg,dent,front_bumper,medium,0.594595,0.904639,0.138996,0.180412
0309.jpeg,crack,left_door,medium,0.243243,0.329897,0.231660,0.103093
0309.jpeg,paint_damage,rear_bumper,medium,0.214286,0.134021,0.088803,0.103093
0309.jpeg,paint_damage,left_door,medium,0.038610,0.113402,0.077220,0.154639
0309.jpeg,dent,right_door,low,0.936293,0.623711,0.119691,0.113402
0309.jpeg,paint_damage,side_panel,low,0.955598,0.054124,0.081081,0.108247
0312.jpeg,crack,side_panel,medium,0.960526,0.058201,0.071429,0.116402
0312.jpeg,dent,side_panel,low,0.593985,0.664021,0.082707,0.132275
0312.jpeg,crack,right_door,medium,0.783835,0.756614,0.424812,0.296296
0313.jpeg,crack,right_door,medium,0.907336,0.685567,0.177606,0.206186
0313.jpeg,dent,left_door,low,0.090734,0.659794,0.073359,0.082474
0314.jpeg,dent,rear_bumper,low,0.368726,0.103093,0.181467,0.206186
0314.jpeg,crack,left_door,medium,0.067568,0.474227,0.135135,0.154639
0314.jpeg,dent,front_bumper,low,0.364865,0.899485,0.096525,0.108247
0314.jpeg,dent,side_panel,low,0.333977,0.435567,0.127413,0.170103
0314.jpeg,dent,rear_bumper,low,0.106178,0.146907,0.212355,0.170103
0316.jpeg,dent,front_bumper,low,0.187259,0.938144,0.119691,0.113402
0316.jpeg,dent,front_bumper,low,0.316602,0.907216,0.185328,0.175258
0316.jpeg,crack,front_bumper,medium,0.067568,0.927835,0.135135,0.134021
0316.jpeg,crack,front_bumper,medium,0.694981,0.912371,0.594595,0.164948
0316.jpeg,paint_damage,right_door,medium,0.901544,0.677835,0.189189,0.242268
0317.jpeg,crack,right_door,medium,0.949807,0.878866,0.092664,0.231959
0317.jpeg,crack,front_bumper,medium,0.808880,0.793814,0.127413,0.175258
0318.jpeg,broken_part,roof,high,0.769406,0.163043,0.452055,0.326087
0318.jpeg,dent,front_bumper,low,0.901826,0.932609,0.187215,0.126087
0318.jpeg,dent,front_bumper,medium,0.732877,0.773913,0.515982,0.443478
0318.jpeg,dent,rear_bumper,low,0.100457,0.063043,0.136986,0.126087
0318.jpeg,crack,right_door,low,0.840183,0.493478,0.191781,0.143478
0318.jpeg,dent,front_bumper,low,0.465753,0.717391,0.118721,0.078261
0319.jpeg,dent,front_bumper,low,0.643333,0.949405,0.080000,0.089286
0321.jpeg,dent,front_bumper,low,0.289575,0.840206,0.108108,0.092784
0324.jpeg,crack,windshield,high,0.411417,0.265152,0.822835,0.530303
0328.jpeg,crack,front_bumper,medium,0.322742,0.895833,0.143813,0.196429
0328.jpeg,dent,right_door,medium,0.874582,0.821429,0.244147,0.345238
0328.jpeg,dent,front_bumper,low,0.744147,0.824405,0.070234,0.172619
0329.jpeg,crack,front_bumper,medium,0.919118,0.902703,0.154412,0.183784
0330.jpeg,paint_damage,right_door,medium,0.875000,0.789474,0.240196,0.242915
0330.jpeg,dent,rear_bumper,medium,0.708333,0.042510,0.171569,0.085020
0330.jpeg,paint_damage,right_door,medium,0.936275,0.514170,0.117647,0.105263
0331.jpeg,dent,front_bumper,medium,0.111667,0.839286,0.223333,0.309524
0332.jpeg,dent,left_door,low,0.191667,0.767857,0.116667,0.154762
0335.jpeg,crack,left_door,medium,0.077220,0.293814,0.154440,0.154639
0335.jpeg,crack,right_door,medium,0.698842,0.706186,0.077220,0.257732
0335.jpeg,crack,right_door,medium,0.951737,0.445876,0.088803,0.469072
0335.jpeg,crack,front_bumper,low,0.538610,0.739691,0.096525,0.139175
0335.jpeg,paint_damage,front_bumper,low,0.743243,0.922680,0.505792,0.144330
0336.jpeg,dent,rear_bumper,low,0.878378,0.051546,0.104247,0.103093
0336.jpeg,paint_damage,front_bumper,low,0.783784,0.847938,0.084942,0.170103
0336.jpeg,dent,side_panel,low,0.393822,0.394330,0.138996,0.128866
0336.jpeg,dent,left_door,low,0.129344,0.474227,0.166023,0.298969
0337.jpeg,paint_damage,left_door,medium,0.048889,0.873333,0.097778,0.244444
0337.jpeg,paint_damage,right_door,medium,0.882222,0.826667,0.093333,0.088889
0337.jpeg,paint_damage,right_door,medium,0.957778,0.737778,0.075556,0.088889
0337.jpeg,dent,front_bumper,low,0.911111,0.951111,0.168889,0.088889
0340.jpeg,broken_part,right_door,high,0.828185,0.798969,0.335907,0.391753
0340.jpeg,dent,front_bumper,low,0.160232,0.904639,0.073359,0.087629
0343.jpeg,dent,front_bumper,low,0.900000,0.890805,0.193103,0.206897
0344.jpeg,dent,left_door,low,0.078947,0.165663,0.098684,0.331325
0345.jpeg,dent,front_bumper,low,0.091379,0.942197,0.182759,0.104046
0346.jpeg,dent,front_bumper,low,0.586957,0.934524,0.123746,0.119048
0346.jpeg,dent,right_door,low,0.961538,0.913690,0.070234,0.160714
0346.jpeg,broken_part,front_bumper,medium,0.255853,0.889881,0.511706,0.208333
0346.jpeg,dent,front_bumper,low,0.474916,0.934524,0.053512,0.119048
0346.jpeg,crack,rear_bumper,medium,0.132107,0.062500,0.177258,0.125000
0346.jpeg,crack,left_door,medium,0.110368,0.776786,0.220736,0.196429
0349.jpeg,crack,front_bumper,low,0.862934,0.956186,0.266409,0.077320
0349.jpeg,crack,left_door,medium,0.083012,0.762887,0.166023,0.463918
0349.jpeg,dent,right_door,low,0.803089,0.703608,0.169884,0.242268
0349.jpeg,paint_damage,right_door,low,0.878378,0.706186,0.088803,0.134021
0349.jpeg,dent,front_bumper,low,0.691120,0.822165,0.270270,0.170103
0350.jpeg,crack,side_panel,low,0.946154,0.953608,0.100000,0.082474
0350.jpeg,crack,rear_bumper,medium,0.140385,0.069588,0.250000,0.139175
0350.jpeg,crack,rear_bumper,medium,0.434615,0.097938,0.392308,0.195876
0350.jpeg,crack,right_door,medium,0.746154,0.389175,0.500000,0.293814
0350.jpeg,dent,front_bumper,low,0.892308,0.863402,0.092308,0.139175
0350.jpeg,dent,left_door,low,0.069231,0.309278,0.138462,0.216495
0350.jpeg,dent,windshield,low,0.623077,0.208763,0.069231,0.077320
0351.jpeg,broken_part,rear_bumper,medium,0.045000,0.074405,0.090000,0.148810
0351.jpeg,dent,rear_bumper,low,0.705000,0.062500,0.110000,0.125000
0351.jpeg,dent,right_door,low,0.946667,0.842262,0.100000,0.148810
0352.jpeg,crack,side_panel,medium,0.496364,0.688525,0.083636,0.218579
0352.jpeg,crack,right_door,high,0.732727,0.418033,0.527273,0.377049
0352.jpeg,crack,front_bumper,high,0.743636,0.743169,0.505455,0.273224
0354.jpeg,dent,front_bumper,low,0.293860,0.943439,0.070175,0.104072
0354.jpeg,dent,front_bumper,medium,0.135965,0.920814,0.271930,0.149321
0354.jpeg,dent,left_door,low,0.054825,0.809955,0.109649,0.135747
0354.jpeg,dent,left_door,low,0.157895,0.737557,0.105263,0.099548
0355.jpeg,crack,left_door,high,0.198276,0.344828,0.396552,0.689655
0355.jpeg,dent,front_bumper,low,0.455172,0.885057,0.131034,0.114943
0355.jpeg,dent,right_door,low,0.817241,0.729885,0.158621,0.114943
0355.jpeg,dent,hood,low,0.705172,0.321839,0.051724,0.126437
0355.jpeg,dent,front_bumper,low,0.684483,0.787356,0.106897,0.091954
0356.jpeg,crack,right_door,medium,0.909091,0.674863,0.174545,0.639344
0357.jpeg,crack,right_door,medium,0.875940,0.555263,0.067669,0.100000
0357.jpeg,dent,right_door,low,0.875940,0.673684,0.240602,0.157895
0358.jpeg,dent,left_door,low,0.082090,0.843085,0.111940,0.122340
0359.jpeg,crack,front_bumper,medium,0.241313,0.909794,0.482625,0.170103
0361.jpeg,paint_damage,left_door,high,0.141221,0.562500,0.282443,0.333333
0361.jpeg,crack,left_door,medium,0.200382,0.244792,0.400763,0.302083
0361.jpeg,dent,left_door,low,0.141221,0.192708,0.076336,0.093750
0361.jpeg,crack,left_door,low,0.064885,0.794271,0.129771,0.078125
0362.jpeg,crack,right_door,medium,0.960000,0.892857,0.073333,0.202381
0364.jpeg,dent,front_bumper,low,0.347490,0.956186,0.069498,0.077320
0364.jpeg,dent,front_bumper,low,0.768340,0.917526,0.115830,0.123711
0364.jpeg,dent,front_bumper,low,0.936293,0.889175,0.119691,0.190722
0364.jpeg,dent,left_door,low,0.092664,0.824742,0.092664,0.123711
0365.jpeg,crack,other_location,high,0.498069,0.373711,0.996139,0.747423
0367.jpeg,crack,rear_bumper,medium,0.183636,0.068306,0.367273,0.136612
0368.jpeg,dent,front_bumper,medium,0.220077,0.793814,0.223938,0.175258
0368.jpeg,crack,right_door,medium,0.949807,0.435567,0.092664,0.149485
0368.jpeg,broken_part,front_bumper,high,0.772201,0.770619,0.401544,0.448454
0370.jpeg,crack,roof,high,0.498069,0.162371,0.996139,0.324742
0370.jpeg,crack,other_location,medium,0.498069,0.682990,0.996139,0.623711
0370.jpeg,crack,side_panel,low,0.642857,0.376289,0.111969,0.237113
0370.jpeg,crack,side_panel,low,0.667954,0.577320,0.108108,0.113402
0373.jpeg,dent,right_door,low,0.891732,0.343434,0.137795,0.202020
0375.jpeg,crack,front_bumper,medium,0.246781,0.946759,0.493562,0.097222
0375.jpeg,crack,front_bumper,medium,0.725322,0.731481,0.540773,0.527778
0375.jpeg,broken_part,right_door,medium,0.901288,0.759259,0.188841,0.129630
0377.jpeg,paint_damage,front_bumper,medium,0.408027,0.892857,0.334448,0.202381
0378.jpeg,crack,front_bumper,medium,0.899614,0.945876,0.193050,0.097938
0378.jpeg,dent,side_panel,medium,0.455598,0.670103,0.092664,0.185567
0378.jpeg,dent,right_door,medium,0.837838,0.711340,0.316602,0.278351
0378.jpeg,dent,front_bumper,low,0.731660,0.750000,0.135135,0.118557
0381.jpeg,paint_damage,left_door,medium,0.048263,0.363402,0.096525,0.180412
0381.jpeg,paint_damage,left_door,low,0.038610,0.603093,0.077220,0.185567
0381.jpeg,dent,front_bumper,low,0.096525,0.956186,0.193050,0.077320
0381.jpeg,dent,left_door,low,0.075290,0.835052,0.150579,0.247423
0381.jpeg,dent,right_door,low,0.957529,0.889175,0.077220,0.097938
0383.jpeg,crack,rear_bumper,medium,0.125000,0.096567,0.250000,0.184549
0383.jpeg,crack,roof,medium,0.240741,0.115880,0.148148,0.231760
0383.jpeg,broken_part,left_door,low,0.203704,0.510730,0.092593,0.085837
0383.jpeg,crack,left_door,low,0.229167,0.474249,0.097222,0.072961
0384.jpeg,crack,front_bumper,medium,0.882463,0.954787,0.227612,0.079787
0384.jpeg,crack,right_door,medium,0.783582,0.553191,0.425373,0.255319
0384.jpeg,dent,right_door,low,0.755597,0.476064,0.085821,0.079787
0386.jpeg,broken_part,hood,high,0.677606,0.265464,0.637066,0.530928
0386.jpeg,dent,right_door,medium,0.866795,0.806701,0.258687,0.242268
0386.jpeg,broken_part,roof,medium,0.422780,0.188144,0.073359,0.118557
0386.jpeg,dent,right_door,low,0.922780,0.417526,0.092664,0.082474
0386.jpeg,dent,hood,low,0.391892,0.327320,0.081081,0.087629
0386.jpeg,dent,left_door,low,0.148649,0.376289,0.196911,0.144330
0387.jpeg,dent,right_door,low,0.963320,0.317949,0.057915,0.123077
0387.jpeg,dent,right_door,medium,0.905405,0.715385,0.181467,0.558974
0387.jpeg,dent,side_panel,low,0.513514,0.435897,0.084942,0.112821
0388.jpeg,crack,right_door,medium,0.915058,0.523196,0.162162,0.314433
0390.jpeg,dent,rear_bumper,low,0.930851,0.069832,0.081560,0.139665
0391.jpeg,dent,rear_bumper,low,0.643678,0.082902,0.176245,0.165803
0391.jpeg,broken_part,rear_bumper,medium,0.879310,0.108808,0.233716,0.217617
0391.jpeg,broken_part,right_door,medium,0.758621,0.510363,0.114943,0.098446
0391.jpeg,dent,windshield,low,0.649425,0.251295,0.118774,0.077720
0392.jpeg,crack,left_door,medium,0.106178,0.729381,0.212355,0.128866
0392.jpeg,crack,front_bumper,low,0.754826,0.845361,0.073359,0.092784
0395.jpeg,crack,right_door,medium,0.930502,0.695876,0.131274,0.103093
0397.jpeg,broken_part,side_panel,medium,0.959459,0.951031,0.073359,0.087629
0397.jpeg,dent,front_bumper,low,0.693050,0.938144,0.119691,0.113402
0397.jpeg,crack,front_bumper,medium,0.364865,0.742268,0.189189,0.350515
0397.jpeg,dent,front_bumper,low,0.308880,0.902062,0.115830,0.185567
0397.jpeg,dent,left_door,low,0.117761,0.641753,0.104247,0.108247
0397.jpeg,dent,right_door,low,0.882239,0.737113,0.111969,0.103093
0397.jpeg,dent,front_bumper,low,0.239382,0.788660,0.069498,0.103093
0400.jpeg,broken_part,front_bumper,medium,0.277992,0.847938,0.262548,0.293814
0400.jpeg,dent,left_door,medium,0.245174,0.698454,0.073359,0.097938
0400.jpeg,dent,front_bumper,low,0.899614,0.878866,0.193050,0.159794
0401.jpeg,crack,front_bumper,medium,0.853282,0.899485,0.285714,0.190722
0401.jpeg,crack,front_bumper,low,0.386100,0.956186,0.138996,0.077320
0401.jpeg,paint_damage,front_bumper,low,0.440154,0.881443,0.084942,0.103093
0403.jpeg,crack,left_door,low,0.048333,0.678571,0.096667,0.440476
0404.jpeg,crack,left_door,medium,0.027273,0.387978,0.054545,0.109290
0405.jpeg,dent,front_bumper,low,0.274131,0.907216,0.115830,0.123711
0407.jpeg,dent,side_panel,low,0.949640,0.947514,0.093525,0.093923
0408.jpeg,crack,side_panel,medium,0.395753,0.607692,0.220077,0.117949
0411.jpeg,dent,left_door,medium,0.135135,0.184615,0.270270,0.369231
0411.jpeg,crack,front_bumper,medium,0.403475,0.889744,0.498069,0.210256
0411.jpeg,dent,right_door,medium,0.899614,0.189744,0.193050,0.369231
0411.jpeg,dent,rear_bumper,low,0.903475,0.061538,0.077220,0.102564
0411.jpeg,dent,hood,low,0.416988,0.356410,0.092664,0.158974
0411.jpeg,dent,right_door,medium,0.882239,0.469231,0.158301,0.333333
0411.jpeg,dent,left_door,low,0.270270,0.451282,0.084942,0.092308
0411.jpeg,dent,left_door,low,0.301158,0.374359,0.061776,0.082051
0412.jpeg,dent,left_door,medium,0.160920,0.665803,0.321839,0.388601
0412.jpeg,paint_damage,left_door,low,0.191571,0.613990,0.099617,0.150259
0412.jpeg,crack,left_door,low,0.099617,0.481865,0.084291,0.124352
0412.jpeg,dent,left_door,low,0.289272,0.525907,0.103448,0.139896
0414.jpeg,dent,front_bumper,low,0.189189,0.796392,0.169884,0.252577
0414.jpeg,crack,right_door,medium,0.799228,0.605670,0.131274,0.757732
0414.jpeg,crack,side_panel,low,0.374517,0.701031,0.061776,0.113402
0415.jpeg,paint_damage,rear_bumper,low,0.396321,0.095238,0.096990,0.107143
0416.jpeg,crack,front_bumper,medium,0.308140,0.895408,0.507752,0.198980
0416.jpeg,crack,right_door,high,0.839147,0.229592,0.313953,0.459184
0416.jpeg,broken_part,right_door,medium,0.844961,0.681122,0.302326,0.627551
0419.jpeg,crack,rear_bumper,medium,0.892045,0.062827,0.208333,0.125654
0419.jpeg,dent,rear_bumper,low,0.636364,0.096859,0.166667,0.193717
0419.jpeg,crack,right_door,medium,0.907197,0.609948,0.178030,0.214660
0420.jpeg,dent,front_bumper,low,0.369427,0.915625,0.165605,0.156250
0420.jpeg,broken_part,front_bumper,medium,0.673567,0.918750,0.601911,0.150000
0420.jpeg,crack,front_bumper,low,0.151274,0.890625,0.181529,0.143750
0421.jpeg,crack,side_panel,low,0.478764,0.518041,0.108108,0.077320
0422.jpeg,crack,front_bumper,medium,0.226766,0.941176,0.453532,0.106952
0422.jpeg,dent,right_door,low,0.962825,0.189840,0.066914,0.155080
0423.jpeg,crack,left_door,medium,0.040541,0.180412,0.081081,0.144330
0425.jpeg,dent,front_bumper,low,0.270270,0.922680,0.092664,0.134021
0425.jpeg,dent,front_bumper,low,0.125483,0.899485,0.096525,0.139175
0425.jpeg,crack,left_door,medium,0.069498,0.255155,0.138996,0.190722
0426.jpeg,paint_damage,right_door,medium,0.877256,0.579670,0.108303,0.280220
0426.jpeg,dent,right_door,low,0.776173,0.510989,0.072202,0.109890
0427.jpeg,crack,front_bumper,low,0.893822,0.943299,0.204633,0.103093
0427.jpeg,crack,front_bumper,high,0.330116,0.703608,0.660232,0.582474
0427.jpeg,dent,front_bumper,low,0.756757,0.927835,0.123552,0.134021
0427.jpeg,dent,front_bumper,low,0.436293,0.902062,0.077220,0.113402
0428.jpeg,dent,right_door,low,0.897778,0.811111,0.080000,0.093333
0428.jpeg,dent,front_bumper,low,0.931111,0.960000,0.084444,0.071111
0428.jpeg,dent,front_bumper,low,0.704444,0.948889,0.093333,0.093333
0429.jpeg,dent,front_bumper,low,0.548263,0.943299,0.123552,0.103093
0432.jpeg,crack,front_bumper,medium,0.492188,0.948669,0.453125,0.095057
0434.jpeg,crack,front_bumper,high,0.498084,0.805699,0.996169,0.378238
0434.jpeg,dent,right_door,medium,0.768199,0.603627,0.141762,0.108808
0434.jpeg,crack,right_door,medium,0.936782,0.572539,0.118774,0.222798
0435.jpeg,crack,roof,high,0.610345,0.189655,0.386207,0.379310
0435.jpeg,dent,rear_bumper,low,0.056897,0.060345,0.113793,0.120690
0435.jpeg,crack,left_door,medium,0.231034,0.356322,0.462069,0.712644
0435.jpeg,crack,left_door,medium,0.160345,0.764368,0.320690,0.252874
0435.jpeg,crack,right_door,high,0.775862,0.250000,0.441379,0.500000
0435.jpeg,broken_part,side_panel,medium,0.618966,0.497126,0.237931,0.614943
0437.jpeg,dent,rear_bumper,low,0.200000,0.044484,0.222222,0.088968
0437.jpeg,dent,rear_bumper,low,0.575000,0.151246,0.150000,0.053381
0437.jpeg,crack,front_bumper,low,0.322222,0.766904,0.155556,0.153025
0438.jpeg,crack,front_bumper,low,0.767045,0.811189,0.454545,0.062937
0439.jpeg,crack,rear_bumper,medium,0.474903,0.092784,0.316602,0.185567
0439.jpeg,crack,other_location,high,0.498069,0.639175,0.996139,0.711340
0439.jpeg,crack,right_door,medium,0.806950,0.389175,0.131274,0.211340
0439.jpeg,crack,left_door,medium,0.052124,0.551546,0.104247,0.103093
0439.jpeg,dent,left_door,low,0.181467,0.257732,0.077220,0.113402
0439.jpeg,dent,side_panel,medium,0.374517,0.631443,0.254826,0.262887
0439.jpeg,dent,side_panel,low,0.399614,0.543814,0.127413,0.170103
0442.jpeg,broken_part,front_bumper,medium,0.718147,0.938144,0.084942,0.113402
0442.jpeg,dent,right_door,low,0.756757,0.685567,0.061776,0.082474
0444.jpeg,crack,left_door,low,0.220077,0.711340,0.084942,0.123711
0444.jpeg,dent,left_door,low,0.249035,0.621134,0.142857,0.118557
0444.jpeg,crack,side_panel,medium,0.353282,0.675258,0.081081,0.123711
0447.jpeg,crack,rear_bumper,medium,0.164794,0.134921,0.329588,0.269841
0447.jpeg,paint_damage,left_door,low,0.052434,0.383598,0.104869,0.259259
0448.jpeg,crack,front_bumper,high,0.498069,0.837629,0.996139,0.314433
0448.jpeg,paint_damage,front_bumper,high,0.328185,0.711340,0.501931,0.371134
0448.jpeg,crack,right_door,medium,0.909266,0.360825,0.173745,0.350515
0448.jpeg,dent,side_panel,medium,0.401544,0.548969,0.108108,0.077320
0448.jpeg,crack,side_panel,medium,0.571429,0.556701,0.146718,0.144330
0448.jpeg,dent,left_door,medium,0.065637,0.685567,0.092664,0.113402
0450.jpeg,crack,left_door,high,0.183333,0.221925,0.366667,0.326203
0454.jpeg,crack,front_bumper,medium,0.738333,0.949405,0.350000,0.089286
0454.jpeg,dent,left_door,low,0.091667,0.383929,0.090000,0.113095
0457.jpeg,broken_part,windshield,high,0.482625,0.242268,0.347490,0.484536
0457.jpeg,crack,rear_bumper,medium,0.886100,0.048969,0.220077,0.097938
0457.jpeg,crack,windshield,medium,0.760618,0.265464,0.471042,0.417526
0457.jpeg,crack,right_door,medium,0.870656,0.409794,0.073359,0.097938
0457.jpeg,crack,right_door,medium,0.899614,0.471649,0.193050,0.242268
0459.jpeg,crack,front_bumper,low,0.189189,0.945876,0.324324,0.097938
0459.jpeg,broken_part,right_door,medium,0.907336,0.157216,0.177606,0.273196
0459.jpeg,crack,front_bumper,medium,0.799228,0.899485,0.393822,0.190722
0459.jpeg,dent,front_bumper,low,0.073359,0.884021,0.146718,0.221649
0459.jpeg,dent,left_door,low,0.044402,0.716495,0.088803,0.144330
0459.jpeg,dent,front_bumper,low,0.889961,0.847938,0.142857,0.108247
0460.jpeg,dent,left_door,low,0.069588,0.891892,0.139175,0.084942
0460.jpeg,dent,side_panel,low,0.056701,0.959459,0.113402,0.073359
0460.jpeg,broken_part,left_door,medium,0.136598,0.694981,0.273196,0.162162
0460.jpeg,crack,windshield,high,0.577320,0.198842,0.835052,0.397683
0460.jpeg,crack,left_door,medium,0.146907,0.519305,0.293814,0.250965
0460.jpeg,crack,other_location,medium,0.572165,0.681467,0.845361,0.629344
0460.jpeg,dent,left_door,medium,0.123711,0.167954,0.247423,0.335907
0460.jpeg,crack,left_door,low,0.198454,0.407336,0.149485,0.096525
0460.jpeg,crack,side_panel,low,0.677835,0.681467,0.304124,0.111969
0460.jpeg,crack,side_panel,low,0.407216,0.388031,0.288660,0.088803
0460.jpeg,dent,side_panel,low,0.440722,0.656371,0.108247,0.061776
0460.jpeg,dent,front_bumper,low,0.097938,0.932432,0.092784,0.065637
0461.jpeg,dent,right_door,low,0.939655,0.623563,0.113793,0.189655
0463.jpeg,paint_damage,left_door,low,0.122222,0.815556,0.244444,0.084444
0463.jpeg,paint_damage,front_bumper,low,0.128889,0.886667,0.115556,0.128889
0463.jpeg,dent,front_bumper,medium,0.708889,0.864444,0.448889,0.262222
0463.jpeg,dent,front_bumper,low,0.515556,0.891111,0.071111,0.066667
0466.jpeg,crack,roof,high,0.498069,0.144330,0.996139,0.288660
0466.jpeg,crack,front_bumper,medium,0.086873,0.878866,0.166023,0.128866
0466.jpeg,crack,front_bumper,low,0.627413,0.842784,0.081081,0.242268
0466.jpeg,crack,roof,low,0.415058,0.188144,0.081081,0.097938
0467.jpeg,paint_damage,front_bumper,medium,0.331104,0.851190,0.254181,0.285714
0470.jpeg,crack,other_location,high,0.622340,0.497207,0.748227,0.994413
0470.jpeg,crack,left_door,high,0.237589,0.497207,0.475177,0.994413
0470.jpeg,crack,side_panel,medium,0.414894,0.620112,0.212766,0.089385
0474.jpeg,dent,right_door,low,0.918919,0.791237,0.061776,0.097938
0474.jpeg,dent,front_bumper,low,0.862934,0.927835,0.088803,0.092784
0474.jpeg,dent,left_door,low,0.146718,0.368557,0.092664,0.190722
0474.jpeg,dent,right_door,low,0.880309,0.680412,0.061776,0.092784
0475.jpeg,crack,right_door,medium,0.945946,0.765464,0.100386,0.087629
0475.jpeg,dent,front_bumper,low,0.598456,0.744845,0.131274,0.139175
0475.jpeg,crack,front_bumper,low,0.415058,0.850515,0.111969,0.113402
0475.jpeg,broken_part,front_bumper,medium,0.737452,0.783505,0.223938,0.402062
0476.jpeg,dent,rear_bumper,low,0.156371,0.092784,0.096525,0.185567
0476.jpeg,crack,hood,high,0.498069,0.288660,0.996139,0.577320
0476.jpeg,crack,front_bumper,high,0.498069,0.729381,0.996139,0.530928
0479.jpeg,crack,front_bumper,medium,0.361204,0.916667,0.260870,0.154762
0479.jpeg,crack,right_door,medium,0.949833,0.339286,0.093645,0.154762
0479.jpeg,crack,left_door,medium,0.153846,0.583333,0.180602,0.154762
0479.jpeg,crack,right_door,medium,0.874582,0.369048,0.070234,0.107143
0479.jpeg,dent,rear_bumper,medium,0.841137,0.166667,0.311037,0.333333
0479.jpeg,dent,roof,low,0.824415,0.187500,0.070234,0.113095
0480.jpeg,crack,left_door,medium,0.060000,0.232143,0.120000,0.464286
0480.jpeg,dent,front_bumper,low,0.143333,0.854167,0.186667,0.279762
0480.jpeg,crack,side_panel,medium,0.393333,0.610119,0.466667,0.113095
0480.jpeg,dent,left_door,low,0.081667,0.723214,0.070000,0.148810
0481.jpeg,crack,windshield,high,0.497835,0.230594,0.995671,0.461187
0481.jpeg,paint_damage,front_bumper,medium,0.558442,0.924658,0.874459,0.086758
0481.jpeg,paint_damage,hood,low,0.469697,0.351598,0.108225,0.164384
0482.jpeg,dent,right_door,medium,0.882239,0.804124,0.227799,0.257732
0483.jpeg,dent,right_door,medium,0.922535,0.423729,0.147887,0.305085
0483.jpeg,dent,right_door,low,0.926056,0.570621,0.070423,0.135593
0483.jpeg,dent,right_door,low,0.934859,0.725989,0.123239,0.231638
0483.jpeg,dent,right_door,low,0.834507,0.446328,0.084507,0.135593
0483.jpeg,dent,right_door,low,0.728873,0.355932,0.070423,0.112994
0484.jpeg,crack,rear_bumper,medium,0.673745,0.069588,0.158301,0.139175
0484.jpeg,broken_part,right_door,high,0.839768,0.213918,0.312741,0.427835
0484.jpeg,crack,left_door,medium,0.069498,0.314433,0.138996,0.103093
0484.jpeg,dent,right_door,medium,0.824324,0.425258,0.266409,0.345361
0484.jpeg,crack,front_bumper,medium,0.642857,0.804124,0.088803,0.154639
0485.jpeg,dent,side_panel,low,0.974777,0.940000,0.044510,0.106667
0485.jpeg,crack,right_door,high,0.864985,0.476667,0.264095,0.953333
0485.jpeg,dent,rear_bumper,low,0.629080,0.053333,0.249258,0.106667
0486.jpeg,dent,right_door,low,0.946009,0.415254,0.098592,0.127119
0486.jpeg,crack,right_door,high,0.840376,0.720339,0.309859,0.550847
0486.jpeg,dent,windshield,medium,0.415493,0.311441,0.239437,0.216102
0486.jpeg,dent,front_bumper,low,0.356808,0.762712,0.140845,0.127119
0486.jpeg,dent,front_bumper,low,0.732394,0.802966,0.084507,0.105932
0486.jpeg,dent,side_panel,low,0.413146,0.550847,0.084507,0.084746
0486.jpeg,dent,left_door,medium,0.215962,0.629237,0.431925,0.639831
0487.jpeg,dent,front_bumper,low,0.895753,0.868557,0.200772,0.252577
0487.jpeg,crack,left_door,medium,0.125483,0.786082,0.250965,0.417526
0487.jpeg,crack,front_bumper,low,0.770270,0.783505,0.088803,0.082474
0488.jpeg,dent,front_bumper,low,0.859073,0.858247,0.119691,0.170103
0489.jpeg,dent,front_bumper,medium,0.498188,0.931694,0.996377,0.125683
0489.jpeg,crack,left_door,low,0.090580,0.218579,0.181159,0.098361
0490.jpeg,dent,front_bumper,medium,0.839768,0.878866,0.312741,0.231959
0490.jpeg,dent,front_bumper,low,0.698842,0.853093,0.061776,0.097938
0490.jpeg,dent,right_door,low,0.934363,0.716495,0.123552,0.123711
0494.jpeg,crack,side_panel,medium,0.052124,0.927835,0.104247,0.134021
0495.jpeg,crack,side_panel,medium,0.569498,0.695876,0.451737,0.164948
0495.jpeg,crack,windshield,medium,0.256757,0.242268,0.088803,0.185567
0495.jpeg,dent,front_bumper,medium,0.486486,0.804124,0.185328,0.206186
0497.jpeg,dent,front_bumper,low,0.220077,0.842784,0.123552,0.128866
0499.jpeg,crack,left_door,medium,0.059761,0.768657,0.119522,0.194030
0500.jpeg,crack,right_door,medium,0.916376,0.838068,0.132404,0.312500
0500.jpeg,crack,right_door,high,0.792683,0.326705,0.407666,0.653409
0500.jpeg,crack,other_location,high,0.336237,0.403409,0.672474,0.806818
0500.jpeg,crack,side_panel,high,0.674216,0.562500,0.630662,0.659091
0500.jpeg,paint_damage,front_bumper,medium,0.815331,0.886364,0.111498,0.215909
0500.jpeg,dent,front_bumper,medium,0.391986,0.767045,0.212544,0.454545
0500.jpeg,dent,right_door,low,0.818815,0.392045,0.104530,0.125000
0500.jpeg,dent,side_panel,low,0.508711,0.678977,0.076655,0.164773
0500.jpeg,dent,right_door,low,0.968641,0.170455,0.055749,0.113636
0500.jpeg,dent,side_panel,low,0.379791,0.392045,0.083624,0.125000
0500.jpeg,dent,right_door,low,0.808362,0.568182,0.069686,0.125000
0501.jpeg,paint_damage,front_bumper,low,0.290385,0.863402,0.065385,0.077320
0502.jpeg,crack,left_door,low,0.094595,0.538660,0.088803,0.139175
0502.jpeg,dent,left_door,low,0.264479,0.623711,0.111969,0.103093
0502.jpeg,crack,front_bumper,medium,0.449807,0.932990,0.065637,0.082474
0502.jpeg,dent,left_door,low,0.032819,0.628866,0.065637,0.082474
0505.jpeg,crack,front_bumper,medium,0.509653,0.902062,0.316602,0.185567
0505.jpeg,dent,left_door,low,0.048263,0.847938,0.096525,0.159794
0506.jpeg,crack,roof,medium,0.776536,0.030249,0.435754,0.060498
0507.jpeg,dent,right_door,low,0.903475,0.481959,0.185328,0.139175
0509.jpeg,broken_part,right_door,medium,0.961538,0.912371,0.069231,0.164948
0510.jpeg,crack,rear_bumper,low,0.130556,0.082437,0.116667,0.078853
0510.jpeg,dent,left_door,low,0.172222,0.483871,0.222222,0.143369
0510.jpeg,dent,hood,low,0.511111,0.381720,0.177778,0.111111
0510.jpeg,dent,left_door,low,0.219444,0.523297,0.138889,0.071685
0511.jpeg,dent,front_bumper,medium,0.876448,0.865979,0.239382,0.257732
0511.jpeg,crack,left_door,medium,0.225869,0.690722,0.196911,0.164948
0512.jpeg,crack,hood,high,0.477586,0.267241,0.955172,0.534483
0512.jpeg,dent,front_bumper,low,0.462069,0.951149,0.055172,0.086207
0512.jpeg,dent,left_door,low,0.037931,0.436782,0.055172,0.126437
0512.jpeg,crack,left_door,medium,0.146552,0.594828,0.265517,0.212644
0512.jpeg,crack,side_panel,medium,0.612069,0.606322,0.555172,0.304598
0513.jpeg,broken_part,side_panel,medium,0.040541,0.920103,0.081081,0.149485
0515.jpeg,crack,front_bumper,medium,0.480000,0.950820,0.487273,0.087432
0515.jpeg,crack,front_bumper,medium,0.852727,0.942623,0.236364,0.103825
0515.jpeg,crack,front_bumper,high,0.498182,0.836066,0.996364,0.316940
0515.jpeg,crack,other_location,high,0.498182,0.513661,0.996364,0.699454
0515.jpeg,crack,rear_bumper,medium,0.781818,0.106557,0.429091,0.180328
0516.jpeg,paint_damage,front_bumper,low,0.754545,0.909836,0.149091,0.125683
0516.jpeg,dent,rear_bumper,low,0.272727,0.095628,0.145455,0.191257
0516.jpeg,crack,left_door,low,0.103636,0.352459,0.149091,0.092896
0516.jpeg,dent,right_door,medium,0.894545,0.688525,0.203636,0.448087
0519.jpeg,dent,left_door,low,0.050193,0.713918,0.100386,0.159794
0519.jpeg,paint_damage,rear_bumper,low,0.938224,0.108247,0.115830,0.216495
0519.jpeg,dent,right_door,low,0.947876,0.778351,0.096525,0.103093
0519.jpeg,dent,front_bumper,low,0.739382,0.775773,0.073359,0.108247
0519.jpeg,dent,front_bumper,low,0.837838,0.822165,0.131274,0.149485
0521.jpeg,paint_damage,left_door,low,0.032819,0.842784,0.065637,0.149485
0523.jpeg,broken_part,front_bumper,low,0.644788,0.943299,0.247104,0.103093
0523.jpeg,dent,front_bumper,low,0.608108,0.865979,0.111969,0.123711
0523.jpeg,dent,front_bumper,low,0.776062,0.886598,0.108108,0.206186
0523.jpeg,dent,right_door,low,0.835907,0.793814,0.081081,0.082474
0525.jpeg,crack,rear_bumper,medium,0.131274,0.085052,0.262548,0.170103
0525.jpeg,crack,hood,high,0.498069,0.257732,0.996139,0.515464
0525.jpeg,crack,front_bumper,high,0.498069,0.721649,0.996139,0.546392
0525.jpeg,crack,left_door,medium,0.115830,0.546392,0.231660,0.371134
0527.jpeg,paint_damage,front_bumper,medium,0.625940,0.775132,0.146617,0.153439
0528.jpeg,crack,roof,high,0.221818,0.155738,0.443636,0.311475
0528.jpeg,crack,rear_bumper,medium,0.869091,0.060109,0.058182,0.120219
0528.jpeg,crack,front_bumper,low,0.147273,0.882514,0.054545,0.081967
0530.jpeg,crack,windshield,medium,0.709615,0.273196,0.188462,0.154639
0530.jpeg,broken_part,right_door,medium,0.886538,0.747423,0.219231,0.494845
0530.jpeg,crack,right_door,medium,0.730769,0.476804,0.138462,0.087629
0530.jpeg,broken_part,front_bumper,medium,0.423077,0.809278,0.846154,0.371134
0530.jpeg,dent,left_door,low,0.290385,0.719072,0.080769,0.097938
0530.jpeg,dent,front_bumper,low,0.515385,0.752577,0.153846,0.154639
0530.jpeg,dent,left_door,low,0.196154,0.708763,0.076923,0.087629
0531.jpeg,dent,roof,medium,0.628352,0.163212,0.260536,0.326425
0531.jpeg,crack,other_location,high,0.417625,0.593264,0.835249,0.803109
0531.jpeg,crack,other_location,high,0.582375,0.375648,0.827586,0.751295
0533.jpeg,crack,rear_bumper,high,0.725869,0.100515,0.540541,0.201031
0533.jpeg,broken_part,side_panel,medium,0.036680,0.943299,0.073359,0.103093
0533.jpeg,crack,left_door,medium,0.249035,0.404639,0.498069,0.809278
0533.jpeg,crack,front_bumper,medium,0.710425,0.798969,0.571429,0.381443
0533.jpeg,crack,front_bumper,medium,0.563707,0.945876,0.115830,0.097938
0533.jpeg,dent,left_door,low,0.218147,0.755155,0.119691,0.128866
0533.jpeg,crack,front_bumper,medium,0.409266,0.943299,0.177606,0.103093
0533.jpeg,dent,right_door,low,0.899614,0.840206,0.193050,0.175258
0533.jpeg,dent,windshield,low,0.542471,0.278351,0.150579,0.226804
0533.jpeg,dent,hood,low,0.675676,0.345361,0.108108,0.154639
0533.jpeg,broken_part,side_panel,medium,0.505792,0.533505,0.455598,0.262887
0533.jpeg,dent,side_panel,medium,0.370656,0.628866,0.200772,0.257732
0533.jpeg,dent,rear_bumper,low,0.581081,0.152062,0.096525,0.097938
0534.jpeg,crack,right_door,medium,0.866795,0.201031,0.258687,0.402062
0534.jpeg,crack,windshield,high,0.362934,0.224227,0.725869,0.448454
0534.jpeg,crack,right_door,high,0.698842,0.654639,0.594595,0.680412
0534.jpeg,crack,left_door,medium,0.254826,0.631443,0.231660,0.170103
0534.jpeg,dent,left_door,medium,0.096525,0.574742,0.193050,0.314433
0534.jpeg,dent,front_bumper,medium,0.133205,0.817010,0.266409,0.211340
0534.jpeg,dent,side_panel,medium,0.426641,0.376289,0.266409,0.381443
0534.jpeg,dent,right_door,low,0.918919,0.693299,0.154440,0.139175
0534.jpeg,dent,right_door,low,0.965251,0.760309,0.061776,0.077320
0535.jpeg,crack,front_bumper,medium,0.755932,0.824561,0.128814,0.315789
0536.jpeg,crack,front_bumper,medium,0.180000,0.937158,0.178182,0.114754
0536.jpeg,dent,roof,medium,0.512727,0.163934,0.290909,0.327869
0536.jpeg,dent,side_panel,low,0.592727,0.584699,0.240000,0.207650
0536.jpeg,dent,left_door,low,0.123636,0.418033,0.101818,0.158470
0536.jpeg,dent,left_door,low,0.134545,0.653005,0.269091,0.224044
0536.jpeg,dent,roof,low,0.190909,0.169399,0.149091,0.218579
0536.jpeg,dent,left_door,low,0.036364,0.379781,0.072727,0.114754
0536.jpeg,dent,right_door,low,0.807273,0.278689,0.283636,0.131148
0536.jpeg,dent,front_bumper,medium,0.300000,0.778689,0.214545,0.398907
0536.jpeg,dent,rear_bumper,low,0.269091,0.060109,0.087273,0.120219
0536.jpeg,dent,left_door,low,0.067273,0.803279,0.069091,0.109290
0539.jpeg,dent,front_bumper,low,0.220077,0.935567,0.115830,0.118557
0539.jpeg,dent,left_door,low,0.092664,0.791237,0.185328,0.252577
0540.jpeg,crack,front_bumper,low,0.772727,0.948087,0.170909,0.092896
0541.jpeg,crack,left_door,medium,0.059846,0.814433,0.119691,0.360825
0541.jpeg,dent,left_door,low,0.048263,0.329897,0.073359,0.092784
0543.jpeg,dent,roof,low,0.418182,0.166667,0.181818,0.169399
0544.jpeg,crack,left_door,low,0.105705,0.281065,0.057047,0.218935
0545.jpeg,dent,right_door,low,0.951737,0.693299,0.088803,0.097938
0546.jpeg,dent,front_bumper,medium,0.909266,0.884021,0.173745,0.221649
0546.jpeg,paint_damage,front_bumper,low,0.256757,0.832474,0.119691,0.097938
0546.jpeg,crack,front_bumper,low,0.415058,0.896907,0.150579,0.092784
0546.jpeg,dent,front_bumper,low,0.509653,0.912371,0.069498,0.103093
0547.jpeg,crack,front_bumper,low,0.107692,0.943299,0.215385,0.103093
0547.jpeg,crack,rear_bumper,medium,0.273077,0.082474,0.546154,0.164948
0547.jpeg,broken_part,front_bumper,medium,0.584615,0.878866,0.823077,0.231959
0549.jpeg,crack,left_door,medium,0.072491,0.188830,0.144981,0.377660
0550.jpeg,crack,left_door,medium,0.074349,0.172872,0.148699,0.345745
0550.jpeg,broken_part,left_door,high,0.124535,0.718085,0.249071,0.414894
0551.jpeg,crack,front_bumper,medium,0.060000,0.931548,0.120000,0.125000
0551.jpeg,crack,other_location,high,0.363333,0.497024,0.726667,0.994048
0551.jpeg,crack,right_door,high,0.835000,0.208333,0.323333,0.416667
0551.jpeg,crack,side_panel,high,0.666667,0.693452,0.660000,0.601190
0552.jpeg,crack,other_location,high,0.497778,0.366667,0.995556,0.724444
0552.jpeg,crack,right_door,medium,0.908889,0.800000,0.173333,0.080000
0552.jpeg,crack,front_bumper,high,0.497778,0.713333,0.995556,0.297778
0552.jpeg,crack,rear_bumper,medium,0.328889,0.104444,0.471111,0.208889
0552.jpeg,paint_damage,front_bumper,low,0.622222,0.868889,0.213333,0.093333
0552.jpeg,dent,right_door,low,0.857778,0.608889,0.106667,0.106667
0552.jpeg,crack,rear_bumper,medium,0.631111,0.122222,0.364444,0.093333
0556.jpeg,paint_damage,front_bumper,medium,0.913127,0.902062,0.166023,0.185567
0556.jpeg,crack,rear_bumper,medium,0.884170,0.103093,0.061776,0.082474
0556.jpeg,paint_damage,side_panel,low,0.689189,0.716495,0.104247,0.154639
0556.jpeg,dent,front_bumper,low,0.741313,0.768041,0.077220,0.103093
0556.jpeg,dent,left_door,medium,0.063707,0.554124,0.127413,0.139175
0557.jpeg,dent,front_bumper,low,0.353282,0.786082,0.057915,0.077320
0562.jpeg,crack,right_door,low,0.789575,0.365979,0.073359,0.113402
0562.jpeg,crack,left_door,medium,0.079151,0.538660,0.158301,0.149485
0562.jpeg,dent,front_bumper,low,0.525097,0.914948,0.100386,0.108247
0563.jpeg,crack,front_bumper,medium,0.806950,0.855670,0.138996,0.123711
0563.jpeg,paint_damage,front_bumper,low,0.667954,0.855670,0.169884,0.082474
0565.jpeg,crack,other_location,high,0.498069,0.353093,0.996139,0.706186
0565.jpeg,broken_part,front_bumper,low,0.650579,0.951031,0.220077,0.087629
0565.jpeg,crack,front_bumper,high,0.264479,0.747423,0.528958,0.494845
0565.jpeg,crack,front_bumper,medium,0.702703,0.832474,0.131274,0.077320
0565.jpeg,crack,side_panel,low,0.530888,0.618557,0.173745,0.103093
0566.jpeg,crack,other_location,high,0.656364,0.431694,0.680000,0.863388
0567.jpeg,dent,left_door,low,0.046332,0.152062,0.092664,0.211340
0567.jpeg,dent,rear_bumper,medium,0.194981,0.090206,0.250965,0.180412
0568.jpeg,dent,front_bumper,low,0.071429,0.917526,0.073359,0.154639
0568.jpeg,dent,left_door,low,0.036680,0.798969,0.065637,0.082474
0570.jpeg,crack,front_bumper,high,0.350000,0.883333,0.700000,0.222222
0572.jpeg,dent,rear_bumper,low,0.320000,0.059524,0.106667,0.119048
0572.jpeg,broken_part,right_door,medium,0.815000,0.663690,0.363333,0.660714
0572.jpeg,crack,left_door,low,0.071667,0.616071,0.143333,0.089286
0573.jpeg,dent,hood,low,0.580729,0.313688,0.192708,0.064639
0576.jpeg,crack,left_door,medium,0.079151,0.858974,0.158301,0.271795
0577.jpeg,dent,front_bumper,low,0.793436,0.951031,0.127413,0.087629
0577.jpeg,dent,front_bumper,low,0.667954,0.938144,0.108108,0.113402
0577.jpeg,broken_part,front_bumper,high,0.318533,0.775773,0.637066,0.438144
0577.jpeg,dent,left_door,low,0.044402,0.520619,0.088803,0.103093
0577.jpeg,dent,left_door,low,0.030888,0.412371,0.061776,0.103093
0577.jpeg,dent,front_bumper,low,0.517375,0.737113,0.069498,0.092784
0578.jpeg,crack,front_bumper,high,0.498069,0.889175,0.996139,0.211340
0579.jpeg,dent,rear_bumper,medium,0.852727,0.161202,0.287273,0.322404
0579.jpeg,crack,other_location,medium,0.498182,0.691257,0.996364,0.606557
0579.jpeg,crack,left_door,medium,0.141818,0.210383,0.196364,0.103825
0579.jpeg,dent,right_door,low,0.941818,0.576503,0.109091,0.114754
0582.jpeg,crack,left_door,medium,0.069498,0.474227,0.092664,0.144330
0582.jpeg,broken_part,left_door,medium,0.069498,0.631443,0.138996,0.108247
0583.jpeg,broken_part,left_door,medium,0.079151,0.829897,0.158301,0.329897
0583.jpeg,dent,left_door,low,0.059846,0.538660,0.088803,0.077320
0585.jpeg,broken_part,front_bumper,medium,0.735849,0.889474,0.452830,0.210526
0585.jpeg,dent,front_bumper,low,0.939623,0.913158,0.083019,0.163158
0585.jpeg,broken_part,front_bumper,medium,0.233962,0.786842,0.467925,0.415789
0586.jpeg,dent,side_panel,low,0.044014,0.951977,0.088028,0.084746
0586.jpeg,crack,other_location,high,0.536972,0.629944,0.919014,0.728814
0586.jpeg,crack,hood,high,0.607394,0.293785,0.778169,0.587571
0586.jpeg,paint_damage,left_door,medium,0.059859,0.144068,0.119718,0.163842
0586.jpeg,dent,windshield,medium,0.714789,0.290960,0.161972,0.152542
0586.jpeg,dent,roof,low,0.242958,0.177966,0.105634,0.129944
0587.jpeg,crack,right_door,medium,0.903846,0.262887,0.107692,0.195876
0588.jpeg,crack,front_bumper,medium,0.490000,0.910714,0.213333,0.166667
0589.jpeg,crack,front_bumper,low,0.617761,0.945876,0.077220,0.097938
0589.jpeg,crack,hood,medium,0.498069,0.280928,0.996139,0.561856
0589.jpeg,crack,other_location,medium,0.285714,0.507732,0.571429,0.974227
0589.jpeg,dent,right_door,medium,0.820463,0.744845,0.351351,0.500000
0589.jpeg,dent,right_door,medium,0.766409,0.585052,0.328185,0.273196
0589.jpeg,dent,side_panel,low,0.372587,0.641753,0.088803,0.097938
0589.jpeg,dent,front_bumper,low,0.536680,0.811856,0.138996,0.170103
0590.jpeg,crack,rear_bumper,medium,0.698529,0.064865,0.080882,0.129730
0592.jpeg,crack,front_bumper,medium,0.446488,0.755952,0.143813,0.130952
0593.jpeg,crack,left_door,high,0.169884,0.298969,0.339768,0.597938
0593.jpeg,crack,other_location,high,0.498069,0.337629,0.996139,0.675258
0593.jpeg,crack,front_bumper,medium,0.498069,0.791237,0.996139,0.407216
0593.jpeg,dent,front_bumper,low,0.712355,0.809278,0.235521,0.278351
0593.jpeg,broken_part,front_bumper,low,0.845560,0.868557,0.108108,0.118557
0593.jpeg,dent,left_door,medium,0.081081,0.610825,0.162162,0.159794
0593.jpeg,dent,side_panel,low,0.583012,0.682990,0.138996,0.139175
0593.jpeg,dent,front_bumper,low,0.496139,0.757732,0.104247,0.144330
0593.jpeg,dent,left_door,low,0.214286,0.257732,0.142857,0.164948
0593.jpeg,dent,front_bumper,low,0.461390,0.832474,0.212355,0.097938
0593.jpeg,dent,right_door,low,0.922780,0.726804,0.077220,0.113402
0595.jpeg,crack,rear_bumper,medium,0.092664,0.085052,0.185328,0.170103
0595.jpeg,dent,front_bumper,medium,0.938224,0.896907,0.115830,0.195876
0595.jpeg,paint_damage,right_door,medium,0.949807,0.201031,0.092664,0.092784
0595.jpeg,dent,side_panel,low,0.048263,0.938144,0.096525,0.113402
0598.jpeg,dent,front_bumper,medium,0.500000,0.744845,0.266409,0.231959
0599.jpeg,paint_damage,rear_bumper,medium,0.090301,0.116071,0.180602,0.232143
0599.jpeg,crack,front_bumper,medium,0.416388,0.898810,0.672241,0.190476
0599.jpeg,dent,right_door,low,0.903010,0.845238,0.053512,0.130952
0599.jpeg,dent,side_panel,low,0.968227,0.086310,0.050167,0.125000
0599.jpeg,dent,right_door,low,0.939799,0.532738,0.053512,0.101190
0599.jpeg,dent,left_door,low,0.090301,0.354167,0.180602,0.148810
0602.jpeg,dent,front_bumper,low,0.240964,0.955446,0.080321,0.079208
0604.jpeg,crack,side_panel,medium,0.509653,0.559278,0.223938,0.221649
0604.jpeg,dent,side_panel,low,0.347490,0.425258,0.084942,0.087629
0605.jpeg,crack,front_bumper,medium,0.786496,0.888587,0.419708,0.211957
0605.jpeg,crack,other_location,medium,0.498175,0.361413,0.996350,0.722826
0606.jpeg,crack,roof,medium,0.721818,0.122951,0.112727,0.245902
0606.jpeg,crack,right_door,low,0.920000,0.308743,0.152727,0.081967
0606.jpeg,dent,side_panel,low,0.952727,0.057377,0.087273,0.092896
0608.jpeg,dent,side_panel,low,0.946281,0.951923,0.090909,0.086538
0608.jpeg,paint_damage,right_door,low,0.952479,0.574519,0.086777,0.081731
0609.jpeg,crack,rear_bumper,medium,0.156371,0.154639,0.312741,0.309278
0609.jpeg,crack,right_door,medium,0.947876,0.847938,0.096525,0.170103
0609.jpeg,crack,left_door,medium,0.055985,0.118557,0.111969,0.237113
0610.jpeg,dent,left_door,medium,0.168896,0.711310,0.337793,0.565476
0610.jpeg,dent,left_door,low,0.120401,0.413690,0.220736,0.196429
0610.jpeg,dent,side_panel,low,0.347826,0.458333,0.093645,0.107143
0610.jpeg,dent,hood,low,0.546823,0.324405,0.056856,0.113095
0610.jpeg,dent,side_panel,low,0.484950,0.404762,0.073579,0.119048
0610.jpeg,dent,left_door,low,0.279264,0.461310,0.070234,0.101190
0611.jpeg,dent,front_bumper,low,0.725869,0.956186,0.077220,0.077320
0611.jpeg,crack,left_door,low,0.138996,0.742268,0.185328,0.113402
0612.jpeg,paint_damage,front_bumper,medium,0.884170,0.945876,0.223938,0.097938
0614.jpeg,paint_damage,front_bumper,low,0.255556,0.937778,0.084444,0.115556
0614.jpeg,dent,front_bumper,low,0.286667,0.775556,0.102222,0.093333
0615.jpeg,dent,front_bumper,low,0.083929,0.883333,0.082143,0.133333
0615.jpeg,paint_damage,front_bumper,medium,0.421429,0.744444,0.071429,0.144444
0616.jpeg,dent,left_door,low,0.124542,0.527174,0.058608,0.086957
0617.jpeg,crack,front_bumper,high,0.498182,0.765027,0.996364,0.459016
0617.jpeg,paint_damage,front_bumper,medium,0.674545,0.762295,0.367273,0.344262
0617.jpeg,dent,left_door,medium,0.127273,0.226776,0.254545,0.245902
0617.jpeg,crack,front_bumper,high,0.263636,0.808743,0.527273,0.262295
0617.jpeg,dent,right_door,low,0.841818,0.478142,0.069091,0.092896
0619.jpeg,dent,front_bumper,low,0.383895,0.944444,0.138577,0.100529
0619.jpeg,dent,front_bumper,medium,0.749064,0.915344,0.164794,0.158730
0619.jpeg,dent,left_door,low,0.078652,0.857143,0.142322,0.116402
0621.jpeg,dent,front_bumper,low,0.180212,0.853933,0.162544,0.213483
0621.jpeg,dent,left_door,low,0.047703,0.778090,0.095406,0.095506
0623.jpeg,dent,front_bumper,low,0.849421,0.956186,0.084942,0.077320
0623.jpeg,dent,rear_bumper,medium,0.498069,0.077320,0.996139,0.154639
0623.jpeg,dent,front_bumper,low,0.673745,0.922680,0.096525,0.144330
0624.jpeg,crack,rear_bumper,high,0.497778,0.111111,0.995556,0.222222
0625.jpeg,crack,front_bumper,high,0.436255,0.860697,0.872510,0.268657
0625.jpeg,crack,front_bumper,medium,0.679283,0.803483,0.418327,0.243781
0625.jpeg,broken_part,right_door,high,0.758964,0.323383,0.370518,0.407960
0625.jpeg,dent,roof,low,0.539841,0.176617,0.187251,0.134328
0625.jpeg,dent,side_panel,medium,0.444223,0.567164,0.282869,0.298507
0625.jpeg,dent,left_door,low,0.181275,0.437811,0.099602,0.149254
0625.jpeg,dent,left_door,low,0.087649,0.676617,0.119522,0.119403
0625.jpeg,dent,left_door,low,0.183267,0.703980,0.087649,0.124378
0626.jpeg,dent,right_door,low,0.955598,0.737113,0.081081,0.082474
0626.jpeg,dent,left_door,low,0.135135,0.750000,0.185328,0.149485
0629.jpeg,dent,front_bumper,medium,0.916988,0.909794,0.158301,0.170103
0629.jpeg,crack,front_bumper,medium,0.472973,0.907216,0.096525,0.113402
0629.jpeg,dent,right_door,medium,0.940154,0.750000,0.111969,0.201031
0629.jpeg,broken_part,right_door,low,0.878378,0.768041,0.096525,0.082474
0630.jpeg,crack,hood,high,0.498069,0.283505,0.996139,0.567010
0630.jpeg,crack,side_panel,high,0.436293,0.600515,0.872587,0.592784
0630.jpeg,dent,right_door,low,0.837838,0.445876,0.108108,0.262887
0630.jpeg,crack,right_door,low,0.924710,0.500000,0.142857,0.082474
0630.jpeg,dent,right_door,low,0.895753,0.721649,0.077220,0.123711
0631.jpeg,paint_damage,front_bumper,medium,0.117100,0.954545,0.211896,0.080214
0631.jpeg,crack,right_door,medium,0.960967,0.411765,0.070632,0.128342
0631.jpeg,paint_damage,left_door,low,0.085502,0.879679,0.141264,0.080214
0631.jpeg,dent,front_bumper,low,0.815985,0.906417,0.107807,0.080214
0634.jpeg,dent,rear_bumper,medium,0.065637,0.100515,0.084942,0.201031
0634.jpeg,dent,front_bumper,low,0.125483,0.932990,0.104247,0.123711
0634.jpeg,dent,side_panel,low,0.621622,0.543814,0.069498,0.097938
0634.jpeg,dent,side_panel,low,0.509653,0.422680,0.069498,0.082474
0636.jpeg,crack,front_bumper,high,0.664444,0.757778,0.662222,0.333333
0636.jpeg,crack,left_door,high,0.111111,0.668889,0.222222,0.457778
0636.jpeg,paint_damage,other_location,high,0.497778,0.442222,0.995556,0.733333
0636.jpeg,paint_damage,roof,high,0.331111,0.168889,0.662222,0.337778
0636.jpeg,paint_damage,front_bumper,low,0.324444,0.802222,0.124444,0.066667
0636.jpeg,crack,front_bumper,medium,0.691111,0.886667,0.608889,0.146667
0637.jpeg,dent,front_bumper,medium,0.205000,0.869048,0.403333,0.250000
0637.jpeg,dent,left_door,low,0.033333,0.720238,0.066667,0.130952
0638.jpeg,crack,hood,high,0.498069,0.322165,0.996139,0.644330
0638.jpeg,crack,front_bumper,medium,0.805019,0.881443,0.382239,0.226804
0638.jpeg,crack,front_bumper,medium,0.335907,0.706186,0.671815,0.577320
0638.jpeg,paint_damage,front_bumper,low,0.617761,0.798969,0.084942,0.082474
0638.jpeg,dent,side_panel,low,0.480695,0.646907,0.142857,0.118557
0639.jpeg,crack,front_bumper,low,0.167273,0.937158,0.152727,0.114754
0639.jpeg,dent,front_bumper,low,0.478182,0.928962,0.098182,0.131148
0639.jpeg,broken_part,left_door,medium,0.225455,0.724044,0.283636,0.475410
0639.jpeg,dent,front_bumper,medium,0.563636,0.814208,0.363636,0.262295
0640.jpeg,crack,front_bumper,high,0.593333,0.822222,0.804444,0.346667
0640.jpeg,crack,roof,medium,0.497778,0.215556,0.995556,0.075556
0640.jpeg,dent,hood,medium,0.562222,0.397778,0.866667,0.146667
0641.jpeg,dent,left_door,low,0.284615,0.713918,0.138462,0.170103
0645.jpeg,broken_part,rear_bumper,medium,0.102317,0.134021,0.204633,0.226804
0646.jpeg,crack,other_location,high,0.281853,0.497423,0.563707,0.994845
0646.jpeg,paint_damage,hood,high,0.658301,0.342784,0.498069,0.685567
0646.jpeg,dent,right_door,medium,0.872587,0.515464,0.247104,0.247423
0646.jpeg,dent,front_bumper,medium,0.640927,0.726804,0.332046,0.536082
0648.jpeg,broken_part,front_bumper,medium,0.886646,0.945513,0.220497,0.096154
0649.jpeg,crack,hood,medium,0.362928,0.347134,0.345794,0.261146
0651.jpeg,crack,side_panel,medium,0.036680,0.951031,0.073359,0.087629
0651.jpeg,crack,front_bumper,medium,0.090734,0.858247,0.181467,0.201031
0652.jpeg,crack,rear_bumper,medium,0.069498,0.038660,0.108108,0.077320
0652.jpeg,broken_part,rear_bumper,medium,0.449807,0.061856,0.088803,0.123711
0652.jpeg,broken_part,front_bumper,medium,0.102317,0.899485,0.204633,0.190722
0652.jpeg,broken_part,side_panel,medium,0.395753,0.701031,0.235521,0.443299
0652.jpeg,dent,rear_bumper,medium,0.196911,0.097938,0.138996,0.103093
0652.jpeg,crack,right_door,medium,0.965251,0.149485,0.061776,0.216495
0653.jpeg,dent,front_bumper,low,0.830116,0.917526,0.154440,0.154639
0653.jpeg,paint_damage,right_door,medium,0.955598,0.896907,0.081081,0.195876
0653.jpeg,broken_part,left_door,medium,0.054054,0.548969,0.108108,0.118557
0653.jpeg,paint_damage,left_door,medium,0.077220,0.365979,0.154440,0.298969
0653.jpeg,dent,right_door,low,0.913127,0.154639,0.119691,0.113402
0653.jpeg,dent,left_door,low,0.264479,0.507732,0.073359,0.077320
0654.jpeg,dent,side_panel,low,0.393822,0.533505,0.084942,0.128866
0654.jpeg,crack,side_panel,low,0.310811,0.701031,0.081081,0.082474
0654.jpeg,dent,side_panel,low,0.677606,0.701031,0.142857,0.103093
0655.jpeg,dent,front_bumper,medium,0.185328,0.932990,0.123552,0.123711
0655.jpeg,crack,front_bumper,high,0.530888,0.742268,0.467181,0.505155
0655.jpeg,crack,left_door,medium,0.038610,0.244845,0.077220,0.149485
0655.jpeg,dent,left_door,low,0.222008,0.298969,0.096525,0.103093
0656.jpeg,dent,rear_bumper,medium,0.892606,0.115169,0.207746,0.174157
0657.jpeg,crack,left_door,medium,0.036364,0.153005,0.072727,0.109290
0659.jpeg,broken_part,side_panel,medium,0.956186,0.065385,0.077320,0.084615
0659.jpeg,broken_part,front_bumper,medium,0.056701,0.932692,0.113402,0.126923
0659.jpeg,crack,hood,medium,0.497423,0.280769,0.994845,0.561538
0659.jpeg,crack,other_location,high,0.497423,0.688462,0.994845,0.569231
0659.jpeg,crack,side_panel,medium,0.394330,0.669231,0.170103,0.138462
0659.jpeg,dent,right_door,medium,0.765464,0.615385,0.242268,0.161538
0659.jpeg,crack,right_door,low,0.945876,0.913462,0.097938,0.088462
0660.jpeg,crack,hood,high,0.498077,0.255155,0.996154,0.510309
0660.jpeg,crack,front_bumper,high,0.503846,0.726804,0.984615,0.536082
0660.jpeg,dent,left_door,low,0.063462,0.752577,0.073077,0.144330
0660.jpeg,dent,left_door,low,0.057692,0.337629,0.084615,0.077320
0661.jpeg,dent,front_bumper,medium,0.853282,0.886598,0.285714,0.216495
0661.jpeg,dent,front_bumper,low,0.777992,0.858247,0.119691,0.159794
0661.jpeg,dent,right_door,low,0.955598,0.876289,0.081081,0.113402
0662.jpeg,dent,right_door,low,0.947876,0.680412,0.096525,0.123711
0663.jpeg,crack,front_bumper,low,0.503484,0.920000,0.261324,0.148571
0664.jpeg,dent,front_bumper,low,0.358333,0.919643,0.110000,0.101190
0665.jpeg,broken_part,front_bumper,medium,0.828185,0.917526,0.305019,0.154639
0665.jpeg,dent,front_bumper,low,0.249035,0.871134,0.181467,0.247423
0665.jpeg,crack,rear_bumper,medium,0.729730,0.134021,0.154440,0.082474
0665.jpeg,dent,front_bumper,medium,0.438224,0.773196,0.235521,0.350515
0665.jpeg,dent,left_door,low,0.117761,0.716495,0.166023,0.195876
0665.jpeg,dent,right_door,low,0.959459,0.239691,0.073359,0.479381
0666.jpeg,broken_part,rear_bumper,medium,0.868726,0.087629,0.254826,0.175258
0666.jpeg,paint_damage,left_door,high,0.158301,0.412371,0.316602,0.309278
0666.jpeg,crack,right_door,medium,0.822394,0.226804,0.347490,0.144330
0667.jpeg,crack,rear_bumper,medium,0.127273,0.049180,0.094545,0.098361
0667.jpeg,dent,side_panel,medium,0.447273,0.710383,0.101818,0.251366
0667.jpeg,crack,side_panel,low,0.669091,0.513661,0.058182,0.185792
0667.jpeg,dent,front_bumper,medium,0.145455,0.890710,0.181818,0.207650
0668.jpeg,crack,rear_bumper,medium,0.900000,0.051913,0.192727,0.103825
0668.jpeg,broken_part,front_bumper,high,0.498182,0.920765,0.996364,0.147541
0668.jpeg,crack,other_location,high,0.498182,0.653005,0.996364,0.639344
0668.jpeg,broken_part,roof,medium,0.536364,0.128415,0.483636,0.256831
0668.jpeg,paint_damage,front_bumper,medium,0.100000,0.874317,0.076364,0.120219
0670.jpeg,dent,right_door,low,0.949091,0.877049,0.094545,0.234973
0670.jpeg,dent,left_door,low,0.034545,0.516393,0.069091,0.081967
0672.jpeg,dent,front_bumper,low,0.498361,0.748485,0.072131,0.151515
0673.jpeg,dent,front_bumper,low,0.286232,0.865385,0.072464,0.093407
0676.jpeg,crack,front_bumper,medium,0.501908,0.877604,0.438931,0.234375
0676.jpeg,dent,side_panel,low,0.041985,0.942708,0.083969,0.104167
0676.jpeg,paint_damage,front_bumper,low,0.257634,0.940104,0.171756,0.109375
0676.jpeg,dent,front_bumper,low,0.454198,0.955729,0.083969,0.078125
0677.jpeg,dent,left_door,low,0.200730,0.779891,0.072993,0.092391
0678.jpeg,crack,front_bumper,medium,0.185328,0.945876,0.108108,0.097938
0679.jpeg,crack,rear_bumper,medium,0.814672,0.072165,0.154440,0.144330
0679.jpeg,dent,front_bumper,low,0.660232,0.896907,0.077220,0.123711
0679.jpeg,dent,left_door,low,0.239382,0.664948,0.100386,0.154639
0681.jpeg,dent,hood,low,0.358182,0.336066,0.105455,0.114754
0682.jpeg,crack,left_door,low,0.028958,0.154639,0.057915,0.278351
0684.jpeg,dent,right_door,low,0.961390,0.265464,0.069498,0.139175
0685.jpeg,dent,front_bumper,low,0.497423,0.731660,0.139175,0.104247
0686.jpeg,crack,front_bumper,medium,0.667308,0.760309,0.180769,0.324742
0686.jpeg,dent,right_door,low,0.721154,0.564433,0.096154,0.097938
0686.jpeg,dent,right_door,low,0.925000,0.682990,0.111538,0.097938
0687.jpeg,crack,front_bumper,medium,0.891892,0.945876,0.208494,0.097938
0687.jpeg,dent,left_door,low,0.154440,0.693299,0.308880,0.211340
0688.jpeg,crack,front_bumper,medium,0.410473,0.923529,0.226351,0.141176
0688.jpeg,dent,front_bumper,low,0.167230,0.926471,0.219595,0.135294
0689.jpeg,crack,other_location,high,0.498069,0.365979,0.996139,0.731959
0689.jpeg,dent,front_bumper,low,0.880309,0.878866,0.231660,0.231959
0689.jpeg,dent,side_panel,low,0.598456,0.590206,0.162162,0.149485
0689.jpeg,dent,front_bumper,low,0.428571,0.894330,0.285714,0.201031
0689.jpeg,dent,front_bumper,low,0.675676,0.878866,0.231660,0.231959
0689.jpeg,dent,front_bumper,medium,0.129344,0.847938,0.258687,0.293814
0689.jpeg,dent,right_door,low,0.747104,0.543814,0.088803,0.118557
0689.jpeg,dent,right_door,low,0.965251,0.567010,0.061776,0.113402
0689.jpeg,dent,front_bumper,low,0.513514,0.832474,0.092664,0.139175
0690.jpeg,dent,right_door,low,0.868726,0.677835,0.254826,0.180412
0692.jpeg,dent,rear_bumper,low,0.071429,0.061856,0.142857,0.123711
0692.jpeg,dent,front_bumper,medium,0.750965,0.878866,0.490347,0.231959
0692.jpeg,dent,right_door,low,0.895753,0.703608,0.092664,0.108247
0692.jpeg,crack,left_door,low,0.030888,0.445876,0.061776,0.097938
0692.jpeg,dent,right_door,low,0.835907,0.752577,0.065637,0.082474
0692.jpeg,crack,left_door,low,0.110039,0.829897,0.220077,0.082474
0693.jpeg,paint_damage,right_door,medium,0.955598,0.252577,0.081081,0.164948
0693.jpeg,broken_part,rear_bumper,medium,0.855212,0.092784,0.281853,0.185567
0693.jpeg,crack,rear_bumper,medium,0.611969,0.048969,0.081081,0.097938
0693.jpeg,dent,side_panel,medium,0.496139,0.672680,0.474903,0.427835
0693.jpeg,crack,left_door,medium,0.048263,0.742268,0.096525,0.123711
0693.jpeg,dent,left_door,low,0.196911,0.507732,0.146718,0.097938
0693.jpeg,dent,front_bumper,low,0.600386,0.768041,0.057915,0.082474
0693.jpeg,dent,right_door,low,0.967181,0.865979,0.057915,0.103093
0694.jpeg,crack,rear_bumper,medium,0.138182,0.043716,0.276364,0.087432
0694.jpeg,dent,left_door,medium,0.150909,0.213115,0.301818,0.360656
0694.jpeg,crack,left_door,medium,0.078182,0.680328,0.156364,0.442623
0694.jpeg,dent,left_door,medium,0.161818,0.439891,0.185455,0.180328
0696.jpeg,crack,front_bumper,medium,0.498016,0.952500,0.488095,0.085000
0699.jpeg,crack,right_door,medium,0.743243,0.713918,0.505792,0.314433
0699.jpeg,dent,front_bumper,low,0.140927,0.876289,0.220077,0.154639
0699.jpeg,crack,front_bumper,medium,0.370656,0.762887,0.308880,0.175258
0700.jpeg,crack,hood,high,0.498069,0.280928,0.996139,0.561856
0700.jpeg,crack,right_door,medium,0.918919,0.185567,0.154440,0.371134
0700.jpeg,dent,side_panel,medium,0.463320,0.510309,0.424710,0.577320
0700.jpeg,dent,right_door,low,0.696911,0.631443,0.158301,0.242268
0700.jpeg,crack,front_bumper,high,0.498069,0.765464,0.996139,0.180412
0703.jpeg,crack,left_door,medium,0.073333,0.788690,0.146667,0.410714
0703.jpeg,dent,roof,medium,0.633333,0.116071,0.313333,0.232143
0703.jpeg,dent,front_bumper,low,0.853333,0.901786,0.286667,0.148810
0703.jpeg,dent,right_door,low,0.905000,0.172619,0.123333,0.297619
0703.jpeg,dent,roof,low,0.781667,0.127976,0.123333,0.220238
0705.jpeg,crack,right_door,medium,0.918919,0.389175,0.154440,0.407216
0705.jpeg,dent,right_door,low,0.783784,0.384021,0.108108,0.097938
0707.jpeg,broken_part,front_bumper,medium,0.167954,0.868557,0.335907,0.252577
0707.jpeg,dent,right_door,low,0.932432,0.806701,0.127413,0.108247
0709.jpeg,crack,right_door,medium,0.891892,0.193299,0.208494,0.386598
0709.jpeg,paint_damage,left_door,medium,0.104247,0.164948,0.208494,0.329897
0709.jpeg,broken_part,side_panel,high,0.312741,0.631443,0.625483,0.726804
0709.jpeg,crack,rear_bumper,medium,0.729730,0.082474,0.092664,0.164948
0709.jpeg,dent,front_bumper,medium,0.857143,0.847938,0.277992,0.293814
0709.jpeg,dent,side_panel,medium,0.660232,0.567010,0.486486,0.711340
0709.jpeg,dent,roof,low,0.229730,0.203608,0.088803,0.097938
0709.jpeg,dent,roof,low,0.386100,0.162371,0.123552,0.170103
0709.jpeg,dent,side_panel,low,0.457529,0.536082,0.096525,0.113402
0710.jpeg,dent,right_door,low,0.862876,0.547619,0.107023,0.166667
0711.jpeg,paint_damage,right_door,medium,0.893116,0.751366,0.206522,0.366120
0711.jpeg,crack,right_door,low,0.768116,0.639344,0.086957,0.185792
0711.jpeg,crack,right_door,medium,0.894928,0.336066,0.202899,0.606557
0711.jpeg,paint_damage,front_bumper,low,0.585145,0.844262,0.235507,0.169399
0711.jpeg,crack,front_bumper,medium,0.498188,0.857923,0.996377,0.273224
0711.jpeg,crack,side_panel,low,0.326087,0.704918,0.108696,0.109290
0711.jpeg,dent,front_bumper,low,0.699275,0.770492,0.108696,0.109290
0711.jpeg,dent,right_door,low,0.943841,0.918033,0.105072,0.098361
0712.jpeg,crack,rear_bumper,medium,0.932432,0.079897,0.127413,0.159794
0712.jpeg,dent,front_bumper,medium,0.353282,0.904639,0.258687,0.180412
0712.jpeg,broken_part,front_bumper,medium,0.602317,0.948454,0.293436,0.092784
0712.jpeg,broken_part,left_door,medium,0.096525,0.618557,0.193050,0.381443
0713.jpeg,crack,front_bumper,medium,0.276364,0.786885,0.247273,0.415301
0713.jpeg,crack,left_door,medium,0.145455,0.792350,0.290909,0.404372
0713.jpeg,crack,right_door,medium,0.909091,0.327869,0.174545,0.655738
0713.jpeg,crack,left_door,medium,0.267273,0.581967,0.069091,0.092896
0713.jpeg,crack,left_door,medium,0.045455,0.297814,0.090909,0.234973
0715.jpeg,dent,front_bumper,medium,0.158301,0.863402,0.316602,0.262887
0716.jpeg,crack,left_door,medium,0.193333,0.577381,0.386667,0.380952
0719.jpeg,paint_damage,right_door,medium,0.934426,0.670909,0.120219,0.120000
0719.jpeg,crack,hood,medium,0.497268,0.316364,0.994536,0.254545
0719.jpeg,crack,rear_bumper,medium,0.497268,0.081818,0.994536,0.163636
0719.jpeg,paint_damage,front_bumper,medium,0.896175,0.934545,0.196721,0.123636
0719.jpeg,paint_damage,front_bumper,high,0.333333,0.830909,0.666667,0.330909
0719.jpeg,dent,windshield,medium,0.366120,0.234545,0.131148,0.098182
0720.jpeg,crack,right_door,high,0.743494,0.603723,0.237918,0.345745
0720.jpeg,dent,right_door,low,0.914498,0.813830,0.163569,0.255319
0720.jpeg,paint_damage,front_bumper,medium,0.624535,0.797872,0.118959,0.244681
0720.jpeg,dent,rear_bumper,low,0.174721,0.164894,0.089219,0.106383
0721.jpeg,crack,front_bumper,high,0.565385,0.871134,0.376923,0.247423
0721.jpeg,dent,front_bumper,low,0.825000,0.938144,0.073077,0.113402
0721.jpeg,crack,right_door,medium,0.940385,0.798969,0.111538,0.391753
0721.jpeg,dent,left_door,low,0.303846,0.384021,0.084615,0.097938
0722.jpeg,crack,rear_bumper,medium,0.138996,0.072165,0.169884,0.144330
0722.jpeg,dent,front_bumper,medium,0.326255,0.878866,0.220077,0.231959
0722.jpeg,crack,right_door,medium,0.911197,0.322165,0.169884,0.644330
0722.jpeg,dent,right_door,low,0.832046,0.664948,0.104247,0.175258
0722.jpeg,dent,left_door,low,0.075290,0.523196,0.088803,0.108247
0722.jpeg,dent,front_bumper,low,0.544402,0.796392,0.077220,0.097938
0723.jpeg,crack,front_bumper,medium,0.648699,0.922872,0.695167,0.143617
0725.jpeg,dent,front_bumper,low,0.198182,0.945355,0.098182,0.098361
0726.jpeg,dent,side_panel,low,0.052124,0.948454,0.104247,0.092784
0726.jpeg,crack,right_door,medium,0.772201,0.765464,0.223938,0.180412
0726.jpeg,crack,right_door,low,0.918919,0.762887,0.154440,0.103093
0727.jpeg,dent,front_bumper,medium,0.897683,0.889175,0.196911,0.211340
0727.jpeg,crack,front_bumper,medium,0.542471,0.778351,0.127413,0.288660
0727.jpeg,crack,front_bumper,low,0.125483,0.943299,0.166023,0.103093
0727.jpeg,crack,front_bumper,medium,0.621622,0.912371,0.185328,0.164948
0727.jpeg,dent,front_bumper,medium,0.806950,0.832474,0.254826,0.324742
0728.jpeg,dent,right_door,low,0.949807,0.180412,0.092664,0.092784
0729.jpeg,crack,rear_bumper,medium,0.100352,0.070621,0.200704,0.141243
0730.jpeg,dent,left_door,medium,0.109665,0.324468,0.092937,0.095745
0730.jpeg,broken_part,rear_bumper,medium,0.360595,0.098404,0.074349,0.090426
0730.jpeg,broken_part,left_door,medium,0.098513,0.148936,0.063197,0.085106
0730.jpeg,dent,rear_bumper,low,0.275093,0.154255,0.074349,0.095745
0730.jpeg,broken_part,rear_bumper,medium,0.184015,0.095745,0.063197,0.085106
0730.jpeg,dent,right_door,medium,0.888476,0.367021,0.215613,0.255319
0731.jpeg,crack,left_door,medium,0.051136,0.463351,0.102273,0.078534
0732.jpeg,crack,rear_bumper,medium,0.878182,0.051913,0.105455,0.103825
0735.jpeg,dent,side_panel,low,0.550388,0.382051,0.077519,0.097436
0737.jpeg,crack,rear_bumper,medium,0.914545,0.057377,0.163636,0.114754
0738.jpeg,broken_part,front_bumper,medium,0.512727,0.904372,0.247273,0.180328
0739.jpeg,dent,left_door,medium,0.172680,0.577220,0.345361,0.189189
0739.jpeg,dent,left_door,low,0.095361,0.660232,0.159794,0.084942
0739.jpeg,dent,front_bumper,low,0.224227,0.886100,0.149485,0.220077
0739.jpeg,dent,left_door,low,0.229381,0.754826,0.108247,0.111969
0739.jpeg,dent,left_door,low,0.056701,0.859073,0.113402,0.274131
0742.jpeg,dent,left_door,low,0.048263,0.623711,0.073359,0.103093
0743.jpeg,dent,left_door,medium,0.119691,0.791237,0.231660,0.335052
0744.jpeg,crack,left_door,medium,0.055556,0.804813,0.111111,0.379679
0746.jpeg,dent,roof,low,0.505455,0.125683,0.116364,0.120219
0746.jpeg,dent,left_door,medium,0.141818,0.366120,0.196364,0.240437
0746.jpeg,dent,left_door,low,0.252727,0.655738,0.090909,0.153005
0746.jpeg,dent,right_door,low,0.801818,0.489071,0.120000,0.169399
0747.jpeg,crack,other_location,high,0.678182,0.497268,0.636364,0.994536
0747.jpeg,dent,front_bumper,low,0.416364,0.808743,0.120000,0.120219
0747.jpeg,crack,roof,medium,0.550909,0.158470,0.200000,0.218579
0748.jpeg,dent,left_door,low,0.036680,0.270619,0.073359,0.108247
0749.jpeg,broken_part,rear_bumper,medium,0.196911,0.100515,0.393822,0.201031
0749.jpeg,dent,rear_bumper,low,0.440154,0.113402,0.115830,0.113402
0751.jpeg,broken_part,right_door,medium,0.953668,0.554124,0.084942,0.087629
0752.jpeg,paint_damage,rear_bumper,medium,0.114894,0.153488,0.229787,0.306977
0752.jpeg,crack,roof,medium,0.553191,0.111628,0.204255,0.223256
0752.jpeg,paint_damage,windshield,medium,0.285106,0.262791,0.110638,0.116279
0755.jpeg,crack,front_bumper,medium,0.102317,0.945876,0.204633,0.097938
0755.jpeg,crack,front_bumper,medium,0.345560,0.747423,0.150579,0.185567
0755.jpeg,crack,left_door,medium,0.225869,0.706186,0.158301,0.144330
0756.jpeg,dent,right_door,low,0.920849,0.698454,0.096525,0.077320
0759.jpeg,dent,right_door,low,0.965251,0.672680,0.061776,0.097938
0760.jpeg,crack,front_bumper,medium,0.872587,0.909794,0.115830,0.170103
0761.jpeg,crack,right_door,medium,0.936293,0.420103,0.088803,0.097938
0761.jpeg,dent,rear_bumper,low,0.092664,0.103093,0.138996,0.134021
0761.jpeg,dent,left_door,low,0.088803,0.231959,0.177606,0.195876
0761.jpeg,dent,front_bumper,low,0.222008,0.840206,0.142857,0.195876
0761.jpeg,dent,front_bumper,low,0.125483,0.907216,0.057915,0.123711
0763.jpeg,crack,front_bumper,medium,0.513333,0.900000,0.386667,0.191111
0763.jpeg,crack,other_location,high,0.573333,0.664444,0.844444,0.662222
0763.jpeg,dent,left_door,low,0.073333,0.708889,0.146667,0.084444
0763.jpeg,dent,right_door,low,0.733333,0.435556,0.115556,0.124444
0763.jpeg,dent,side_panel,low,0.624444,0.542222,0.075556,0.080000
0764.jpeg,crack,front_bumper,medium,0.262681,0.937158,0.148551,0.103825
0764.jpeg,dent,right_door,low,0.862319,0.584699,0.086957,0.185792
0766.jpeg,dent,left_door,medium,0.082278,0.603774,0.094937,0.251572
0767.jpeg,paint_damage,side_panel,medium,0.054545,0.948087,0.109091,0.092896
0767.jpeg,dent,front_bumper,low,0.936364,0.898907,0.120000,0.191257
0768.jpeg,crack,rear_bumper,medium,0.548729,0.067757,0.105932,0.135514
0768.jpeg,crack,roof,high,0.233051,0.123832,0.466102,0.247664
0768.jpeg,broken_part,rear_bumper,medium,0.872881,0.042056,0.110169,0.084112
0768.jpeg,crack,right_door,medium,0.887712,0.313084,0.114407,0.149533
0768.jpeg,crack,right_door,medium,0.949153,0.257009,0.093220,0.084112
0768.jpeg,crack,side_panel,medium,0.644068,0.595794,0.601695,0.406542
0769.jpeg,crack,front_bumper,medium,0.083607,0.936364,0.167213,0.115152
0770.jpeg,crack,front_bumper,medium,0.563707,0.853093,0.254826,0.283505
0770.jpeg,crack,front_bumper,medium,0.857143,0.945876,0.262548,0.097938
0770.jpeg,dent,front_bumper,low,0.351351,0.817010,0.108108,0.108247
0770.jpeg,crack,right_door,low,0.951737,0.837629,0.088803,0.262887
0771.jpeg,dent,left_door,low,0.048736,0.310440,0.097473,0.115385
0771.jpeg,dent,front_bumper,low,0.225632,0.923077,0.090253,0.131868
0772.jpeg,dent,front_bumper,low,0.845361,0.864865,0.298969,0.131274
0773.jpeg,crack,left_door,medium,0.052727,0.786885,0.105455,0.415301
0773.jpeg,dent,left_door,low,0.087273,0.224044,0.116364,0.142077
0773.jpeg,dent,windshield,low,0.207273,0.207650,0.094545,0.131148
0775.jpeg,broken_part,front_bumper,medium,0.498069,0.902062,0.996139,0.185567
0775.jpeg,crack,side_panel,medium,0.366795,0.492268,0.092664,0.149485
0775.jpeg,crack,side_panel,high,0.405405,0.559278,0.424710,0.561856
0775.jpeg,dent,front_bumper,low,0.220077,0.814433,0.154440,0.144330
0775.jpeg,dent,right_door,medium,0.932432,0.726804,0.127413,0.206186
0776.jpeg,broken_part,front_bumper,high,0.781853,0.845361,0.382239,0.298969
0777.jpeg,crack,side_panel,medium,0.626459,0.423469,0.295720,0.193878
0777.jpeg,crack,right_door,medium,0.929961,0.561224,0.132296,0.377551
0778.jpeg,dent,front_bumper,low,0.123333,0.949405,0.080000,0.089286
0780.jpeg,dent,side_panel,low,0.049815,0.930108,0.099631,0.086022
0780.jpeg,crack,right_door,low,0.955720,0.806452,0.081181,0.236559
0782.jpeg,paint_damage,left_door,medium,0.083333,0.767857,0.166667,0.285714
0782.jpeg,broken_part,left_door,medium,0.041667,0.526786,0.083333,0.125000
0783.jpeg,crack,front_bumper,medium,0.215385,0.788660,0.430769,0.216495
0784.jpeg,paint_damage,right_door,medium,0.876289,0.301158,0.237113,0.247104
0784.jpeg,dent,rear_bumper,low,0.340206,0.086873,0.123711,0.057915
0784.jpeg,dent,right_door,low,0.824742,0.374517,0.206186,0.154440
0786.jpeg,crack,left_door,high,0.146667,0.544643,0.293333,0.898810
0786.jpeg,dent,right_door,medium,0.808333,0.505952,0.130000,0.261905
0787.jpeg,dent,front_bumper,low,0.698842,0.917526,0.193050,0.154639
0787.jpeg,dent,front_bumper,low,0.229730,0.945876,0.413127,0.097938
0788.jpeg,crack,right_door,high,0.808880,0.304124,0.374517,0.443299
0788.jpeg,paint_damage,right_door,medium,0.942085,0.546392,0.108108,0.195876
0788.jpeg,crack,rear_bumper,medium,0.648649,0.139175,0.332046,0.144330
0788.jpeg,dent,right_door,low,0.944015,0.770619,0.104247,0.293814
0788.jpeg,dent,front_bumper,medium,0.631274,0.783505,0.266409,0.371134
0788.jpeg,crack,right_door,medium,0.839768,0.533505,0.119691,0.149485
0788.jpeg,dent,rear_bumper,low,0.142857,0.085052,0.100386,0.149485
0788.jpeg,crack,left_door,low,0.042471,0.554124,0.084942,0.654639
0789.jpeg,crack,left_door,high,0.297297,0.438144,0.447876,0.680412
0789.jpeg,paint_damage,side_panel,medium,0.362934,0.546392,0.162162,0.350515
0789.jpeg,paint_damage,left_door,low,0.048263,0.835052,0.096525,0.154639
0789.jpeg,dent,left_door,medium,0.100386,0.474227,0.200772,0.360825
0789.jpeg,dent,rear_bumper,low,0.944015,0.097938,0.104247,0.144330
0790.jpeg,crack,left_door,medium,0.074074,0.350187,0.148148,0.078652
0790.jpeg,crack,roof,medium,0.462963,0.159176,0.925926,0.303371
0790.jpeg,dent,right_door,low,0.865079,0.794007,0.111111,0.059925
0793.jpeg,crack,front_bumper,low,0.797131,0.898058,0.397541,0.087379
0796.jpeg,broken_part,left_door,medium,0.042471,0.865979,0.084942,0.257732
0796.jpeg,crack,front_bumper,medium,0.874517,0.945876,0.243243,0.097938
0796.jpeg,crack,right_door,medium,0.940154,0.252577,0.111969,0.144330
0796.jpeg,dent,right_door,low,0.953668,0.850515,0.061776,0.092784
0797.jpeg,paint_damage,left_door,medium,0.208889,0.457778,0.275556,0.195556
0797.jpeg,paint_damage,windshield,medium,0.280000,0.208889,0.160000,0.124444
0797.jpeg,crack,left_door,high,0.120000,0.231111,0.240000,0.462222
0797.jpeg,crack,front_bumper,medium,0.933333,0.917778,0.124444,0.155556
0797.jpeg,dent,windshield,low,0.695556,0.326667,0.155556,0.155556
0797.jpeg,dent,windshield,low,0.615556,0.226667,0.093333,0.071111
0797.jpeg,dent,rear_bumper,low,0.384444,0.080000,0.217778,0.160000
0797.jpeg,crack,front_bumper,low,0.828889,0.955556,0.075556,0.080000
0798.jpeg,crack,right_door,medium,0.969900,0.866071,0.053512,0.255952
0799.jpeg,dent,rear_bumper,low,0.643678,0.082902,0.176245,0.165803
0799.jpeg,broken_part,rear_bumper,medium,0.879310,0.108808,0.233716,0.217617
0799.jpeg,broken_part,right_door,medium,0.758621,0.510363,0.114943,0.098446
0799.jpeg,dent,windshield,low,0.649425,0.251295,0.118774,0.077720
0800.jpeg,crack,front_bumper,high,0.498239,0.828652,0.996479,0.331461
0801.jpeg,crack,right_door,medium,0.941472,0.717262,0.110368,0.339286
0801.jpeg,dent,left_door,low,0.053512,0.208333,0.066890,0.166667
0801.jpeg,dent,side_panel,low,0.384615,0.556548,0.086957,0.089286
0802.jpeg,dent,left_door,low,0.094595,0.636598,0.158301,0.242268
0802.jpeg,dent,left_door,low,0.054054,0.425258,0.108108,0.180412
0802.jpeg,dent,left_door,low,0.073359,0.515464,0.131274,0.123711
0802.jpeg,dent,rear_bumper,low,0.762548,0.128866,0.096525,0.103093
0803.jpeg,crack,right_door,medium,0.710425,0.417526,0.231660,0.185567
0803.jpeg,crack,right_door,medium,0.953668,0.713918,0.084942,0.097938
0804.jpeg,crack,rear_bumper,medium,0.638996,0.051546,0.135135,0.103093
0804.jpeg,crack,front_bumper,medium,0.498069,0.817010,0.996139,0.355670
0804.jpeg,crack,side_panel,medium,0.635135,0.492268,0.166023,0.108247
0804.jpeg,broken_part,side_panel,medium,0.532819,0.533505,0.324324,0.345361
0805.jpeg,crack,front_bumper,medium,0.747845,0.935484,0.495690,0.119816
0805.jpeg,crack,windshield,medium,0.497845,0.269585,0.995690,0.539171
0805.jpeg,crack,left_door,medium,0.040948,0.746544,0.081897,0.119816
0805.jpeg,crack,left_door,medium,0.131466,0.188940,0.133621,0.119816
0805.jpeg,crack,left_door,medium,0.202586,0.656682,0.405172,0.576037
0805.jpeg,dent,side_panel,medium,0.676724,0.518433,0.198276,0.161290
0805.jpeg,crack,left_door,low,0.081897,0.320276,0.163793,0.096774
0805.jpeg,dent,side_panel,low,0.553879,0.642857,0.176724,0.133641
0805.jpeg,dent,front_bumper,low,0.693966,0.824885,0.258621,0.119816
0806.jpeg,crack,left_door,medium,0.081126,0.646707,0.162252,0.299401
0806.jpeg,crack,front_bumper,medium,0.056291,0.922156,0.112583,0.143713
0806.jpeg,dent,left_door,low,0.052980,0.350299,0.105960,0.101796
0807.jpeg,broken_part,front_bumper,medium,0.613900,0.935567,0.061776,0.118557
0807.jpeg,dent,front_bumper,low,0.739382,0.940722,0.158301,0.108247
0807.jpeg,crack,windshield,medium,0.465251,0.255155,0.166023,0.231959
0807.jpeg,crack,right_door,low,0.727799,0.391753,0.057915,0.092784
0807.jpeg,dent,front_bumper,low,0.722008,0.850515,0.115830,0.113402
0807.jpeg,dent,front_bumper,low,0.654440,0.932990,0.065637,0.082474
0809.jpeg,crack,side_panel,low,0.438224,0.682990,0.212355,0.139175
0809.jpeg,dent,front_bumper,low,0.922780,0.907216,0.146718,0.113402
0811.jpeg,dent,right_door,low,0.959866,0.708333,0.060201,0.130952
0812.jpeg,crack,front_bumper,medium,0.430502,0.878866,0.212355,0.231959
0812.jpeg,dent,front_bumper,medium,0.700772,0.878866,0.281853,0.201031
0813.jpeg,broken_part,front_bumper,medium,0.169014,0.805085,0.338028,0.378531
0813.jpeg,dent,front_bumper,low,0.424296,0.805085,0.095070,0.163842
0814.jpeg,broken_part,front_bumper,medium,0.138996,0.878866,0.277992,0.231959
0814.jpeg,broken_part,left_door,medium,0.206564,0.621134,0.413127,0.500000
0814.jpeg,dent,rear_bumper,low,0.175676,0.054124,0.081081,0.108247
0816.jpeg,paint_damage,front_bumper,low,0.075000,0.945876,0.150000,0.097938
0816.jpeg,paint_damage,front_bumper,medium,0.776923,0.868557,0.438462,0.252577
0817.jpeg,crack,front_bumper,medium,0.121667,0.854167,0.243333,0.279762
0817.jpeg,dent,left_door,low,0.063333,0.556548,0.126667,0.136905
0818.jpeg,dent,right_door,low,0.899614,0.280928,0.092664,0.108247
0818.jpeg,broken_part,left_door,medium,0.036680,0.108247,0.073359,0.216495
0818.jpeg,dent,left_door,low,0.067568,0.876289,0.135135,0.185567
0819.jpeg,crack,rear_bumper,medium,0.900000,0.095628,0.192727,0.191257
0819.jpeg,crack,other_location,medium,0.394545,0.497268,0.672727,0.994536
0819.jpeg,dent,left_door,low,0.060000,0.169399,0.120000,0.251366
0819.jpeg,dent,left_door,medium,0.118182,0.718579,0.236364,0.551913
0819.jpeg,dent,roof,low,0.780000,0.185792,0.127273,0.185792
0819.jpeg,dent,right_door,low,0.781818,0.349727,0.160000,0.174863
0819.jpeg,dent,roof,low,0.689091,0.163934,0.076364,0.131148
0820.jpeg,dent,right_door,medium,0.876448,0.337629,0.239382,0.407216
0820.jpeg,dent,front_bumper,medium,0.803089,0.832474,0.100386,0.097938
0821.jpeg,crack,front_bumper,medium,0.899614,0.858247,0.193050,0.211340
0821.jpeg,dent,front_bumper,low,0.509653,0.881443,0.138996,0.144330
0824.jpeg,dent,front_bumper,medium,0.872881,0.839181,0.206780,0.309942
0825.jpeg,dent,front_bumper,low,0.601818,0.863388,0.069091,0.098361
0826.jpeg,dent,right_door,low,0.887273,0.510929,0.109091,0.136612
0826.jpeg,dent,right_door,medium,0.814545,0.614754,0.363636,0.333333
0829.jpeg,dent,front_bumper,low,0.100386,0.945876,0.123552,0.097938
0829.jpeg,dent,front_bumper,low,0.880309,0.953608,0.177606,0.082474
0830.jpeg,dent,front_bumper,low,0.169884,0.935567,0.061776,0.118557
0830.jpeg,dent,front_bumper,low,0.071429,0.917526,0.142857,0.154639
0832.jpeg,crack,front_bumper,high,0.281818,0.806011,0.563636,0.377049
0832.jpeg,crack,right_door,low,0.821818,0.284153,0.312727,0.131148
0833.jpeg,paint_damage,left_door,low,0.050193,0.750000,0.092664,0.242268
0833.jpeg,paint_damage,left_door,low,0.131274,0.502577,0.092664,0.128866
0834.jpeg,crack,left_door,medium,0.036680,0.693299,0.073359,0.077320
0838.jpeg,dent,front_bumper,low,0.202703,0.956186,0.127413,0.077320
0838.jpeg,paint_damage,left_door,low,0.102317,0.216495,0.204633,0.082474
0838.jpeg,dent,left_door,low,0.279923,0.505155,0.150579,0.082474
0838.jpeg,paint_damage,left_door,low,0.036680,0.559278,0.073359,0.118557
0838.jpeg,dent,front_bumper,low,0.872587,0.884021,0.138996,0.159794
0840.jpeg,crack,left_door,high,0.272201,0.497423,0.544402,0.994845
0840.jpeg,dent,left_door,low,0.245174,0.286082,0.173745,0.221649
0840.jpeg,dent,rear_bumper,low,0.911197,0.123711,0.084942,0.144330
0840.jpeg,dent,front_bumper,medium,0.544402,0.806701,0.193050,0.335052
0840.jpeg,dent,right_door,low,0.872587,0.301546,0.123552,0.149485
0840.jpeg,dent,side_panel,low,0.461390,0.618557,0.073359,0.103093
0841.jpeg,dent,rear_bumper,low,0.102317,0.069588,0.073359,0.118557
0842.jpeg,crack,right_door,medium,0.924710,0.865979,0.142857,0.257732
0842.jpeg,crack,right_door,low,0.862934,0.582474,0.073359,0.082474
0843.jpeg,dent,front_bumper,medium,0.449807,0.845361,0.343629,0.298969
0843.jpeg,dent,side_panel,low,0.347490,0.603093,0.138996,0.134021
0843.jpeg,dent,right_door,low,0.947876,0.610825,0.096525,0.108247
0843.jpeg,dent,side_panel,low,0.571429,0.682990,0.069498,0.097938
0844.jpeg,crack,front_bumper,medium,0.899614,0.922680,0.193050,0.144330
0844.jpeg,crack,right_door,medium,0.891892,0.809278,0.208494,0.329897
0844.jpeg,crack,side_panel,medium,0.032819,0.945876,0.065637,0.097938
0844.jpeg,paint_damage,left_door,medium,0.084942,0.610825,0.169884,0.211340
0845.jpeg,paint_damage,left_door,medium,0.108108,0.350515,0.084942,0.113402
0845.jpeg,crack,front_bumper,medium,0.374517,0.922680,0.393822,0.144330
0848.jpeg,crack,hood,high,0.498069,0.322165,0.996139,0.644330
0848.jpeg,crack,front_bumper,medium,0.909266,0.920103,0.173745,0.149485
0849.jpeg,paint_damage,front_bumper,low,0.940154,0.940722,0.111969,0.108247
0850.jpeg,crack,rear_bumper,medium,0.251761,0.098315,0.130282,0.196629
0850.jpeg,crack,rear_bumper,medium,0.086268,0.106742,0.172535,0.101124
0853.jpeg,crack,front_bumper,low,0.697318,0.898964,0.122605,0.077720
0854.jpeg,crack,right_door,medium,0.952869,0.645631,0.086066,0.291262
0855.jpeg,crack,front_bumper,medium,0.399590,0.854369,0.225410,0.106796
0855.jpeg,dent,right_door,low,0.944672,0.347087,0.102459,0.092233
0855.jpeg,crack,front_bumper,low,0.881148,0.905340,0.229508,0.111650
0856.jpeg,dent,left_door,medium,0.060000,0.806667,0.120000,0.075556
0856.jpeg,dent,front_bumper,medium,0.502222,0.911111,0.302222,0.168889
0856.jpeg,dent,front_bumper,low,0.306667,0.946667,0.106667,0.097778
0856.jpeg,dent,front_bumper,low,0.431111,0.877778,0.080000,0.102222
0856.jpeg,paint_damage,front_bumper,low,0.286667,0.731111,0.262222,0.111111
0857.jpeg,broken_part,side_panel,medium,0.650579,0.695876,0.490347,0.371134
0857.jpeg,dent,right_door,low,0.951737,0.719072,0.088803,0.139175
0857.jpeg,dent,right_door,low,0.951737,0.850515,0.088803,0.164948
0858.jpeg,dent,left_door,low,0.057915,0.891753,0.077220,0.092784
0861.jpeg,dent,right_door,low,0.699275,0.409836,0.072464,0.087432
0862.jpeg,crack,other_location,high,0.498069,0.438144,0.996139,0.649485
0863.jpeg,crack,front_bumper,medium,0.907336,0.891753,0.177606,0.092784
0863.jpeg,broken_part,front_bumper,medium,0.532819,0.840206,0.926641,0.309278
0863.jpeg,dent,right_door,low,0.891892,0.796392,0.208494,0.118557
0865.jpeg,dent,right_door,low,0.954183,0.912935,0.083665,0.164179
0865.jpeg,crack,front_bumper,low,0.619522,0.825871,0.139442,0.139303
0865.jpeg,dent,right_door,low,0.796813,0.273632,0.063745,0.099502
0865.jpeg,dent,left_door,low,0.035857,0.624378,0.071713,0.124378
0866.jpeg,crack,front_bumper,medium,0.463320,0.899485,0.100386,0.097938
0867.jpeg,crack,rear_bumper,medium,0.050909,0.092896,0.101818,0.185792
0867.jpeg,crack,front_bumper,medium,0.280000,0.751366,0.450909,0.245902
0867.jpeg,dent,front_bumper,low,0.820000,0.885246,0.156364,0.120219
0867.jpeg,dent,right_door,low,0.805455,0.754098,0.083636,0.109290
0867.jpeg,crack,left_door,medium,0.200000,0.581967,0.400000,0.114754
0867.jpeg,crack,left_door,medium,0.243636,0.412568,0.487273,0.158470
0869.jpeg,crack,rear_bumper,medium,0.793436,0.051546,0.405405,0.103093
0869.jpeg,broken_part,front_bumper,medium,0.063707,0.902062,0.127413,0.185567
0869.jpeg,dent,left_door,medium,0.254826,0.319588,0.509653,0.639175
0869.jpeg,crack,front_bumper,high,0.268340,0.744845,0.536680,0.500000
0869.jpeg,dent,front_bumper,medium,0.210425,0.904639,0.227799,0.180412
0869.jpeg,dent,right_door,low,0.949807,0.706186,0.092664,0.134021
0870.jpeg,crack,front_bumper,low,0.813525,0.915049,0.364754,0.082524
0872.jpeg,crack,rear_bumper,medium,0.772201,0.095361,0.447876,0.190722
0872.jpeg,dent,front_bumper,low,0.102317,0.914948,0.204633,0.159794
0874.jpeg,dent,left_door,low,0.067568,0.706186,0.135135,0.309278
0874.jpeg,dent,front_bumper,low,0.333977,0.768041,0.081081,0.092784
0875.jpeg,crack,rear_bumper,medium,0.376448,0.085052,0.667954,0.170103
0875.jpeg,crack,left_door,medium,0.088803,0.244845,0.177606,0.386598
0875.jpeg,crack,right_door,medium,0.776062,0.579897,0.401544,0.149485
0875.jpeg,crack,right_door,medium,0.689189,0.644330,0.613900,0.340206
0876.jpeg,dent,front_bumper,medium,0.687273,0.904372,0.189091,0.180328
0877.jpeg,broken_part,windshield,medium,0.693050,0.206186,0.606178,0.412371
0877.jpeg,dent,front_bumper,medium,0.330116,0.873711,0.281853,0.242268
0877.jpeg,dent,left_door,low,0.289575,0.716495,0.061776,0.164948
0878.jpeg,crack,rear_bumper,medium,0.716216,0.072165,0.559846,0.144330
0878.jpeg,crack,front_bumper,medium,0.181467,0.920103,0.362934,0.149485
0878.jpeg,crack,front_bumper,medium,0.478764,0.945876,0.262548,0.097938
0878.jpeg,crack,rear_bumper,medium,0.223938,0.113402,0.138996,0.175258
0878.jpeg,crack,right_door,medium,0.930502,0.502577,0.131274,0.087629
0878.jpeg,crack,rear_bumper,medium,0.133205,0.164948,0.196911,0.329897
0878.jpeg,crack,left_door,medium,0.038610,0.188144,0.077220,0.118557
0878.jpeg,broken_part,side_panel,medium,0.380309,0.713918,0.305019,0.427835
0878.jpeg,dent,left_door,medium,0.173745,0.520619,0.347490,0.628866
0878.jpeg,crack,right_door,medium,0.795367,0.755155,0.401544,0.108247
0878.jpeg,dent,side_panel,low,0.600386,0.412371,0.142857,0.144330
0878.jpeg,dent,front_bumper,medium,0.924710,0.873711,0.142857,0.242268
0878.jpeg,crack,right_door,low,0.706564,0.492268,0.216216,0.108247
0878.jpeg,crack,left_door,medium,0.090734,0.342784,0.127413,0.139175
0881.jpeg,crack,windshield,high,0.497423,0.234615,0.994845,0.469231
0881.jpeg,crack,left_door,medium,0.268041,0.509615,0.536082,0.157692
0881.jpeg,crack,front_bumper,high,0.448454,0.813462,0.762887,0.365385
0881.jpeg,paint_damage,right_door,low,0.917526,0.540385,0.103093,0.080769
0881.jpeg,dent,front_bumper,medium,0.891753,0.890385,0.206186,0.211538
0881.jpeg,crack,side_panel,medium,0.523196,0.398077,0.201031,0.073077
0881.jpeg,crack,right_door,medium,0.770619,0.548077,0.190722,0.073077
0881.jpeg,dent,left_door,low,0.146907,0.400000,0.149485,0.084615
0881.jpeg,crack,left_door,medium,0.108247,0.694231,0.216495,0.157692
0881.jpeg,dent,right_door,medium,0.871134,0.632692,0.247423,0.150000
0881.jpeg,dent,front_bumper,low,0.780928,0.951923,0.108247,0.088462
0881.jpeg,dent,side_panel,low,0.533505,0.640385,0.128866,0.057692
0882.jpeg,crack,right_door,medium,0.902622,0.313830,0.164794,0.138298
0883.jpeg,dent,left_door,medium,0.073359,0.628866,0.146718,0.268041
0886.jpeg,dent,front_bumper,low,0.843636,0.926230,0.130909,0.136612
0886.jpeg,crack,hood,medium,0.314545,0.256831,0.629091,0.513661
0886.jpeg,crack,left_door,medium,0.192727,0.480874,0.385455,0.644809
0887.jpeg,crack,right_door,high,0.785714,0.762887,0.420849,0.463918
0887.jpeg,crack,left_door,medium,0.063707,0.162371,0.127413,0.262887
0887.jpeg,paint_damage,front_bumper,medium,0.283784,0.930412,0.567568,0.128866
0888.jpeg,dent,rear_bumper,low,0.225000,0.065476,0.450000,0.130952
0888.jpeg,dent,hood,low,0.466667,0.330357,0.126667,0.113095
0888.jpeg,dent,side_panel,low,0.478333,0.556548,0.156667,0.136905
0889.jpeg,dent,left_door,low,0.044643,0.906667,0.089286,0.060000
0889.jpeg,dent,front_bumper,low,0.083333,0.968333,0.166667,0.056667
0889.jpeg,paint_damage,rear_bumper,low,0.898810,0.033333,0.142857,0.066667
0889.jpeg,dent,front_bumper,low,0.154762,0.903333,0.130952,0.080000
0889.jpeg,dent,left_door,low,0.104167,0.610000,0.089286,0.080000
0890.jpeg,crack,front_bumper,medium,0.523166,0.935567,0.637066,0.118557
0891.jpeg,crack,right_door,medium,0.907063,0.473262,0.178439,0.262032
0891.jpeg,dent,left_door,low,0.046468,0.200535,0.092937,0.176471
0894.jpeg,crack,rear_bumper,medium,0.343629,0.069588,0.324324,0.139175
0894.jpeg,dent,right_door,medium,0.803089,0.268041,0.386100,0.536082
0894.jpeg,paint_damage,rear_bumper,low,0.119691,0.090206,0.138996,0.118557
0894.jpeg,broken_part,front_bumper,medium,0.594595,0.747423,0.362934,0.391753
0894.jpeg,crack,left_door,low,0.077220,0.731959,0.138996,0.113402
0894.jpeg,dent,windshield,low,0.355212,0.278351,0.347490,0.103093
0895.jpeg,dent,rear_bumper,low,0.892727,0.087432,0.090909,0.174863
0895.jpeg,broken_part,roof,medium,0.565455,0.106557,0.287273,0.213115
0895.jpeg,crack,other_location,medium,0.674545,0.497268,0.643636,0.994536
0895.jpeg,dent,left_door,low,0.312727,0.497268,0.123636,0.153005
0896.jpeg,crack,rear_bumper,medium,0.481203,0.111111,0.263158,0.211640
0896.jpeg,crack,front_bumper,low,0.266917,0.764550,0.142857,0.089947
0897.jpeg,crack,right_door,medium,0.955598,0.783505,0.081081,0.123711
0897.jpeg,dent,front_bumper,medium,0.903475,0.922680,0.185328,0.144330
0897.jpeg,dent,right_door,medium,0.849421,0.731959,0.146718,0.134021
0897.jpeg,dent,left_door,low,0.088803,0.618557,0.131274,0.103093
0897.jpeg,dent,side_panel,low,0.355212,0.677835,0.131274,0.097938
0898.jpeg,dent,rear_bumper,medium,0.919689,0.091954,0.150259,0.183908
0898.jpeg,crack,rear_bumper,medium,0.463731,0.088123,0.533679,0.176245
0898.jpeg,crack,windshield,medium,0.492228,0.252874,0.611399,0.275862
0898.jpeg,dent,front_bumper,low,0.818653,0.810345,0.352332,0.095785
0899.jpeg,crack,front_bumper,medium,0.393140,0.898496,0.195251,0.187970
0899.jpeg,crack,rear_bumper,medium,0.143799,0.154135,0.282322,0.308271
0899.jpeg,crack,windshield,medium,0.715040,0.236842,0.564644,0.473684
0899.jpeg,crack,roof,medium,0.523747,0.184211,0.145119,0.263158
0899.jpeg,dent,side_panel,low,0.658311,0.466165,0.192612,0.330827
0899.jpeg,crack,right_door,medium,0.813984,0.496241,0.229551,0.300752
0900.jpeg,crack,front_bumper,medium,0.123188,0.931694,0.246377,0.125683
0901.jpeg,dent,front_bumper,low,0.370656,0.871134,0.084942,0.154639
0902.jpeg,dent,left_door,medium,0.094545,0.224044,0.189091,0.448087
0903.jpeg,crack,front_bumper,medium,0.706564,0.945876,0.378378,0.097938
0904.jpeg,dent,right_door,medium,0.839768,0.391753,0.312741,0.247423
0905.jpeg,crack,front_bumper,high,0.355212,0.878866,0.710425,0.231959
0905.jpeg,dent,windshield,low,0.673745,0.273196,0.150579,0.123711
0905.jpeg,dent,right_door,low,0.781853,0.270619,0.081081,0.087629
0908.jpeg,dent,front_bumper,low,0.065455,0.942623,0.109091,0.103825
0908.jpeg,dent,right_door,low,0.829091,0.592896,0.138182,0.169399
0908.jpeg,crack,front_bumper,medium,0.330909,0.857923,0.552727,0.273224
0909.jpeg,crack,front_bumper,medium,0.076052,0.947853,0.145631,0.092025
0909.jpeg,crack,front_bumper,low,0.336570,0.920245,0.071197,0.147239
0909.jpeg,dent,hood,low,0.435275,0.371166,0.074434,0.288344
0911.jpeg,crack,left_door,medium,0.045455,0.907104,0.090909,0.120219
0911.jpeg,dent,left_door,medium,0.183636,0.614754,0.105455,0.125683
0911.jpeg,dent,front_bumper,low,0.240000,0.877049,0.080000,0.125683
0911.jpeg,dent,front_bumper,medium,0.247273,0.775956,0.123636,0.284153
0912.jpeg,crack,hood,medium,0.498069,0.286082,0.996139,0.572165
0912.jpeg,crack,left_door,medium,0.077220,0.579897,0.154440,0.293814
0912.jpeg,dent,right_door,medium,0.888031,0.832474,0.154440,0.108247
0912.jpeg,dent,side_panel,low,0.590734,0.567010,0.061776,0.082474
0913.jpeg,crack,front_bumper,medium,0.525097,0.956186,0.138996,0.077320
0913.jpeg,crack,front_bumper,medium,0.542471,0.788660,0.428571,0.412371
0914.jpeg,crack,right_door,medium,0.951031,0.741313,0.087629,0.138996
0914.jpeg,crack,front_bumper,high,0.788660,0.874517,0.412371,0.243243
0914.jpeg,paint_damage,right_door,medium,0.948454,0.138996,0.092784,0.131274
0915.jpeg,crack,rear_bumper,medium,0.730909,0.084699,0.400000,0.169399
0916.jpeg,paint_damage,right_door,medium,0.959459,0.188144,0.073359,0.335052
0916.jpeg,dent,rear_bumper,low,0.592664,0.072165,0.104247,0.144330
0916.jpeg,dent,roof,low,0.828185,0.167526,0.220077,0.335052
0917.jpeg,crack,windshield,high,0.497778,0.271111,0.995556,0.542222
0917.jpeg,crack,front_bumper,high,0.497778,0.731111,0.995556,0.528889
0917.jpeg,paint_damage,right_door,medium,0.880000,0.751111,0.231111,0.097778
0917.jpeg,dent,right_door,low,0.917778,0.653333,0.155556,0.124444
0918.jpeg,dent,roof,low,0.552124,0.141753,0.084942,0.139175
0002.jpeg,dent,front_bumper,low,0.226744,0.936224,0.112403,0.117347
0002.jpeg,dent,front_bumper,low,0.069767,0.926020,0.131783,0.117347
0008.jpeg,crack,left_door,medium,0.097778,0.520000,0.195556,0.080000
0008.jpeg,paint_damage,rear_bumper,medium,0.717778,0.071111,0.555556,0.071111
0014.jpeg,dent,roof,medium,0.665414,0.111111,0.105263,0.222222
0015.jpeg,broken_part,front_bumper,medium,0.150000,0.896907,0.300000,0.195876
0015.jpeg,crack,left_door,medium,0.165385,0.399485,0.107692,0.170103
0015.jpeg,dent,front_bumper,low,0.203846,0.829897,0.107692,0.144330
0015.jpeg,crack,left_door,low,0.090385,0.811856,0.073077,0.077320
0015.jpeg,crack,left_door,low,0.046154,0.762887,0.061538,0.082474
0017.jpeg,broken_part,front_bumper,medium,0.498182,0.918033,0.996364,0.153005
0017.jpeg,crack,right_door,medium,0.969091,0.762295,0.054545,0.158470
0017.jpeg,scratch,front_bumper,high,0.478182,0.756831,0.614545,0.180328
0017.jpeg,dent,front_bumper,low,0.167273,0.920765,0.109091,0.114754
0018.jpeg,broken_part,side_panel,high,0.593066,0.614130,0.551095,0.423913
0018.jpeg,dent,right_door,low,0.879562,0.630435,0.080292,0.108696
0019.jpeg,crack,front_bumper,high,0.720077,0.902062,0.382239,0.185567
0019.jpeg,crack,right_door,high,0.797297,0.757732,0.397683,0.474227
0019.jpeg,crack,left_door,medium,0.075290,0.286082,0.150579,0.077320
0019.jpeg,crack,right_door,medium,0.888031,0.219072,0.216216,0.108247
0019.jpeg,dent,side_panel,low,0.644788,0.585052,0.162162,0.118557
0024.jpeg,crack,right_door,medium,0.788390,0.703704,0.258427,0.148148
0026.jpeg,paint_damage,roof,medium,0.574766,0.125000,0.149533,0.250000
0026.jpeg,dent,rear_bumper,medium,0.264019,0.065678,0.210280,0.131356
0028.jpeg,crack,roof,medium,0.382246,0.114754,0.148551,0.229508
0029.jpeg,dent,front_bumper,low,0.588803,0.943299,0.096525,0.103093
0029.jpeg,crack,front_bumper,medium,0.102317,0.863402,0.204633,0.262887
0029.jpeg,dent,front_bumper,low,0.940154,0.902062,0.111969,0.185567
0029.jpeg,crack,front_bumper,medium,0.416988,0.750000,0.131274,0.128866
0029.jpeg,dent,left_door,medium,0.185328,0.716495,0.177606,0.216495
0029.jpeg,dent,front_bumper,low,0.554054,0.734536,0.096525,0.108247
0029.jpeg,crack,front_bumper,low,0.305019,0.886598,0.092664,0.082474
0031.jpeg,dent,front_bumper,low,0.201439,0.906593,0.223022,0.175824
0034.jpeg,dent,front_bumper,low,0.198842,0.935897,0.173745,0.117949
0034.jpeg,dent,front_bumper,medium,0.749035,0.876923,0.262548,0.235897
0034.jpeg,dent,front_bumper,low,0.924710,0.912821,0.104247,0.164103
0034.jpeg,dent,right_door,low,0.926641,0.730769,0.138996,0.200000
0035.jpeg,crack,left_door,high,0.139098,0.224868,0.278195,0.449735
0035.jpeg,crack,front_bumper,medium,0.498120,0.793651,0.996241,0.402116
0036.jpeg,dent,front_bumper,medium,0.061776,0.938144,0.123552,0.113402
0036.jpeg,crack,front_bumper,medium,0.864865,0.917526,0.177606,0.154639
0036.jpeg,paint_damage,right_door,medium,0.955598,0.703608,0.081081,0.201031
0036.jpeg,crack,front_bumper,low,0.399614,0.845361,0.081081,0.082474
0036.jpeg,crack,front_bumper,low,0.521236,0.912371,0.077220,0.113402
0038.jpeg,dent,rear_bumper,low,0.641732,0.068182,0.102362,0.085859
0042.jpeg,dent,front_bumper,medium,0.181467,0.881443,0.332046,0.226804
0045.jpeg,crack,right_door,low,0.914716,0.419643,0.163880,0.101190
0045.jpeg,dent,right_door,low,0.714047,0.556548,0.070234,0.125000
0049.jpeg,dent,side_panel,low,0.619565,0.469945,0.115942,0.109290
0049.jpeg,dent,side_panel,low,0.429348,0.543716,0.076087,0.114754
0049.jpeg,dent,hood,low,0.349638,0.352459,0.315217,0.114754
0054.jpeg,dent,left_door,low,0.059846,0.788660,0.119691,0.164948
0055.jpeg,broken_part,left_door,medium,0.180000,0.317778,0.360000,0.235556
0055.jpeg,crack,front_bumper,medium,0.635556,0.922222,0.346667,0.146667
0055.jpeg,dent,side_panel,low,0.951111,0.922222,0.088889,0.146667
0055.jpeg,dent,front_bumper,low,0.880000,0.935556,0.168889,0.120000
0055.jpeg,dent,left_door,low,0.064444,0.497778,0.128889,0.133333
0055.jpeg,dent,front_bumper,low,0.344444,0.920000,0.084444,0.106667
0055.jpeg,dent,front_bumper,low,0.451111,0.908889,0.128889,0.137778
0055.jpeg,crack,left_door,low,0.111111,0.820000,0.222222,0.075556
0058.jpeg,crack,rear_bumper,medium,0.359073,0.115979,0.262548,0.159794
0058.jpeg,dent,right_door,medium,0.911197,0.301546,0.169884,0.262887
0060.jpeg,crack,rear_bumper,medium,0.459459,0.051546,0.918919,0.103093
0061.jpeg,crack,front_bumper,high,0.617761,0.917526,0.687259,0.154639
0061.jpeg,crack,right_door,medium,0.893822,0.164948,0.204633,0.329897
0061.jpeg,crack,windshield,high,0.318533,0.211340,0.637066,0.422680
0061.jpeg,dent,front_bumper,medium,0.173745,0.855670,0.347490,0.278351
0061.jpeg,crack,front_bumper,high,0.498069,0.721649,0.996139,0.546392
0061.jpeg,dent,windshield,low,0.660232,0.273196,0.115830,0.103093
0061.jpeg,dent,side_panel,low,0.494208,0.510309,0.123552,0.144330
0061.jpeg,dent,left_door,low,0.055985,0.675258,0.111969,0.113402
0063.jpeg,dent,front_bumper,low,0.298182,0.931694,0.109091,0.125683
0063.jpeg,dent,front_bumper,low,0.076364,0.934426,0.152727,0.120219
0063.jpeg,broken_part,left_door,medium,0.100000,0.655738,0.200000,0.546448
0063.jpeg,dent,front_bumper,low,0.205455,0.887978,0.083636,0.081967
0064.jpeg,crack,front_bumper,high,0.498120,0.886243,0.996241,0.216931
0064.jpeg,crack,other_location,medium,0.543233,0.375661,0.906015,0.751323
0064.jpeg,dent,right_door,low,0.911654,0.269841,0.071429,0.169312
0064.jpeg,dent,left_door,medium,0.184211,0.616402,0.368421,0.502646
0064.jpeg,dent,right_door,low,0.731203,0.695767,0.191729,0.269841
0065.jpeg,crack,hood,high,0.498069,0.255155,0.996139,0.510309
0065.jpeg,crack,front_bumper,high,0.498069,0.847938,0.996139,0.293814
0065.jpeg,crack,right_door,high,0.710425,0.621134,0.571429,0.551546
0065.jpeg,crack,rear_bumper,medium,0.851351,0.090206,0.119691,0.108247
0065.jpeg,crack,front_bumper,medium,0.316602,0.762887,0.548263,0.216495
0069.jpeg,dent,front_bumper,low,0.878846,0.943299,0.150000,0.103093
0069.jpeg,paint_damage,front_bumper,medium,0.580769,0.855670,0.084615,0.113402
0070.jpeg,crack,front_bumper,medium,0.126482,0.947236,0.252964,0.095477
0071.jpeg,broken_part,left_door,high,0.169960,0.510050,0.339921,0.517588
0072.jpeg,broken_part,front_bumper,medium,0.614545,0.786885,0.189091,0.295082
0072.jpeg,crack,left_door,medium,0.243636,0.314208,0.174545,0.092896
0072.jpeg,broken_part,windshield,medium,0.338182,0.213115,0.123636,0.142077
0074.jpeg,dent,front_bumper,low,0.548263,0.873711,0.077220,0.242268
0074.jpeg,crack,right_door,medium,0.936293,0.286082,0.119691,0.097938
0074.jpeg,crack,side_panel,medium,0.642857,0.654639,0.158301,0.680412
0078.jpeg,crack,front_bumper,high,0.285714,0.722561,0.571429,0.542683
0078.jpeg,dent,front_bumper,low,0.855519,0.902439,0.061688,0.097561
0078.jpeg,dent,front_bumper,low,0.790584,0.899390,0.055195,0.115854
0080.jpeg,dent,side_panel,low,0.967742,0.076687,0.058065,0.153374
0081.jpeg,crack,left_door,medium,0.036667,0.836310,0.073333,0.315476
0081.jpeg,broken_part,front_bumper,medium,0.905000,0.895833,0.183333,0.196429
0081.jpeg,dent,rear_bumper,medium,0.903333,0.119048,0.186667,0.190476
0081.jpeg,crack,right_door,medium,0.963333,0.321429,0.053333,0.130952
0082.jpeg,crack,front_bumper,medium,0.164179,0.877660,0.328358,0.170213
0083.jpeg,crack,other_location,high,0.497642,0.703782,0.995283,0.584034
0083.jpeg,crack,hood,medium,0.422170,0.336134,0.089623,0.235294
0083.jpeg,crack,rear_bumper,medium,0.375000,0.102941,0.136792,0.205882
0084.jpeg,crack,right_door,medium,0.915058,0.319588,0.162162,0.247423
0084.jpeg,dent,front_bumper,medium,0.361004,0.757732,0.250965,0.175258
0089.jpeg,crack,rear_bumper,medium,0.140152,0.078534,0.189394,0.157068
0089.jpeg,crack,left_door,medium,0.115530,0.654450,0.231061,0.188482
0091.jpeg,paint_damage,right_door,medium,0.949814,0.781915,0.092937,0.117021
0091.jpeg,dent,right_door,low,0.894052,0.853723,0.092937,0.111702
0091.jpeg,dent,rear_bumper,low,0.120818,0.101064,0.085502,0.085106
0092.jpeg,crack,left_door,medium,0.106667,0.733333,0.213333,0.151111
0092.jpeg,dent,front_bumper,medium,0.333333,0.846667,0.071111,0.120000
0093.jpeg,crack,front_bumper,medium,0.276846,0.863905,0.399329,0.260355
0093.jpeg,dent,front_bumper,medium,0.743289,0.810651,0.271812,0.260355
0093.jpeg,dent,left_door,low,0.077181,0.707101,0.107383,0.100592
0095.jpeg,dent,front_bumper,low,0.672535,0.935028,0.140845,0.118644
0095.jpeg,dent,front_bumper,medium,0.794014,0.838983,0.186620,0.310734
0095.jpeg,crack,right_door,medium,0.913732,0.720339,0.165493,0.242938
0095.jpeg,broken_part,front_bumper,medium,0.943662,0.906780,0.105634,0.175141
0095.jpeg,dent,left_door,low,0.073944,0.788136,0.147887,0.265537
0095.jpeg,dent,front_bumper,medium,0.311620,0.892655,0.623239,0.203390
0098.jpeg,crack,front_bumper,medium,0.073359,0.917526,0.138996,0.154639
0099.jpeg,dent,front_bumper,low,0.734615,0.943299,0.092308,0.103093
0100.jpeg,dent,rear_bumper,low,0.722008,0.085052,0.123552,0.097938
0101.jpeg,broken_part,roof,high,0.300000,0.148889,0.466667,0.297778
0101.jpeg,paint_damage,front_bumper,high,0.386667,0.786667,0.773333,0.417778
0101.jpeg,crack,rear_bumper,medium,0.524444,0.035556,0.168889,0.071111
0101.jpeg,paint_damage,other_location,medium,0.473333,0.420000,0.946667,0.777778
0101.jpeg,paint_damage,left_door,low,0.062222,0.893333,0.124444,0.160000
0101.jpeg,dent,right_door,low,0.935556,0.686667,0.120000,0.137778
0101.jpeg,dent,right_door,low,0.951111,0.573333,0.088889,0.071111
0101.jpeg,dent,rear_bumper,low,0.057778,0.086667,0.115556,0.173333
0101.jpeg,dent,right_door,low,0.906667,0.622222,0.080000,0.088889
0101.jpeg,dent,hood,low,0.553333,0.368889,0.182222,0.151111
0101.jpeg,dent,right_door,low,0.884444,0.246667,0.222222,0.208889
0102.jpeg,dent,rear_bumper,low,0.404639,0.057692,0.118557,0.107692
0103.jpeg,crack,right_door,medium,0.841699,0.662371,0.308880,0.572165
0103.jpeg,dent,front_bumper,medium,0.521236,0.922680,0.625483,0.144330
0104.jpeg,crack,left_door,medium,0.038610,0.110825,0.077220,0.159794
0104.jpeg,paint_damage,right_door,medium,0.945946,0.134021,0.100386,0.268041
0104.jpeg,crack,rear_bumper,medium,0.131274,0.108247,0.262548,0.216495
0105.jpeg,paint_damage,front_bumper,medium,0.486486,0.786082,0.154440,0.118557
0105.jpeg,paint_damage,side_panel,low,0.359073,0.546392,0.100386,0.123711
0105.jpeg,paint_damage,front_bumper,low,0.372587,0.780928,0.119691,0.283505
0105.jpeg,crack,left_door,medium,0.235521,0.561856,0.069498,0.092784
0107.jpeg,dent,rear_bumper,low,0.431227,0.077128,0.104089,0.090426
0108.jpeg,dent,rear_bumper,low,0.143836,0.043605,0.123288,0.087209
0108.jpeg,paint_damage,left_door,low,0.073630,0.848837,0.092466,0.127907
0110.jpeg,crack,rear_bumper,medium,0.850962,0.059671,0.288462,0.119342
0110.jpeg,crack,rear_bumper,medium,0.228365,0.063786,0.187500,0.127572
0110.jpeg,crack,front_bumper,medium,0.377404,0.736626,0.341346,0.148148
0110.jpeg,crack,side_panel,medium,0.466346,0.662551,0.336538,0.238683
0110.jpeg,crack,left_door,low,0.149038,0.337449,0.153846,0.172840
0114.jpeg,crack,roof,medium,0.583012,0.136598,0.826255,0.273196
0114.jpeg,crack,side_panel,medium,0.683398,0.463918,0.247104,0.144330
0114.jpeg,crack,windshield,low,0.565637,0.301546,0.081081,0.087629
0114.jpeg,dent,right_door,medium,0.936293,0.172680,0.119691,0.262887
0114.jpeg,dent,side_panel,medium,0.330116,0.556701,0.436293,0.618557
0114.jpeg,dent,side_panel,low,0.538610,0.463918,0.065637,0.113402
0114.jpeg,broken_part,right_door,medium,0.772201,0.636598,0.146718,0.262887
0114.jpeg,crack,front_bumper,low,0.306950,0.773196,0.104247,0.113402
0114.jpeg,crack,side_panel,low,0.615830,0.525773,0.096525,0.113402
0114.jpeg,crack,front_bumper,low,0.476834,0.822165,0.166023,0.077320
0114.jpeg,crack,left_door,low,0.129344,0.293814,0.258687,0.082474
0116.jpeg,crack,right_door,medium,0.957249,0.231383,0.078067,0.154255
0116.jpeg,crack,rear_bumper,medium,0.206320,0.090426,0.085502,0.085106
0116.jpeg,dent,left_door,low,0.029740,0.401596,0.059480,0.111702
0116.jpeg,dent,roof,low,0.146840,0.183511,0.293680,0.132979
0117.jpeg,dent,left_door,low,0.098113,0.844737,0.075472,0.089474
0118.jpeg,dent,side_panel,low,0.950909,0.920765,0.090909,0.147541
0118.jpeg,dent,right_door,low,0.952727,0.781421,0.087273,0.131148
0122.jpeg,dent,side_panel,low,0.642086,0.590659,0.061151,0.126374
0123.jpeg,dent,front_bumper,low,0.177258,0.914201,0.140468,0.159763
0123.jpeg,dent,left_door,low,0.269231,0.689349,0.076923,0.100592
0123.jpeg,dent,left_door,low,0.140468,0.739645,0.107023,0.142012
0126.jpeg,crack,right_door,medium,0.957529,0.128866,0.077220,0.257732
0126.jpeg,dent,front_bumper,low,0.310811,0.930412,0.127413,0.128866
0126.jpeg,dent,side_panel,low,0.055985,0.956186,0.111969,0.077320
0126.jpeg,dent,left_door,low,0.057915,0.863402,0.115830,0.097938
0126.jpeg,dent,front_bumper,low,0.463320,0.904639,0.169884,0.159794
0128.jpeg,paint_damage,right_door,medium,0.924710,0.817010,0.142857,0.128866
0129.jpeg,crack,front_bumper,medium,0.895753,0.914948,0.200772,0.159794
0130.jpeg,crack,front_bumper,medium,0.718147,0.858247,0.555985,0.273196
0130.jpeg,dent,roof,medium,0.779923,0.170103,0.432432,0.340206
0130.jpeg,broken_part,front_bumper,medium,0.420849,0.945876,0.123552,0.097938
0130.jpeg,dent,side_panel,medium,0.407336,0.664948,0.243243,0.329897
0130.jpeg,dent,right_door,low,0.837838,0.402062,0.193050,0.154639
0130.jpeg,dent,windshield,medium,0.287645,0.206186,0.258687,0.175258
0130.jpeg,dent,right_door,low,0.731660,0.332474,0.088803,0.118557
0131.jpeg,crack,rear_bumper,medium,0.602317,0.056701,0.301158,0.092784
0132.jpeg,crack,rear_bumper,medium,0.192737,0.129893,0.385475,0.110320
0134.jpeg,crack,front_bumper,high,0.372587,0.827320,0.745174,0.335052
0134.jpeg,dent,front_bumper,low,0.820463,0.945876,0.127413,0.097938
0134.jpeg,paint_damage,right_door,medium,0.824324,0.497423,0.343629,0.314433
0134.jpeg,crack,front_bumper,medium,0.714286,0.842784,0.208494,0.170103
0134.jpeg,dent,left_door,low,0.194981,0.698454,0.081081,0.108247
0134.jpeg,dent,left_door,low,0.030888,0.634021,0.061776,0.082474
0134.jpeg,dent,left_door,low,0.274131,0.739691,0.146718,0.108247
0136.jpeg,crack,other_location,high,0.497423,0.359615,0.994845,0.719231
0136.jpeg,crack,side_panel,medium,0.422680,0.617308,0.360825,0.226923
0136.jpeg,crack,right_door,medium,0.858247,0.721154,0.273196,0.319231
0137.jpeg,broken_part,front_bumper,medium,0.837209,0.938462,0.155039,0.112821
0137.jpeg,paint_damage,side_panel,low,0.343023,0.707692,0.096899,0.082051
0137.jpeg,crack,front_bumper,medium,0.827519,0.835897,0.337209,0.184615
0137.jpeg,paint_damage,side_panel,low,0.616279,0.446154,0.100775,0.123077
0137.jpeg,dent,front_bumper,low,0.265504,0.810256,0.096899,0.174359
0137.jpeg,broken_part,front_bumper,low,0.383721,0.876923,0.139535,0.082051
0139.jpeg,paint_damage,left_door,low,0.111969,0.332474,0.108108,0.139175
0139.jpeg,dent,right_door,low,0.945946,0.505155,0.100386,0.082474
0140.jpeg,dent,right_door,medium,0.959459,0.819588,0.073359,0.134021
0142.jpeg,crack,front_bumper,medium,0.695652,0.882514,0.224638,0.224044
0142.jpeg,dent,front_bumper,medium,0.561594,0.939891,0.072464,0.109290
0143.jpeg,dent,side_panel,low,0.328846,0.595361,0.126923,0.159794
0150.jpeg,crack,other_location,high,0.498201,0.356354,0.996403,0.712707
0150.jpeg,paint_damage,windshield,low,0.645683,0.232044,0.104317,0.187845
0150.jpeg,dent,front_bumper,medium,0.607914,0.776243,0.338129,0.436464
0150.jpeg,dent,right_door,low,0.906475,0.740331,0.179856,0.198895
0150.jpeg,paint_damage,right_door,low,0.803957,0.613260,0.125899,0.099448
0150.jpeg,paint_damage,front_bumper,low,0.392086,0.839779,0.122302,0.110497
0150.jpeg,dent,left_door,low,0.113309,0.726519,0.226619,0.436464
0152.jpeg,dent,front_bumper,low,0.886100,0.953608,0.096525,0.082474
0152.jpeg,dent,side_panel,low,0.965251,0.938144,0.061776,0.113402
0152.jpeg,dent,right_door,low,0.833977,0.762887,0.277992,0.309278
0152.jpeg,dent,front_bumper,low,0.625483,0.819588,0.131274,0.123711
0153.jpeg,crack,front_bumper,medium,0.743243,0.798969,0.505792,0.391753
0153.jpeg,crack,front_bumper,medium,0.403475,0.886598,0.127413,0.082474
0153.jpeg,crack,right_door,medium,0.951737,0.610825,0.088803,0.139175
0153.jpeg,dent,left_door,low,0.040541,0.840206,0.081081,0.144330
0153.jpeg,dent,right_door,low,0.947876,0.729381,0.096525,0.087629
0156.jpeg,crack,right_door,high,0.872587,0.188144,0.247104,0.376289
0156.jpeg,dent,right_door,medium,0.942085,0.626289,0.108108,0.252577
0156.jpeg,dent,front_bumper,medium,0.679537,0.744845,0.393822,0.500000
0156.jpeg,dent,front_bumper,low,0.592664,0.899485,0.104247,0.170103
0156.jpeg,dent,right_door,medium,0.793436,0.396907,0.212355,0.340206
0157.jpeg,crack,front_bumper,medium,0.138462,0.896907,0.276923,0.195876
0157.jpeg,crack,front_bumper,medium,0.828846,0.925258,0.103846,0.139175
0157.jpeg,crack,right_door,medium,0.913462,0.845361,0.165385,0.247423
0157.jpeg,dent,windshield,low,0.276923,0.273196,0.069231,0.164948
0157.jpeg,dent,left_door,low,0.217308,0.402062,0.096154,0.113402
0158.jpeg,dent,front_bumper,medium,0.916988,0.860825,0.158301,0.268041
0159.jpeg,crack,front_bumper,medium,0.707273,0.857923,0.120000,0.120219
0159.jpeg,crack,front_bumper,medium,0.447273,0.877049,0.429091,0.114754
0160.jpeg,crack,rear_bumper,medium,0.932692,0.115979,0.126923,0.231959
0160.jpeg,crack,rear_bumper,medium,0.588462,0.048969,0.315385,0.097938
0160.jpeg,dent,rear_bumper,low,0.798077,0.100515,0.080769,0.201031
0161.jpeg,crack,left_door,medium,0.201031,0.617761,0.206186,0.316602
0161.jpeg,crack,rear_bumper,medium,0.701031,0.028958,0.113402,0.057915
0161.jpeg,crack,front_bumper,medium,0.559278,0.897683,0.149485,0.119691
0161.jpeg,dent,side_panel,medium,0.603093,0.538610,0.268041,0.335907
0166.jpeg,dent,front_bumper,low,0.936538,0.943299,0.119231,0.103093
0166.jpeg,dent,right_door,low,0.942308,0.809278,0.092308,0.103093
0170.jpeg,dent,rear_bumper,low,0.078671,0.116477,0.157343,0.210227
0170.jpeg,dent,front_bumper,low,0.743007,0.849432,0.059441,0.119318
0171.jpeg,crack,front_bumper,high,0.694981,0.798969,0.602317,0.391753
0171.jpeg,paint_damage,left_door,medium,0.036680,0.283505,0.073359,0.123711
0171.jpeg,dent,right_door,low,0.949807,0.920103,0.084942,0.118557
0171.jpeg,dent,front_bumper,medium,0.335907,0.845361,0.185328,0.298969
0171.jpeg,paint_damage,side_panel,medium,0.613900,0.456186,0.131274,0.108247
0171.jpeg,paint_damage,right_door,medium,0.766409,0.404639,0.235521,0.293814
0171.jpeg,crack,front_bumper,medium,0.270270,0.922680,0.123552,0.144330
0173.jpeg,paint_damage,front_bumper,low,0.152542,0.926901,0.305085,0.134503
0173.jpeg,dent,rear_bumper,low,0.054237,0.076023,0.108475,0.116959
0174.jpeg,paint_damage,right_door,medium,0.922780,0.242268,0.146718,0.164948
0174.jpeg,crack,front_bumper,medium,0.602317,0.868557,0.185328,0.118557
0174.jpeg,dent,front_bumper,low,0.747104,0.881443,0.111969,0.103093
0175.jpeg,crack,left_door,medium,0.152510,0.649485,0.274131,0.175258
0178.jpeg,dent,front_bumper,low,0.901544,0.927835,0.142857,0.134021
0178.jpeg,dent,front_bumper,low,0.644788,0.909794,0.115830,0.170103
0179.jpeg,crack,left_door,medium,0.061856,0.760618,0.123711,0.254826
0179.jpeg,dent,rear_bumper,low,0.631443,0.075290,0.108247,0.088803
0181.jpeg,crack,front_bumper,medium,0.172101,0.868852,0.344203,0.229508
0181.jpeg,paint_damage,front_bumper,low,0.385870,0.713115,0.097826,0.081967
0182.jpeg,dent,front_bumper,low,0.445946,0.927835,0.127413,0.134021
0185.jpeg,crack,front_bumper,medium,0.918919,0.881443,0.154440,0.226804
0187.jpeg,dent,left_door,low,0.211268,0.621469,0.056338,0.112994
0188.jpeg,crack,rear_bumper,high,0.287273,0.109290,0.574545,0.218579
0189.jpeg,crack,rear_bumper,high,0.614545,0.068306,0.763636,0.136612
0189.jpeg,paint_damage,rear_bumper,medium,0.198182,0.103825,0.141818,0.207650
0191.jpeg,dent,front_bumper,low,0.590301,0.907738,0.110368,0.172619
0192.jpeg,crack,right_door,medium,0.903475,0.185567,0.185328,0.371134
0192.jpeg,crack,left_door,high,0.222008,0.389175,0.289575,0.520619
0192.jpeg,dent,right_door,medium,0.907336,0.713918,0.177606,0.324742
0192.jpeg,dent,front_bumper,medium,0.432432,0.724227,0.208494,0.293814
0192.jpeg,dent,left_door,low,0.287645,0.667526,0.065637,0.077320
0193.jpeg,crack,right_door,high,0.814672,0.497423,0.362934,0.994845
0193.jpeg,crack,other_location,high,0.368726,0.476804,0.737452,0.953608
0193.jpeg,crack,left_door,low,0.140927,0.626289,0.104247,0.149485
0193.jpeg,paint_damage,front_bumper,low,0.411197,0.835052,0.088803,0.113402
0193.jpeg,dent,left_door,low,0.189189,0.750000,0.084942,0.128866
0193.jpeg,crack,right_door,medium,0.754826,0.288660,0.111969,0.185567
0194.jpeg,dent,rear_bumper,low,0.936293,0.095361,0.119691,0.190722
0195.jpeg,dent,left_door,medium,0.083012,0.190722,0.166023,0.278351
0197.jpeg,dent,front_bumper,low,0.149485,0.922780,0.298969,0.146718
0197.jpeg,crack,other_location,high,0.497423,0.345560,0.994845,0.691120
0197.jpeg,dent,front_bumper,medium,0.791237,0.915058,0.407216,0.162162
0197.jpeg,crack,front_bumper,low,0.458763,0.940154,0.350515,0.111969
0197.jpeg,dent,front_bumper,low,0.252577,0.959459,0.103093,0.073359
0197.jpeg,dent,front_bumper,low,0.162371,0.868726,0.128866,0.061776
0199.jpeg,crack,rear_bumper,medium,0.081081,0.048969,0.146718,0.097938
0199.jpeg,dent,front_bumper,low,0.621622,0.935567,0.077220,0.077320
0201.jpeg,paint_damage,side_panel,medium,0.051923,0.943299,0.103846,0.103093
0204.jpeg,dent,front_bumper,low,0.169091,0.912568,0.141818,0.163934
0204.jpeg,dent,front_bumper,low,0.058182,0.901639,0.116364,0.185792
0204.jpeg,dent,rear_bumper,low,0.069091,0.073770,0.080000,0.081967
0204.jpeg,paint_damage,roof,low,0.569091,0.202186,0.105455,0.087432
0204.jpeg,dent,right_door,low,0.958182,0.890710,0.076364,0.153005
0204.jpeg,dent,front_bumper,low,0.492727,0.909836,0.098182,0.158470
0204.jpeg,dent,front_bumper,low,0.792727,0.912568,0.116364,0.163934
0204.jpeg,dent,front_bumper,low,0.441818,0.893443,0.061818,0.103825
0205.jpeg,dent,front_bumper,medium,0.464758,0.770270,0.224670,0.333333
0205.jpeg,crack,front_bumper,medium,0.118943,0.936937,0.237885,0.117117
0207.jpeg,broken_part,front_bumper,medium,0.172727,0.896175,0.178182,0.196721
0207.jpeg,dent,front_bumper,low,0.058182,0.926230,0.072727,0.136612
0207.jpeg,crack,left_door,medium,0.049091,0.155738,0.098182,0.114754
0209.jpeg,crack,windshield,high,0.247273,0.226776,0.494545,0.453552
0209.jpeg,crack,front_bumper,medium,0.629091,0.950820,0.174545,0.087432
0209.jpeg,crack,rear_bumper,high,0.645455,0.079235,0.701818,0.158470
0209.jpeg,dent,windshield,medium,0.525455,0.232240,0.112727,0.224044
0209.jpeg,dent,side_panel,low,0.356364,0.549180,0.138182,0.092896
0209.jpeg,crack,rear_bumper,low,0.376364,0.084699,0.069091,0.092896
0209.jpeg,dent,rear_bumper,low,0.929091,0.090164,0.134545,0.081967
0210.jpeg,crack,left_door,low,0.049213,0.459596,0.098425,0.141414
0215.jpeg,crack,right_door,medium,0.961390,0.180412,0.069498,0.319588
0215.jpeg,crack,left_door,medium,0.249035,0.682990,0.081081,0.077320
0216.jpeg,crack,front_bumper,medium,0.776062,0.899485,0.440154,0.190722
0216.jpeg,crack,front_bumper,medium,0.210425,0.868557,0.420849,0.252577
0216.jpeg,dent,left_door,low,0.048263,0.701031,0.096525,0.103093
0216.jpeg,dent,front_bumper,low,0.500000,0.907216,0.088803,0.113402
0218.jpeg,dent,front_bumper,low,0.426641,0.737113,0.073359,0.082474
0222.jpeg,crack,roof,high,0.678333,0.190476,0.563333,0.380952
0222.jpeg,crack,rear_bumper,medium,0.076667,0.050595,0.153333,0.101190
0222.jpeg,dent,left_door,medium,0.076667,0.648810,0.153333,0.690476
0222.jpeg,dent,left_door,low,0.125000,0.705357,0.063333,0.160714
0226.jpeg,crack,right_door,medium,0.938182,0.833333,0.116364,0.180328
0226.jpeg,paint_damage,left_door,low,0.027273,0.226776,0.054545,0.224044
0226.jpeg,dent,right_door,low,0.918182,0.655738,0.156364,0.163934
0227.jpeg,crack,left_door,medium,0.189189,0.636598,0.138996,0.180412
0229.jpeg,dent,rear_bumper,low,0.337838,0.056701,0.088803,0.113402
0229.jpeg,dent,right_door,low,0.832046,0.621134,0.104247,0.118557
0229.jpeg,crack,right_door,medium,0.859073,0.335052,0.220077,0.123711
0229.jpeg,dent,left_door,low,0.038610,0.399485,0.077220,0.097938
0230.jpeg,crack,front_bumper,medium,0.368726,0.878866,0.297297,0.231959
0003.jpeg,crack,side_panel,low,0.470199,0.667665,0.112583,0.125749
0004.jpeg,dent,front_bumper,low,0.810345,0.943005,0.080460,0.103627
0004.jpeg,dent,front_bumper,low,0.691571,0.919689,0.141762,0.139896
0005.jpeg,dent,front_bumper,medium,0.845560,0.835052,0.301158,0.319588
0005.jpeg,crack,right_door,low,0.953668,0.613402,0.077220,0.103093
0006.jpeg,dent,roof,medium,0.167273,0.150273,0.334545,0.300546
0010.jpeg,crack,left_door,medium,0.101818,0.789617,0.203636,0.409836
0010.jpeg,crack,front_bumper,medium,0.823636,0.827869,0.061818,0.092896
0011.jpeg,dent,rear_bumper,low,0.451389,0.057143,0.111111,0.114286
0011.jpeg,crack,rear_bumper,medium,0.147569,0.162857,0.295139,0.120000
0016.jpeg,dent,front_bumper,low,0.085455,0.942623,0.076364,0.103825
0016.jpeg,crack,roof,high,0.498182,0.183060,0.996364,0.366120
0022.jpeg,dent,front_bumper,low,0.557915,0.956186,0.505792,0.077320
0022.jpeg,dent,front_bumper,low,0.922780,0.884021,0.146718,0.118557
0027.jpeg,dent,front_bumper,low,0.235521,0.922680,0.316602,0.144330
0027.jpeg,crack,right_door,medium,0.926641,0.324742,0.084942,0.195876
0027.jpeg,crack,right_door,low,0.884170,0.185567,0.092664,0.082474
0027.jpeg,dent,left_door,low,0.040541,0.904639,0.081081,0.128866
0027.jpeg,dent,front_bumper,low,0.175676,0.855670,0.096525,0.113402
0032.jpeg,crack,front_bumper,medium,0.793375,0.842767,0.104101,0.113208
0032.jpeg,dent,front_bumper,medium,0.542587,0.732704,0.227129,0.446541
0032.jpeg,dent,side_panel,low,0.555205,0.481132,0.107256,0.169811
0033.jpeg,dent,front_bumper,low,0.574205,0.837079,0.123675,0.134831
0039.jpeg,crack,front_bumper,medium,0.071186,0.935673,0.142373,0.116959
0043.jpeg,dent,windshield,low,0.293878,0.263415,0.130612,0.087805
0043.jpeg,dent,side_panel,low,0.938776,0.958537,0.114286,0.073171
0043.jpeg,crack,windshield,medium,0.359184,0.278049,0.097959,0.078049
0043.jpeg,broken_part,roof,medium,0.616327,0.175610,0.073469,0.136585
0047.jpeg,dent,windshield,medium,0.366795,0.234536,0.100386,0.252577
0047.jpeg,dent,right_door,low,0.706564,0.659794,0.162162,0.144330
0052.jpeg,paint_damage,front_bumper,low,0.594203,0.953552,0.130435,0.081967
0059.jpeg,dent,front_bumper,low,0.826460,0.904624,0.072165,0.179191
0068.jpeg,crack,front_bumper,low,0.177258,0.860119,0.073579,0.267857
0073.jpeg,dent,front_bumper,low,0.376289,0.801158,0.144330,0.096525
0085.jpeg,crack,right_door,medium,0.963636,0.172131,0.065455,0.136612
0086.jpeg,dent,right_door,low,0.958182,0.349727,0.076364,0.087432
0086.jpeg,dent,front_bumper,low,0.823636,0.934426,0.061818,0.109290
0088.jpeg,paint_damage,right_door,medium,0.946970,0.392670,0.098485,0.146597
0106.jpeg,crack,front_bumper,medium,0.918919,0.902062,0.154440,0.185567
0106.jpeg,dent,front_bumper,medium,0.507722,0.814433,0.320463,0.309278
0106.jpeg,paint_damage,right_door,medium,0.791506,0.729381,0.154440,0.345361
0106.jpeg,paint_damage,right_door,medium,0.882239,0.427835,0.227799,0.371134
0106.jpeg,paint_damage,front_bumper,low,0.669884,0.840206,0.096525,0.154639
0106.jpeg,crack,left_door,low,0.052124,0.907216,0.104247,0.123711
0106.jpeg,crack,right_door,medium,0.918919,0.554124,0.154440,0.231959
0119.jpeg,dent,front_bumper,low,0.874517,0.881443,0.104247,0.175258
0120.jpeg,crack,rear_bumper,medium,0.924528,0.065789,0.143396,0.131579
0120.jpeg,dent,rear_bumper,low,0.826415,0.147368,0.090566,0.094737
0121.jpeg,crack,front_bumper,low,0.359073,0.943299,0.162162,0.103093
0121.jpeg,paint_damage,side_panel,medium,0.048263,0.938144,0.096525,0.113402
0121.jpeg,dent,front_bumper,low,0.577220,0.945876,0.073359,0.097938
0121.jpeg,crack,left_door,medium,0.032819,0.804124,0.065637,0.175258
0121.jpeg,broken_part,front_bumper,high,0.586873,0.829897,0.370656,0.329897
0135.jpeg,dent,right_door,low,0.947876,0.778351,0.096525,0.082474
0135.jpeg,dent,right_door,low,0.822394,0.533505,0.061776,0.118557
0146.jpeg,dent,front_bumper,low,0.277992,0.780928,0.100386,0.097938
0146.jpeg,dent,rear_bumper,low,0.584942,0.123711,0.088803,0.092784
0149.jpeg,paint_damage,front_bumper,medium,0.878327,0.879581,0.235741,0.157068
0149.jpeg,paint_damage,front_bumper,low,0.515209,0.887435,0.148289,0.204188
0149.jpeg,paint_damage,right_door,low,0.893536,0.790576,0.205323,0.094241
0155.jpeg,crack,front_bumper,medium,0.166023,0.914948,0.332046,0.159794
0167.jpeg,crack,rear_bumper,medium,0.223938,0.059278,0.092664,0.118557
0169.jpeg,paint_damage,rear_bumper,low,0.808333,0.104167,0.116667,0.089286
0169.jpeg,dent,left_door,low,0.086667,0.711310,0.100000,0.136905
0177.jpeg,dent,front_bumper,low,0.156690,0.847458,0.102113,0.146893
0196.jpeg,crack,side_panel,medium,0.030100,0.943452,0.060201,0.101190
0213.jpeg,crack,front_bumper,low,0.914716,0.889881,0.163880,0.089286
0214.jpeg,crack,front_bumper,high,0.452797,0.897727,0.905594,0.193182
0214.jpeg,dent,rear_bumper,low,0.164336,0.045455,0.069930,0.090909
0214.jpeg,dent,left_door,low,0.064685,0.803977,0.129371,0.130682
0217.jpeg,crack,rear_bumper,medium,0.120000,0.107143,0.240000,0.196429
0217.jpeg,paint_damage,right_door,low,0.926667,0.736607,0.137778,0.080357
0217.jpeg,paint_damage,front_bumper,medium,0.582222,0.875000,0.115556,0.089286
0223.jpeg,dent,front_bumper,low,0.619691,0.948454,0.119691,0.092784
0223.jpeg,crack,front_bumper,low,0.276062,0.927835,0.212355,0.134021
0228.jpeg,broken_part,front_bumper,high,0.623552,0.847938,0.467181,0.293814
0228.jpeg,dent,front_bumper,low,0.262548,0.886598,0.115830,0.082474
